{"Abilities": {"Alternate": {"Cooldown": [8.0, 8.0, 8.0, 8.0], "Cost": [-60.0, -60.0, -60.0, -60.0], "DamageBonusPCT": [0.75, 1.0, 1.25, 1.5], "Range": [1050.0, 1050.0, 1050.0, 1050.0], "ARC": [0.0, 0.0, 0.0, 0.0], "BasePower": [0.0, 0.0, 0.0, 0.0]}, "Primary": {"Cooldown": [8.0, 8.0, 8.0, 8.0], "Cost": [-40.0, -40.0, -40.0, -40.0], "Shield.Duration": [2.0, 2.0, 2.0, 2.0], "Shield.Magnitude": [125.0, 225.0, 325.0, 425.0], "ARC": [0.0, 0.0, 0.0, 0.0], "BasePower": [0.0, 0.0, 0.0, 0.0]}, "Secondary": {"Cooldown": [0.0, 0.0, 0.0, 0.0], "Cost": [0.0, 0.0, 0.0, 0.0], "RechargeTime": [5.0, 5.0, 5.0, 5.0], "Slow.Duration": [1.5, 1.5, 1.5, 1.5], "Slow.Magnitude": [-0.30000001192092896, -0.3499999940395355, -0.4000000059604645, -0.44999998807907104], "ARC": [0.0, 0.0, 0.0, 0.0], "BasePower": [0.0, 0.0, 0.0, 0.0]}, "Ultimate": {"Cooldown": [70.0, 60.0, 50.0], "Cost": [-70.0, -105.0, -140.0], "Execute.Threshold": [300.0, 425.0, 550.0], "ARC": [1.0, 1.0, 1.0], "BasePower": [150.0, 275.0, 400.0]}}, "Stats": {"AbilityPenetrationRating": [0.0], "AttackRating": [0.0], "AttackSpeedRating": [100.0, 101.0999984741211, 102.30000305175781, 103.4000015258789, 104.5, 105.5999984741211, 106.80000305175781, 107.9000015258789, 109.0, 110.0999984741211, 111.30000305175781, 112.4000015258789, 113.5, 114.5999984741211, 115.80000305175781, 116.9000015258789, 118.0, 119.0999984741211, 120.30000305175781, 121.4000015258789], "BaseAttackTime": [0.8500000238418579], "BasicPenetrationRating": [0.0], "CleaveRating": [0.10000000149011612], "CriticalDamageBonus": [1.0], "LeftClickARC": [1.0], "LeftClickBasePower": [64.80000305175781, 67.9000015258789, 71.0, 74.0, 77.0999984741211, 80.19999694824219, 83.30000305175781, 86.30000305175781, 89.4000015258789, 92.5, 95.5, 98.5999984741211, 101.69999694824219, 104.80000305175781, 107.80000305175781, 110.9000015258789, 114.0, 117.0999984741211, 120.0999984741211, 123.19999694824219], "Energy": [248.0, 263.0, 278.0, 293.0, 308.0, 323.0, 338.0, 353.0, 368.0, 383.0, 398.0, 413.0, 428.0, 443.0, 458.0, 473.0, 488.0, 503.0, 518.0, 533.0], "EnergyRegenRate": [1.2300000190734863, 1.2799999713897705, 1.3300000429153442, 1.3799999952316284, 1.4299999475479126, 1.4800000190734863, 1.5299999713897705, 1.5800000429153442, 1.6299999952316284, 1.6799999475479126, 1.7300000190734863, 1.7799999713897705, 1.8300000429153442, 1.8799999952316284, 1.9299999475479126, 1.9800000190734863, 2.0299999713897705, 2.0799999237060547, 2.130000114440918, 2.180000066757202], "MaxEnergy": [248.0, 263.0, 278.0, 293.0, 308.0, 323.0, 338.0, 353.0, 368.0, 383.0, 398.0, 413.0, 428.0, 443.0, 458.0, 473.0, 488.0, 503.0, 518.0, 533.0], "AbilityResistanceRating": [30.0], "BasicResistanceRating": [17.899999618530273, 21.600000381469727, 25.299999237060547, 29.0, 32.70000076293945, 36.5, 40.20000076293945, 43.900001525878906, 47.599998474121094, 51.29999923706055, 55.0, 58.79999923706055, 62.5, 66.19999694824219, 69.9000015258789, 73.69999694824219, 77.4000015258789, 81.0999984741211, 84.80000305175781, 88.5], "CriticallyWoundedThresholdPCT": [0.25], "Health": [652.0, 722.0, 792.0, 862.0, 932.0, 1003.0, 1073.0, 1143.0, 1213.0, 1283.0, 1354.0, 1424.0, 1494.0, 1564.0, 1634.0, 1705.0, 1775.0, 1845.0, 1915.0, 1985.0], "HealthRegenRate": [1.090000033378601, 1.2000000476837158, 1.3200000524520874, 1.440000057220459, 1.5499999523162842, 1.6699999570846558, 1.7899999618530273, 1.909999966621399, 2.0199999809265137, 2.140000104904175, 2.259999990463257, 2.369999885559082, 2.490000009536743, 2.609999895095825, 2.7200000286102295, 2.8399999141693115, 2.9600000381469727, 3.0799999237060547, 3.190000057220459, 3.309999942779541], "MaxHealth": [652.0, 722.0, 792.0, 862.0, 932.0, 1003.0, 1073.0, 1143.0, 1213.0, 1283.0, 1354.0, 1424.0, 1494.0, 1564.0, 1634.0, 1705.0, 1775.0, 1845.0, 1915.0, 1985.0], "MaxMoveSpeed": [660.0], "VisionRadius": [5000.0], "CXPBounty": [550.0], "CXPSpawnTime": [1.5], "GainXPFromKills": [1.0], "MaxCardLevel": [20.0], "MaxLevel": [20.0], "XPBounty": [38.5, 51.10177230834961, 65.11422729492188, 80.37014770507812, 97.01132202148438, 114.57335662841797, 133.71376037597656, 154.2930450439453, 176.12310791015625, 192.4675750732422, 209.80735778808594, 227.22921752929688, 245.59310913085938, 264.94293212890625, 285.32452392578125, 306.7856750488281, 329.3761901855469, 353.1480712890625, 378.1555480957031, 404.45513916015625], "XPToLevel": [110.0, 133.92189025878906, 157.601318359375, 180.7139434814453, 203.67018127441406, 225.5848388671875, 247.8596649169922, 270.1905822753906, 292.2566833496094, 303.475830078125, 315.12567138671875, 325.8381042480469, 336.91473388671875, 348.3678894042969, 360.21038818359375, 372.4554443359375, 385.11676025390625, 398.2085266113281, 411.74530029296875, 425.74224853515625]}}