{"Abilities": {"Alternate": {"Cooldown": [12.0, 12.0, 12.0, 12.0], "Cost": [-35.0, -45.0, -55.0, -65.0], "ARC": [0.0, 0.0, 0.0, 0.0], "BasePower": [0.0, 0.0, 0.0, 0.0], "Shield": [125.0, 225.0, 325.0, 425.0], "ShieldDuration": [2.5, 2.5, 2.5, 2.5]}, "Primary": {"Cooldown": [10.0, 10.0, 10.0, 10.0], "Cost": [-55.0, -55.0, -55.0, -55.0], "ARC": [0.20000000298023224, 0.20000000298023224, 0.20000000298023224, 0.20000000298023224], "BasePower": [40.0, 80.0, 120.0, 160.0], "BuffDuration": [4.0, 4.0, 4.0, 4.0], "DamageBonus": [0.10000000149011612, 0.25, 0.4000000059604645, 0.550000011920929], "Distance": [700.0, 775.0, 850.0, 925.0]}, "Secondary": {"Cooldown": [20.0, 18.0, 16.0, 14.0], "Cost": [-55.0, -60.0, -65.0, -70.0], "ARC": [0.4000000059604645, 0.4000000059604645, 0.4000000059604645, 0.4000000059604645], "BasePower": [75.0, 120.0, 165.0, 210.0], "Duration": [2.0, 2.0, 2.0, 2.0], "Slow": [-160.0, -215.0, -270.0, -325.0]}, "Ultimate": {"Cooldown": [90.0, 70.0, 50.0], "Cost": [-85.0, -110.0, -135.0], "ARC": [1.0, 1.0, 1.0], "BasePower": [260.0, 350.0, 440.0]}}, "Stats": {"AbilityPenetrationRating": [0.0], "AttackRating": [0.0], "AttackSpeedRating": [100.0, 101.5, 103.0, 104.5, 106.0, 107.5, 109.0, 110.5, 112.0, 113.5, 115.0, 116.5, 118.0, 119.5, 121.0, 122.5, 124.0, 125.5, 127.0, 128.5], "BaseAttackTime": [1.350000023841858], "BasicPenetrationRating": [0.0], "CleaveRating": [0.20000000298023224], "CriticalDamageBonus": [1.5], "LeftClickARC": [0.699999988079071], "LeftClickBasePower": [64.5, 66.0, 67.5, 69.0, 70.5, 72.0, 73.5, 75.0, 76.5, 78.0, 79.5, 81.0, 82.5, 84.0, 85.5, 87.0, 88.5, 90.0, 91.5, 93.0], "Energy": [200.0, 236.0, 272.0, 308.0, 344.0, 380.0, 416.0, 452.0, 488.0, 524.0, 560.0, 596.0, 632.0, 668.0, 704.0, 740.0, 776.0, 812.0, 848.0, 884.0], "EnergyRegenRate": [0.699999988079071, 0.7900000214576721, 0.8799999952316284, 0.9700000286102295, 1.059999942779541, 1.149999976158142, 1.2400000095367432, 1.3300000429153442, 1.4199999570846558, 1.5099999904632568, 1.600000023841858, 1.690000057220459, 1.7799999713897705, 1.8700000047683716, 1.9600000381469727, 2.049999952316284, 2.140000104904175, 2.2300000190734863, 2.319999933242798, 2.4100000858306885], "MaxEnergy": [200.0, 236.0, 272.0, 308.0, 344.0, 380.0, 416.0, 452.0, 488.0, 524.0, 560.0, 596.0, 632.0, 668.0, 704.0, 740.0, 776.0, 812.0, 848.0, 884.0], "AbilityResistanceRating": [20.0, 20.75, 21.5, 22.25, 23.0, 23.75, 24.5, 25.25, 26.0, 26.75, 27.5, 28.25, 29.0, 29.75, 30.5, 31.25, 32.0, 32.75, 33.5, 34.25], "BasicResistanceRating": [14.0, 15.25, 16.5, 17.75, 19.0, 20.25, 21.5, 22.75, 24.0, 25.25, 26.5, 27.75, 29.0, 30.25, 31.5, 32.75, 34.0, 35.25, 36.5, 37.75], "CriticallyWoundedThresholdPCT": [0.25], "Health": [550.0, 624.2000122070312, 698.4000244140625, 772.5999755859375, 846.7999877929688, 921.0, 995.2000122070312, 1069.4000244140625, 1143.5999755859375, 1217.800048828125, 1292.0, 1366.199951171875, 1440.4000244140625, 1514.5999755859375, 1588.800048828125, 1663.0, 1737.199951171875, 1811.4000244140625, 1885.5999755859375, 1959.800048828125], "HealthRegenRate": [2.0, 2.299999952316284, 2.5999999046325684, 2.9000000953674316, 3.200000047683716, 3.5, 3.799999952316284, 4.099999904632568, 4.400000095367432, 4.699999809265137, 5.0, 5.300000190734863, 5.599999904632568, 5.900000095367432, 6.199999809265137, 6.5, 6.800000190734863, 7.099999904632568, 7.400000095367432, 7.699999809265137], "MaxHealth": [550.0, 624.2000122070312, 698.4000244140625, 772.5999755859375, 846.7999877929688, 921.0, 995.2000122070312, 1069.4000244140625, 1143.5999755859375, 1217.800048828125, 1292.0, 1366.199951171875, 1440.4000244140625, 1514.5999755859375, 1588.800048828125, 1663.0, 1737.199951171875, 1811.4000244140625, 1885.5999755859375, 1959.800048828125], "MaxMoveSpeed": [720.0], "VisionRadius": [5000.0], "CXPBounty": [675.0], "CXPSpawnTime": [1.5], "GainXPFromKills": [1.0], "MaxCardLevel": [20.0], "MaxLevel": [15.0], "XPBounty": [49.5, 65.25, 83.25, 101.25, 121.5, 144.0, 166.5, 189.0, 213.75, 238.5, 263.25, 285.75, 306.0, 324.0, 338.8500061035156, 551.4072875976562, 651.6632080078125, 770.1473999023438, 910.1741943359375, 1075.660400390625], "XPToLevel": [110.0, 145.0, 185.0, 225.0, 270.0, 320.0, 370.0, 420.0, 475.0, 530.0, 585.0, 635.0, 680.0, 720.0, 753.0, 1225.349609375, 1448.140380859375, 1711.438720703125, 2022.609375, 2390.3564453125]}}