{"Abilities": {"Alternate": {"Cooldown": [8.0, 8.0, 8.0, 8.0], "Cost": [-60.0, -60.0, -60.0, -60.0], "DamageBonusPCT": [0.44999998807907104, 0.699999988079071, 0.949999988079071, 1.2000000476837158], "Range": [900.0, 900.0, 900.0, 900.0], "ARC": [0.0, 0.0, 0.0, 0.0], "BasePower": [0.0, 0.0, 0.0, 0.0]}, "Primary": {"Cooldown": [7.0, 7.0, 7.0, 7.0], "Cost": [-50.0, -50.0, -50.0, -50.0], "Shield.Duration": [3.0, 3.0, 3.0, 3.0], "Shield.Magnitude": [75.0, 150.0, 225.0, 300.0], "ARC": [0.0, 0.0, 0.0, 0.0], "BasePower": [0.0, 0.0, 0.0, 0.0]}, "Secondary": {"Cooldown": [0.0, 0.0, 0.0, 0.0], "Cost": [0.0, 0.0, 0.0, 0.0], "RechargeTime": [5.0, 5.0, 5.0, 5.0], "Slow.Duration": [2.0, 2.0, 2.0, 2.0], "Slow.Magnitude": [-0.20000000298023224, -0.23000000417232513, -0.25999999046325684, -0.28999999165534973], "ARC": [0.0, 0.0, 0.0, 0.0], "BasePower": [0.0, 0.0, 0.0, 0.0]}, "Ultimate": {"Cooldown": [90.0, 80.0, 70.0], "Cost": [-70.0, -105.0, -140.0], "Execute.Threshold": [300.0, 425.0, 550.0], "ARC": [1.0, 1.0, 1.0], "BasePower": [150.0, 275.0, 400.0]}}, "Stats": {"AbilityPenetrationRating": [0.0], "AttackRating": [0.0], "AttackSpeedRating": [100.0, 101.0999984741211, 102.30000305175781, 103.4000015258789, 104.5, 105.5999984741211, 106.80000305175781, 107.9000015258789, 109.0, 110.0999984741211, 111.30000305175781, 112.4000015258789, 113.5, 114.5999984741211, 115.80000305175781, 116.9000015258789, 118.0, 119.0999984741211, 120.30000305175781, 121.4000015258789], "BaseAttackTime": [0.8500000238418579], "BasicPenetrationRating": [0.0], "CleaveRating": [0.10000000149011612], "CriticalDamageBonus": [1.0], "LeftClickARC": [1.0], "LeftClickBasePower": [59.400001525878906, 62.70000076293945, 66.0, 69.4000015258789, 72.69999694824219, 76.0, 79.30000305175781, 82.5999984741211, 86.0, 89.30000305175781, 92.5999984741211, 95.9000015258789, 99.30000305175781, 102.5999984741211, 105.9000015258789, 109.19999694824219, 112.5, 115.9000015258789, 119.19999694824219, 122.5], "Energy": [248.0, 263.0, 278.0, 293.0, 308.0, 323.0, 338.0, 353.0, 368.0, 383.0, 398.0, 413.0, 428.0, 443.0, 458.0, 473.0, 488.0, 503.0, 518.0, 533.0], "EnergyRegenRate": [1.2300000190734863, 1.2799999713897705, 1.3300000429153442, 1.3799999952316284, 1.4299999475479126, 1.4800000190734863, 1.5299999713897705, 1.5800000429153442, 1.6299999952316284, 1.6799999475479126, 1.7300000190734863, 1.7799999713897705, 1.8300000429153442, 1.8799999952316284, 1.9299999475479126, 1.9800000190734863, 2.0299999713897705, 2.0799999237060547, 2.130000114440918, 2.180000066757202], "MaxEnergy": [248.0, 263.0, 278.0, 293.0, 308.0, 323.0, 338.0, 353.0, 368.0, 383.0, 398.0, 413.0, 428.0, 443.0, 458.0, 473.0, 488.0, 503.0, 518.0, 533.0], "AbilityResistanceRating": [30.0], "BasicResistanceRating": [25.200000762939453, 28.399999618530273, 31.700000762939453, 34.900001525878906, 38.20000076293945, 41.400001525878906, 44.599998474121094, 47.900001525878906, 51.099998474121094, 54.400001525878906, 57.599998474121094, 60.79999923706055, 64.0999984741211, 67.30000305175781, 70.5999984741211, 73.80000305175781, 77.0, 80.30000305175781, 83.5, 86.80000305175781], "CriticallyWoundedThresholdPCT": [0.25], "Health": [652.0, 722.0, 792.0, 862.0, 932.0, 1003.0, 1073.0, 1143.0, 1213.0, 1283.0, 1354.0, 1424.0, 1494.0, 1564.0, 1634.0, 1705.0, 1775.0, 1845.0, 1915.0, 1985.0], "HealthRegenRate": [1.090000033378601, 1.2000000476837158, 1.3200000524520874, 1.440000057220459, 1.5499999523162842, 1.6699999570846558, 1.7899999618530273, 1.909999966621399, 2.0199999809265137, 2.140000104904175, 2.259999990463257, 2.369999885559082, 2.490000009536743, 2.609999895095825, 2.7200000286102295, 2.8399999141693115, 2.9600000381469727, 3.0799999237060547, 3.190000057220459, 3.309999942779541], "MaxHealth": [652.0, 722.0, 792.0, 862.0, 932.0, 1003.0, 1073.0, 1143.0, 1213.0, 1283.0, 1354.0, 1424.0, 1494.0, 1564.0, 1634.0, 1705.0, 1775.0, 1845.0, 1915.0, 1985.0], "MaxMoveSpeed": [700.0], "VisionRadius": [5000.0], "CXPBounty": [550.0], "CXPSpawnTime": [1.5], "GainXPFromKills": [1.0], "MaxCardLevel": [20.0], "MaxLevel": [20.0], "XPBounty": [55.0, 66.96094512939453, 78.8006591796875, 90.35697174072266, 101.83509063720703, 135.3509063720703, 148.71578979492188, 162.11434936523438, 175.35400390625, 182.0854949951172, 220.5879669189453, 228.08668518066406, 235.84031677246094, 243.85751342773438, 252.1472625732422, 297.96435546875, 308.0934143066406, 318.5668029785156, 329.396240234375, 340.59381103515625], "XPToLevel": [110.0, 133.92189025878906, 157.601318359375, 180.7139434814453, 203.67018127441406, 225.5848388671875, 247.8596649169922, 270.1905822753906, 292.2566833496094, 303.475830078125, 315.12567138671875, 325.8381042480469, 336.91473388671875, 348.3678894042969, 360.21038818359375, 372.4554443359375, 385.11676025390625, 398.2085266113281, 411.74530029296875, 425.74224853515625]}}