{"Abilities": {"Alternate": {"Cooldown": [8.0, 8.0, 8.0, 8.0], "Cost": [-40.0, -40.0, -40.0, -40.0], "ARC": [0.0, 0.0, 0.0, 0.0], "BasePower": [0.0, 0.0, 0.0, 0.0], "Shield": [100.0, 175.0, 250.0, 325.0], "ShieldDuration": [2.5, 2.5, 2.5, 2.5]}, "Primary": {"Cooldown": [10.0, 10.0, 10.0, 10.0], "Cost": [-60.0, -60.0, -60.0, -60.0], "ARC": [0.0, 0.0, 0.0, 0.0], "BasePower": [0.0, 0.0, 0.0, 0.0], "BuffDuration": [2.0, 2.0, 2.0, 2.0], "DamageBonus": [0.44999998807907104, 0.699999988079071, 0.949999988079071, 1.2000000476837158], "Distance": [800.0, 800.0, 800.0, 800.0]}, "Secondary": {"Cooldown": [12.0, 12.0, 12.0, 12.0], "Cost": [-80.0, -90.0, -100.0, -110.0], "ARC": [2.0899999141693115, 2.0899999141693115, 2.0899999141693115, 2.0899999141693115], "BasePower": [117.0, 176.0, 234.0, 293.0], "Duration": [2.0, 2.0, 2.0, 2.0], "Slow": [-175.0, -175.0, -175.0, -175.0]}, "Ultimate": {"Cooldown": [90.0, 70.0, 50.0], "Cost": [-70.0, -105.0, -140.0], "ARC": [3.549999952316284, 3.549999952316284, 3.549999952316284], "BasePower": [263.0, 363.0, 462.0]}}, "Stats": {"AbilityPenetrationRating": [0.0], "AttackRating": [0.0], "AttackSpeedRating": [100.0, 101.0999984741211, 102.30000305175781, 103.4000015258789, 104.5, 105.5999984741211, 106.80000305175781, 107.9000015258789, 109.0, 110.0999984741211, 111.30000305175781, 112.4000015258789, 113.5, 114.5999984741211, 115.80000305175781, 116.9000015258789, 118.0, 119.0999984741211, 120.30000305175781, 121.4000015258789], "BaseAttackTime": [0.8500000238418579], "BasicPenetrationRating": [0.0], "CleaveRating": [0.10000000149011612], "CriticalDamageBonus": [1.0], "LeftClickARC": [1.0], "LeftClickBasePower": [59.400001525878906, 63.5, 67.5, 71.5999984741211, 75.5999984741211, 79.69999694824219, 83.69999694824219, 87.80000305175781, 91.80000305175781, 95.9000015258789, 99.9000015258789, 104.0, 108.0, 112.0999984741211, 116.0999984741211, 120.19999694824219, 124.19999694824219, 128.3000030517578, 132.3000030517578, 136.39999389648438], "Energy": [276.0, 291.0, 306.0, 321.0, 336.0, 351.0, 366.0, 381.0, 396.0, 411.0, 426.0, 441.0, 456.0, 471.0, 486.0, 501.0, 516.0, 531.0, 546.0, 561.0], "EnergyRegenRate": [1.3200000524520874, 1.3700000047683716, 1.4199999570846558, 1.4700000286102295, 1.5199999809265137, 1.5700000524520874, 1.6200000047683716, 1.6699999570846558, 1.7200000286102295, 1.7699999809265137, 1.8200000524520874, 1.8700000047683716, 1.9199999570846558, 1.9700000286102295, 2.0199999809265137, 2.069999933242798, 2.119999885559082, 2.1700000762939453, 2.2200000286102295, 2.2699999809265137], "MaxEnergy": [276.0, 291.0, 306.0, 321.0, 336.0, 351.0, 366.0, 381.0, 396.0, 411.0, 426.0, 441.0, 456.0, 471.0, 486.0, 501.0, 516.0, 531.0, 546.0, 561.0], "AbilityResistanceRating": [25.0], "BasicResistanceRating": [25.200000762939453, 28.399999618530273, 31.700000762939453, 34.900001525878906, 38.20000076293945, 41.400001525878906, 44.599998474121094, 47.900001525878906, 51.099998474121094, 54.400001525878906, 57.599998474121094, 60.79999923706055, 64.0999984741211, 67.30000305175781, 70.5999984741211, 73.80000305175781, 77.0, 80.30000305175781, 83.5, 86.80000305175781], "CriticallyWoundedThresholdPCT": [0.25], "Health": [652.0, 722.0, 792.0, 862.0, 932.0, 1003.0, 1073.0, 1143.0, 1213.0, 1283.0, 1354.0, 1424.0, 1494.0, 1564.0, 1634.0, 1705.0, 1775.0, 1845.0, 1915.0, 1985.0], "HealthRegenRate": [1.1399999856948853, 1.2699999809265137, 1.399999976158142, 1.5299999713897705, 1.659999966621399, 1.7899999618530273, 1.9199999570846558, 2.049999952316284, 2.180000066757202, 2.309999942779541, 2.440000057220459, 2.569999933242798, 2.700000047683716, 2.8299999237060547, 2.9600000381469727, 3.0899999141693115, 3.2200000286102295, 3.3499999046325684, 3.4800000190734863, 3.609999895095825], "MaxHealth": [652.0, 722.0, 792.0, 862.0, 932.0, 1003.0, 1073.0, 1143.0, 1213.0, 1283.0, 1354.0, 1424.0, 1494.0, 1564.0, 1634.0, 1705.0, 1775.0, 1845.0, 1915.0, 1985.0], "MaxMoveSpeed": [740.0], "VisionRadius": [5000.0], "CXPBounty": [550.0], "CXPSpawnTime": [1.5], "GainXPFromKills": [1.0], "MaxCardLevel": [20.0], "MaxLevel": [20.0], "XPBounty": [55.0, 66.96094512939453, 78.8006591796875, 90.35697174072266, 101.83509063720703, 135.3509063720703, 148.71578979492188, 162.11434936523438, 175.35400390625, 182.0854949951172, 220.5879669189453, 228.08668518066406, 235.84031677246094, 243.85751342773438, 252.1472625732422, 297.96435546875, 308.0934143066406, 318.5668029785156, 329.396240234375, 340.59381103515625], "XPToLevel": [110.0, 133.92189025878906, 157.601318359375, 180.7139434814453, 203.67018127441406, 225.5848388671875, 247.8596649169922, 270.1905822753906, 292.2566833496094, 303.475830078125, 315.12567138671875, 325.8381042480469, 336.91473388671875, 348.3678894042969, 360.21038818359375, 372.4554443359375, 385.11676025390625, 398.2085266113281, 411.74530029296875, 425.74224853515625]}}