{"Abilities": {}, "Stats": {"AttackRating": [160.0], "AttackSpeedRating": [100.0], "BaseAttackTime": [0.5], "AbilityResistanceRating": [300.0], "BasicResistanceRating": [165.0], "CriticallyWoundedThresholdPCT": [0.0], "Health": [2560.0, 2905.0, 3250.0, 3595.0, 3940.0, 4285.0, 4630.0, 4975.0, 5320.0, 5665.0, 6010.0, 6355.0, 6700.0, 7045.0, 7390.0, 7735.0, 8080.0, 8425.0, 8770.0, 9115.0], "HealthRegenRate": [12.789999961853027, 13.619999885559082, 14.449999809265137, 15.279999732971191, 16.110000610351562, 16.940000534057617, 17.770000457763672, 18.600000381469727, 19.43000030517578, 20.260000228881836, 21.09000015258789, 21.920000076293945, 22.75, 23.579999923706055, 24.40999984741211, 25.239999771118164, 26.06999969482422, 26.899999618530273, 27.729999542236328, 28.559999465942383], "MaxHealth": [2560.0, 2905.0, 3250.0, 3595.0, 3940.0, 4285.0, 4630.0, 4975.0, 5320.0, 5665.0, 6010.0, 6355.0, 6700.0, 7045.0, 7390.0, 7735.0, 8080.0, 8425.0, 8770.0, 9115.0], "AttackHeight": [2000.0], "AttackRadius": [2000.0], "ReviveSelfTimer": [600.0], "TargetDelayTime": [0.5], "VisionRadius": [2000.0], "CXPBounty": [0.0], "CXPSpawnTime": [1.5], "CXPTeamBounty": [0.0], "GainXPFromKills": [0.0], "MaxLevel": [15.0], "XPBounty": [52.0], "XPToLevel": [1.0]}}