{"Abilities": {"Alternate": {"Cooldown": [8.0, 8.0, 8.0, 8.0], "Cost": [-40.0, -40.0, -40.0, -40.0], "ARC": [1.6714285612106323, 1.6714285612106323, 1.6714285612106323, 1.6714285612106323], "BasePower": [93.5999984741211, 140.39999389648438, 187.1999969482422, 234.0]}, "Primary": {"Cooldown": [5.0, 5.0, 5.0, 5.0], "Cost": [-55.0, -60.0, -65.0, -70.0], "ARC": [1.2535713911056519, 1.2535713911056519, 1.2535713911056519, 1.2535713911056519], "BasePower": [70.19999694824219, 105.30000305175781, 140.39999389648438, 175.5]}, "Secondary": {"Cooldown": [10.0, 10.0, 10.0, 10.0], "Cost": [-100.0, -100.0, -100.0, -100.0], "ARC": [1.6714285612106323, 1.6714285612106323, 1.6714285612106323, 1.6714285612106323], "BasePower": [93.5999984741211, 140.39999389648438, 187.1999969482422, 234.0]}, "Ultimate": {"Cooldown": [105.0, 90.0, 75.0], "Cost": [-75.0, -100.0, -125.0], "ARC": [0.8839285969734192, 0.8839285969734192, 0.8839285969734192], "BasePower": [59.400001525878906, 84.1500015258789, 108.9000015258789]}}, "Stats": {"AbilityPenetrationRating": [0.0], "AttackRating": [0.0], "AttackSpeedRating": [100.0], "BaseAttackTime": [0.8500000238418579], "BasicPenetrationRating": [0.0], "CleaveRating": [0.20000000298023224], "CriticalDamageBonus": [1.0], "LeftClickARC": [1.0], "LeftClickBasePower": [67.5, 70.3499984741211, 73.19999694824219, 76.05000305175781, 78.9000015258789, 81.75, 84.5999984741211, 87.44999694824219, 90.30000305175781, 93.1500015258789, 96.0, 98.8499984741211, 101.69999694824219, 104.55000305175781, 107.4000015258789, 110.25, 113.0999984741211, 115.94999694824219, 118.80000305175781, 121.6500015258789], "Energy": [276.0, 291.0, 306.0, 321.0, 336.0, 351.0, 366.0, 381.0, 396.0, 411.0, 426.0, 441.0, 456.0, 471.0, 486.0, 501.0, 516.0, 531.0, 546.0, 561.0], "EnergyRegenRate": [1.3200000524520874, 1.3700000047683716, 1.4199999570846558, 1.4700000286102295, 1.5199999809265137, 1.5700000524520874, 1.6200000047683716, 1.6699999570846558, 1.7200000286102295, 1.7699999809265137, 1.8200000524520874, 1.8700000047683716, 1.9199999570846558, 1.9700000286102295, 2.0199999809265137, 2.069999933242798, 2.119999885559082, 2.1700000762939453, 2.2200000286102295, 2.2699999809265137], "MaxEnergy": [276.0, 291.0, 306.0, 321.0, 336.0, 351.0, 366.0, 381.0, 396.0, 411.0, 426.0, 441.0, 456.0, 471.0, 486.0, 501.0, 516.0, 531.0, 546.0, 561.0], "AbilityResistanceRating": [25.0], "BasicResistanceRating": [34.79999923706055, 37.095001220703125, 39.38999938964844, 41.685001373291016, 43.97999954223633, 46.275001525878906, 48.56999969482422, 50.8650016784668, 53.15999984741211, 55.45500183105469, 57.75, 60.04499816894531, 62.34000015258789, 64.63500213623047, 66.93000030517578, 69.2249984741211, 71.5199966430664, 73.81500244140625, 76.11000061035156, 78.40499877929688], "CriticallyWoundedThresholdPCT": [0.25], "Health": [779.760009765625, 865.5599975585938, 951.3599853515625, 1037.1600341796875, 1122.9599609375, 1208.760009765625, 1294.56005859375, 1380.3599853515625, 1466.1600341796875, 1551.9599609375, 1637.760009765625, 1723.56005859375, 1809.3599853515625, 1895.1600341796875, 1980.9599609375, 2066.760009765625, 2152.56005859375, 2238.360107421875, 2324.159912109375, 2409.9599609375], "HealthRegenRate": [1.2996000051498413, 1.4426000118255615, 1.5856000185012817, 1.728600025177002, 1.8716000318527222, 2.0146000385284424, 2.157599925994873, 2.300600051879883, 2.4435999393463135, 2.5866000652313232, 2.729599952697754, 2.8726000785827637, 3.0155999660491943, 3.158600091934204, 3.3015999794006348, 3.4446001052856445, 3.587599992752075, 3.730600118637085, 3.8736000061035156, 4.016600131988525], "MaxHealth": [779.760009765625, 865.5599975585938, 951.3599853515625, 1037.1600341796875, 1122.9599609375, 1208.760009765625, 1294.56005859375, 1380.3599853515625, 1466.1600341796875, 1551.9599609375, 1637.760009765625, 1723.56005859375, 1809.3599853515625, 1895.1600341796875, 1980.9599609375, 2066.760009765625, 2152.56005859375, 2238.360107421875, 2324.159912109375, 2409.9599609375], "MaxMoveSpeed": [710.0], "VisionRadius": [5000.0], "CXPBounty": [455.0], "CXPSpawnTime": [1.5], "GainXPFromKills": [1.0], "MaxCardLevel": [20.0], "MaxLevel": [20.0], "XPBounty": [55.0, 66.96094512939453, 78.8006591796875, 90.35697174072266, 101.83509063720703, 135.3509063720703, 148.71578979492188, 162.11434936523438, 175.35400390625, 182.0854949951172, 220.5879669189453, 228.08668518066406, 235.84031677246094, 243.85751342773438, 252.1472625732422, 297.96435546875, 308.0934143066406, 318.5668029785156, 329.396240234375, 340.59381103515625], "XPToLevel": [110.0, 133.92189025878906, 157.601318359375, 180.7139434814453, 203.67018127441406, 225.5848388671875, 247.8596649169922, 270.1905822753906, 292.2566833496094, 303.475830078125, 315.12567138671875, 325.8381042480469, 336.91473388671875, 348.3678894042969, 360.21038818359375, 372.4554443359375, 385.11676025390625, 398.2085266113281, 411.74530029296875, 425.74224853515625]}}