{"Abilities": {"Alternate": {"Cooldown": [8.0, 8.0, 8.0, 8.0], "Cost": [-40.0, -40.0, -40.0, -40.0], "ARC": [1.6699999570846558, 1.6699999570846558, 1.6699999570846558, 1.6699999570846558], "BasePower": [94.0, 140.0, 187.0, 234.0]}, "Primary": {"Cooldown": [5.0, 5.0, 5.0, 5.0], "Cost": [-55.0, -60.0, -65.0, -70.0], "ARC": [1.25, 1.25, 1.25, 1.25], "BasePower": [70.0, 105.0, 140.0, 175.0]}, "Secondary": {"Cooldown": [10.0, 10.0, 10.0, 10.0], "Cost": [-100.0, -100.0, -100.0, -100.0], "ARC": [1.6699999570846558, 1.6699999570846558, 1.6699999570846558, 1.6699999570846558], "BasePower": [94.0, 140.0, 187.0, 234.0]}, "Ultimate": {"Cooldown": [105.0, 90.0, 75.0], "Cost": [-75.0, -100.0, -125.0], "ARC": [0.8799999952316284, 0.8799999952316284, 0.8799999952316284], "BasePower": [59.0, 84.0, 109.0]}}, "Stats": {"AbilityPenetrationRating": [0.0], "AttackRating": [0.0], "AttackSpeedRating": [100.0], "BaseAttackTime": [0.8500000238418579], "BasicPenetrationRating": [0.0], "CleaveRating": [0.20000000298023224], "CriticalDamageBonus": [1.0], "LeftClickARC": [1.0], "LeftClickBasePower": [67.5, 70.30000305175781, 73.19999694824219, 76.0, 78.9000015258789, 81.80000305175781, 84.5999984741211, 87.4000015258789, 90.30000305175781, 93.19999694824219, 96.0, 98.80000305175781, 101.69999694824219, 104.5999984741211, 107.4000015258789, 110.30000305175781, 113.0999984741211, 115.9000015258789, 118.80000305175781, 121.5999984741211], "Energy": [276.0, 291.0, 306.0, 321.0, 336.0, 351.0, 366.0, 381.0, 396.0, 411.0, 426.0, 441.0, 456.0, 471.0, 486.0, 501.0, 516.0, 531.0, 546.0, 561.0], "EnergyRegenRate": [1.3200000524520874, 1.3700000047683716, 1.4199999570846558, 1.4700000286102295, 1.5199999809265137, 1.5700000524520874, 1.6200000047683716, 1.6699999570846558, 1.7200000286102295, 1.7699999809265137, 1.8200000524520874, 1.8700000047683716, 1.9199999570846558, 1.9700000286102295, 2.0199999809265137, 2.069999933242798, 2.119999885559082, 2.1700000762939453, 2.2200000286102295, 2.2699999809265137], "MaxEnergy": [276.0, 291.0, 306.0, 321.0, 336.0, 351.0, 366.0, 381.0, 396.0, 411.0, 426.0, 441.0, 456.0, 471.0, 486.0, 501.0, 516.0, 531.0, 546.0, 561.0], "AbilityResistanceRating": [30.0], "BasicResistanceRating": [34.79999923706055, 37.099998474121094, 39.400001525878906, 41.70000076293945, 44.0, 46.29999923706055, 48.599998474121094, 50.900001525878906, 53.20000076293945, 55.5, 57.79999923706055, 60.0, 62.29999923706055, 64.5999984741211, 66.9000015258789, 69.19999694824219, 71.5, 73.80000305175781, 76.0999984741211, 78.4000015258789], "CriticallyWoundedThresholdPCT": [0.25], "Health": [780.0, 866.0, 951.0, 1037.0, 1123.0, 1209.0, 1295.0, 1380.0, 1466.0, 1552.0, 1638.0, 1724.0, 1809.0, 1895.0, 1981.0, 2067.0, 2153.0, 2238.0, 2324.0, 2410.0], "HealthRegenRate": [1.2999999523162842, 1.440000057220459, 1.590000033378601, 1.7300000190734863, 1.8700000047683716, 2.009999990463257, 2.1600000858306885, 2.299999952316284, 2.440000057220459, 2.5899999141693115, 2.7300000190734863, 2.869999885559082, 3.0199999809265137, 3.1600000858306885, 3.299999952316284, 3.440000057220459, 3.5899999141693115, 3.7300000190734863, 3.869999885559082, 4.019999980926514], "MaxHealth": [780.0, 866.0, 951.0, 1037.0, 1123.0, 1209.0, 1295.0, 1380.0, 1466.0, 1552.0, 1638.0, 1724.0, 1809.0, 1895.0, 1981.0, 2067.0, 2153.0, 2238.0, 2324.0, 2410.0], "MaxMoveSpeed": [710.0], "VisionRadius": [5000.0], "CXPBounty": [550.0], "CXPSpawnTime": [1.5], "GainXPFromKills": [1.0], "MaxCardLevel": [20.0], "MaxLevel": [20.0], "XPBounty": [55.0, 66.96094512939453, 78.8006591796875, 90.35697174072266, 101.83509063720703, 135.3509063720703, 148.71578979492188, 162.11434936523438, 175.35400390625, 182.0854949951172, 220.5879669189453, 228.08668518066406, 235.84031677246094, 243.85751342773438, 252.1472625732422, 297.96435546875, 308.0934143066406, 318.5668029785156, 329.396240234375, 340.59381103515625], "XPToLevel": [110.0, 133.92189025878906, 157.601318359375, 180.7139434814453, 203.67018127441406, 225.5848388671875, 247.8596649169922, 270.1905822753906, 292.2566833496094, 303.475830078125, 315.12567138671875, 325.8381042480469, 336.91473388671875, 348.3678894042969, 360.21038818359375, 372.4554443359375, 385.11676025390625, 398.2085266113281, 411.74530029296875, 425.74224853515625]}}