{"Abilities": {"Alternate": {"Cooldown": [8.0, 8.0, 8.0, 8.0], "Cost": [-40.0, -40.0, -40.0, -40.0], "ARC": [1.6699999570846558, 1.6699999570846558, 1.6699999570846558, 1.6699999570846558], "BasePower": [94.0, 140.0, 187.0, 234.0]}, "Primary": {"Cooldown": [5.0, 5.0, 5.0, 5.0], "Cost": [-55.0, -60.0, -65.0, -70.0], "ARC": [1.25, 1.25, 1.25, 1.25], "BasePower": [70.0, 105.0, 140.0, 175.0]}, "Secondary": {"Cooldown": [10.0, 10.0, 10.0, 10.0], "Cost": [-100.0, -100.0, -100.0, -100.0], "ARC": [1.6699999570846558, 1.6699999570846558, 1.6699999570846558, 1.6699999570846558], "BasePower": [94.0, 140.0, 187.0, 234.0]}, "Ultimate": {"Cooldown": [105.0, 90.0, 75.0], "Cost": [-75.0, -100.0, -125.0], "ARC": [0.8799999952316284, 0.8799999952316284, 0.8799999952316284], "BasePower": [59.0, 84.0, 109.0]}}, "Stats": {"AbilityPenetrationRating": [0.0], "AttackRating": [0.0], "AttackSpeedRating": [100.0], "BaseAttackTime": [0.8500000238418579], "BasicPenetrationRating": [0.0], "CleaveRating": [0.20000000298023224], "CriticalDamageBonus": [1.0], "LeftClickARC": [1.0], "LeftClickBasePower": [70.19999694824219, 72.9000015258789, 75.5999984741211, 78.30000305175781, 81.0, 83.69999694824219, 86.4000015258789, 89.0999984741211, 91.80000305175781, 94.5, 97.19999694824219, 99.9000015258789, 102.5999984741211, 105.30000305175781, 108.0, 110.69999694824219, 113.4000015258789, 116.0999984741211, 118.80000305175781, 121.5], "Energy": [276.0, 291.0, 306.0, 321.0, 336.0, 351.0, 366.0, 381.0, 396.0, 411.0, 426.0, 441.0, 456.0, 471.0, 486.0, 501.0, 516.0, 531.0, 546.0, 561.0], "EnergyRegenRate": [1.3200000524520874, 1.3700000047683716, 1.4199999570846558, 1.4700000286102295, 1.5199999809265137, 1.5700000524520874, 1.6200000047683716, 1.6699999570846558, 1.7200000286102295, 1.7699999809265137, 1.8200000524520874, 1.8700000047683716, 1.9199999570846558, 1.9700000286102295, 2.0199999809265137, 2.069999933242798, 2.119999885559082, 2.1700000762939453, 2.2200000286102295, 2.2699999809265137], "MaxEnergy": [276.0, 291.0, 306.0, 321.0, 336.0, 351.0, 366.0, 381.0, 396.0, 411.0, 426.0, 441.0, 456.0, 471.0, 486.0, 501.0, 516.0, 531.0, 546.0, 561.0], "AbilityResistanceRating": [30.0], "BasicResistanceRating": [24.600000381469727, 27.299999237060547, 29.899999618530273, 32.599998474121094, 35.20000076293945, 37.79999923706055, 40.5, 43.099998474121094, 45.70000076293945, 48.400001525878906, 51.0, 53.599998474121094, 56.29999923706055, 58.900001525878906, 61.5, 64.19999694824219, 66.80000305175781, 69.4000015258789, 72.0999984741211, 74.69999694824219], "CriticallyWoundedThresholdPCT": [0.25], "Health": [780.0, 866.0, 951.0, 1037.0, 1123.0, 1209.0, 1295.0, 1380.0, 1466.0, 1552.0, 1638.0, 1724.0, 1809.0, 1895.0, 1981.0, 2067.0, 2153.0, 2238.0, 2324.0, 2410.0], "HealthRegenRate": [1.2999999523162842, 1.440000057220459, 1.590000033378601, 1.7300000190734863, 1.8700000047683716, 2.009999990463257, 2.1600000858306885, 2.299999952316284, 2.440000057220459, 2.5899999141693115, 2.7300000190734863, 2.869999885559082, 3.0199999809265137, 3.1600000858306885, 3.299999952316284, 3.440000057220459, 3.5899999141693115, 3.7300000190734863, 3.869999885559082, 4.019999980926514], "MaxHealth": [780.0, 866.0, 951.0, 1037.0, 1123.0, 1209.0, 1295.0, 1380.0, 1466.0, 1552.0, 1638.0, 1724.0, 1809.0, 1895.0, 1981.0, 2067.0, 2153.0, 2238.0, 2324.0, 2410.0], "MaxMoveSpeed": [670.0], "VisionRadius": [5000.0], "CXPBounty": [550.0], "CXPSpawnTime": [1.5], "GainXPFromKills": [1.0], "MaxCardLevel": [20.0], "MaxLevel": [20.0], "XPBounty": [38.5, 51.10177230834961, 65.11422729492188, 80.37014770507812, 97.01132202148438, 114.57335662841797, 133.71376037597656, 154.2930450439453, 176.12310791015625, 192.4675750732422, 209.80735778808594, 227.22921752929688, 245.59310913085938, 264.94293212890625, 285.32452392578125, 306.7856750488281, 329.3761901855469, 353.1480712890625, 378.1555480957031, 404.45513916015625], "XPToLevel": [110.0, 133.92189025878906, 157.601318359375, 180.7139434814453, 203.67018127441406, 225.5848388671875, 247.8596649169922, 270.1905822753906, 292.2566833496094, 303.475830078125, 315.12567138671875, 325.8381042480469, 336.91473388671875, 348.3678894042969, 360.21038818359375, 372.4554443359375, 385.11676025390625, 398.2085266113281, 411.74530029296875, 425.74224853515625]}}