{"Abilities": {"Alternate": {"Cooldown": [14.0, 14.0, 14.0, 14.0], "Cost": [-110.0, -110.0, -110.0, -110.0], "ARC": [1.6714285612106323, 1.6714285612106323, 1.6714285612106323, 1.6714285612106323], "BasePower": [93.5999984741211, 140.39999389648438, 187.1999969482422, 234.0], "Range": [1525.0, 1525.0, 1525.0, 1525.0]}, "Primary": {"Cooldown": [4.0, 4.0, 4.0, 4.0], "Cost": [-40.0, -40.0, -40.0, -40.0], "ARC": [1.2535713911056519, 1.2535713911056519, 1.2535713911056519, 1.2535713911056519], "BasePower": [70.19999694824219, 105.30000305175781, 140.39999389648438, 175.5], "MovementSpeed": [-75.0, -100.0, -125.0, -150.0], "Silence": [1.5, 1.5, 1.5, 1.5], "Slow": [1.5, 1.5, 1.5, 1.5]}, "Secondary": {"Cooldown": [9.0, 8.0, 7.0, 6.0], "Cost": [-80.0, -90.0, -100.0, -110.0], "ARC": [3.1339285373687744, 3.1339285373687744, 3.1339285373687744, 3.1339285373687744], "BasePower": [128.6999969482422, 216.4499969482422, 304.20001220703125, 391.95001220703125], "Duration": [5.0, 5.0, 5.0, 5.0]}, "Ultimate": {"Cooldown": [105.0, 90.0, 75.0], "Cost": [-75.0, -100.0, -125.0], "ARC": [3.1339285373687744, 3.1339285373687744, 3.1339285373687744], "BasePower": [210.60000610351562, 298.3500061035156, 386.1000061035156], "Stun": [1.5, 1.5, 1.5]}}, "Stats": {"AbilityPenetrationRating": [0.0], "AttackRating": [0.0], "AttackSpeedRating": [100.0], "BaseAttackTime": [0.8999999761581421], "BasicPenetrationRating": [0.0], "CleaveRating": [0.20000000298023224], "CriticalDamageBonus": [1.0], "LeftClickARC": [1.0], "LeftClickBasePower": [67.5, 70.3499984741211, 73.19999694824219, 76.05000305175781, 78.9000015258789, 81.75, 84.5999984741211, 87.44999694824219, 90.30000305175781, 93.1500015258789, 96.0, 98.8499984741211, 101.69999694824219, 104.55000305175781, 107.4000015258789, 110.25, 113.0999984741211, 115.94999694824219, 118.80000305175781, 121.6500015258789], "Energy": [322.9200134277344, 346.9200134277344, 370.9200134277344, 394.9200134277344, 418.9200134277344, 442.9200134277344, 466.9200134277344, 490.9200134277344, 514.9199829101562, 538.9199829101562, 562.9199829101562, 586.9199829101562, 610.9199829101562, 634.9199829101562, 658.9199829101562, 682.9199829101562, 706.9199829101562, 730.9199829101562, 754.9199829101562, 778.9199829101562], "EnergyRegenRate": [1.4764000177383423, 1.556399941444397, 1.6363999843597412, 1.7164000272750854, 1.7963999509811401, 1.8763999938964844, 1.9564000368118286, 2.036400079727173, 2.1164000034332275, 2.1963999271392822, 2.276400089263916, 2.3564000129699707, 2.4363999366760254, 2.516400098800659, 2.596400022506714, 2.6763999462127686, 2.7564001083374023, 2.836400032043457, 2.9163999557495117, 2.9964001178741455], "MaxEnergy": [322.9200134277344, 346.9200134277344, 370.9200134277344, 394.9200134277344, 418.9200134277344, 442.9200134277344, 466.9200134277344, 490.9200134277344, 514.9199829101562, 538.9199829101562, 562.9199829101562, 586.9199829101562, 610.9199829101562, 634.9199829101562, 658.9199829101562, 682.9199829101562, 706.9199829101562, 730.9199829101562, 754.9199829101562, 778.9199829101562], "AbilityResistanceRating": [25.0], "BasicResistanceRating": [34.79999923706055, 37.095001220703125, 39.38999938964844, 41.685001373291016, 43.97999954223633, 46.275001525878906, 48.56999969482422, 50.8650016784668, 53.15999984741211, 55.45500183105469, 57.75, 60.04499816894531, 62.34000015258789, 64.63500213623047, 66.93000030517578, 69.2249984741211, 71.5199966430664, 73.81500244140625, 76.11000061035156, 78.40499877929688], "CriticallyWoundedThresholdPCT": [0.25], "Health": [818.7479858398438, 908.8380126953125, 998.927978515625, 1089.0179443359375, 1179.1080322265625, 1269.197998046875, 1359.2879638671875, 1449.3780517578125, 1539.468017578125, 1629.5579833984375, 1719.64794921875, 1809.738037109375, 1899.8280029296875, 1989.91796875, 2080.008056640625, 2170.097900390625, 2260.18798828125, 2350.278076171875, 2440.367919921875, 2530.4580078125], "HealthRegenRate": [1.2996000051498413, 1.4426000118255615, 1.5856000185012817, 1.728600025177002, 1.8716000318527222, 2.0146000385284424, 2.157599925994873, 2.300600051879883, 2.4435999393463135, 2.5866000652313232, 2.729599952697754, 2.8726000785827637, 3.0155999660491943, 3.158600091934204, 3.3015999794006348, 3.4446001052856445, 3.587599992752075, 3.730600118637085, 3.8736000061035156, 4.016600131988525], "MaxHealth": [818.7479858398438, 908.8380126953125, 998.927978515625, 1089.0179443359375, 1179.1080322265625, 1269.197998046875, 1359.2879638671875, 1449.3780517578125, 1539.468017578125, 1629.5579833984375, 1719.64794921875, 1809.738037109375, 1899.8280029296875, 1989.91796875, 2080.008056640625, 2170.097900390625, 2260.18798828125, 2350.278076171875, 2440.367919921875, 2530.4580078125], "MaxMoveSpeed": [690.0], "VisionRadius": [5000.0], "CXPBounty": [455.0], "CXPSpawnTime": [1.5], "GainXPFromKills": [1.0], "MaxCardLevel": [20.0], "MaxLevel": [20.0], "XPBounty": [55.0, 66.96094512939453, 78.8006591796875, 90.35697174072266, 101.83509063720703, 135.3509063720703, 148.71578979492188, 162.11434936523438, 175.35400390625, 182.0854949951172, 220.5879669189453, 228.08668518066406, 235.84031677246094, 243.85751342773438, 252.1472625732422, 297.96435546875, 308.0934143066406, 318.5668029785156, 329.396240234375, 340.59381103515625], "XPToLevel": [110.0, 133.92189025878906, 157.601318359375, 180.7139434814453, 203.67018127441406, 225.5848388671875, 247.8596649169922, 270.1905822753906, 292.2566833496094, 303.475830078125, 315.12567138671875, 325.8381042480469, 336.91473388671875, 348.3678894042969, 360.21038818359375, 372.4554443359375, 385.11676025390625, 398.2085266113281, 411.74530029296875, 425.74224853515625]}}