{"Abilities": {"Alternate": {"Cooldown": [14.0, 13.0, 12.0, 11.0], "Cost": [-110.0, -110.0, -110.0, -110.0], "ARC": [1.6699999570846558, 1.6699999570846558, 1.6699999570846558, 1.6699999570846558], "BasePower": [94.0, 140.0, 187.0, 234.0], "Range": [1525.0, 1525.0, 1525.0, 1525.0]}, "Primary": {"Cooldown": [8.0, 7.0, 6.0, 5.0], "Cost": [-40.0, -40.0, -40.0, -40.0], "ARC": [1.6699999570846558, 1.6699999570846558, 1.6699999570846558, 1.6699999570846558], "BasePower": [88.0, 135.0, 181.0, 228.0], "MovementSpeed": [-0.23999999463558197, -0.3199999928474426, -0.4000000059604645, -0.47999998927116394], "Silence": [2.5, 2.5, 2.5, 2.5], "Slow": [2.5, 2.5, 2.5, 2.5]}, "Secondary": {"Cooldown": [9.0, 8.0, 7.0, 6.0], "Cost": [-80.0, -90.0, -100.0, -110.0], "ARC": [3.130000114440918, 3.130000114440918, 3.130000114440918, 3.130000114440918], "BasePower": [129.0, 216.0, 304.0, 392.0], "Duration": [5.0, 5.0, 5.0, 5.0]}, "Ultimate": {"Cooldown": [60.0, 45.0, 30.0], "Cost": [-75.0, -100.0, -125.0], "ARC": [3.130000114440918, 3.130000114440918, 3.130000114440918], "BasePower": [211.0, 298.0, 386.0], "Stun": [1.5, 1.5, 1.5]}}, "Stats": {"AbilityPenetrationRating": [0.0], "AttackRating": [0.0], "AttackSpeedRating": [100.0], "BaseAttackTime": [0.8999999761581421], "BasicPenetrationRating": [0.0], "CleaveRating": [0.20000000298023224], "CriticalDamageBonus": [1.0], "LeftClickARC": [1.0], "LeftClickBasePower": [70.19999694824219, 72.9000015258789, 75.5999984741211, 78.30000305175781, 81.0, 83.69999694824219, 86.4000015258789, 89.0999984741211, 91.80000305175781, 94.5, 97.19999694824219, 99.9000015258789, 102.5999984741211, 105.30000305175781, 108.0, 110.69999694824219, 113.4000015258789, 116.0999984741211, 118.80000305175781, 121.5], "Energy": [323.0, 347.0, 371.0, 395.0, 419.0, 443.0, 467.0, 491.0, 515.0, 539.0, 563.0, 587.0, 611.0, 635.0, 659.0, 683.0, 707.0, 731.0, 755.0, 779.0], "EnergyRegenRate": [1.4800000190734863, 1.559999942779541, 1.6399999856948853, 1.7200000286102295, 1.7999999523162842, 1.8799999952316284, 1.9600000381469727, 2.0399999618530273, 2.119999885559082, 2.200000047683716, 2.2799999713897705, 2.359999895095825, 2.440000057220459, 2.5199999809265137, 2.5999999046325684, 2.680000066757202, 2.759999990463257, 2.8399999141693115, 2.9200000762939453, 3.0], "MaxEnergy": [323.0, 347.0, 371.0, 395.0, 419.0, 443.0, 467.0, 491.0, 515.0, 539.0, 563.0, 587.0, 611.0, 635.0, 659.0, 683.0, 707.0, 731.0, 755.0, 779.0], "AbilityResistanceRating": [30.0], "BasicResistanceRating": [24.600000381469727, 27.299999237060547, 29.899999618530273, 32.599998474121094, 35.20000076293945, 37.79999923706055, 40.5, 43.099998474121094, 45.70000076293945, 48.400001525878906, 51.0, 53.599998474121094, 56.29999923706055, 58.900001525878906, 61.5, 64.19999694824219, 66.80000305175781, 69.4000015258789, 72.0999984741211, 74.69999694824219], "CriticallyWoundedThresholdPCT": [0.25], "Health": [819.0, 909.0, 999.0, 1089.0, 1179.0, 1269.0, 1359.0, 1449.0, 1539.0, 1630.0, 1720.0, 1810.0, 1900.0, 1990.0, 2080.0, 2170.0, 2260.0, 2350.0, 2440.0, 2530.0], "HealthRegenRate": [1.2999999523162842, 1.440000057220459, 1.590000033378601, 1.7300000190734863, 1.8700000047683716, 2.009999990463257, 2.1600000858306885, 2.299999952316284, 2.440000057220459, 2.5899999141693115, 2.7300000190734863, 2.869999885559082, 3.0199999809265137, 3.1600000858306885, 3.299999952316284, 3.440000057220459, 3.5899999141693115, 3.7300000190734863, 3.869999885559082, 4.019999980926514], "MaxHealth": [819.0, 909.0, 999.0, 1089.0, 1179.0, 1269.0, 1359.0, 1449.0, 1539.0, 1630.0, 1720.0, 1810.0, 1900.0, 1990.0, 2080.0, 2170.0, 2260.0, 2350.0, 2440.0, 2530.0], "MaxMoveSpeed": [650.0], "VisionRadius": [5000.0], "CXPBounty": [550.0], "CXPSpawnTime": [1.5], "GainXPFromKills": [1.0], "MaxCardLevel": [20.0], "MaxLevel": [20.0], "XPBounty": [38.5, 51.10177230834961, 65.11422729492188, 80.37014770507812, 97.01132202148438, 114.57335662841797, 133.71376037597656, 154.2930450439453, 176.12310791015625, 192.4675750732422, 209.80735778808594, 227.22921752929688, 245.59310913085938, 264.94293212890625, 285.32452392578125, 306.7856750488281, 329.3761901855469, 353.1480712890625, 378.1555480957031, 404.45513916015625], "XPToLevel": [110.0, 133.92189025878906, 157.601318359375, 180.7139434814453, 203.67018127441406, 225.5848388671875, 247.8596649169922, 270.1905822753906, 292.2566833496094, 303.475830078125, 315.12567138671875, 325.8381042480469, 336.91473388671875, 348.3678894042969, 360.21038818359375, 372.4554443359375, 385.11676025390625, 398.2085266113281, 411.74530029296875, 425.74224853515625]}}