{"Abilities": {"Alternate": {"Cooldown": [14.0, 14.0, 14.0, 14.0], "Cost": [-110.0, -110.0, -110.0, -110.0], "ARC": [1.6699999570846558, 1.6699999570846558, 1.6699999570846558, 1.6699999570846558], "BasePower": [94.0, 140.0, 187.0, 234.0], "Range": [1525.0, 1525.0, 1525.0, 1525.0]}, "Primary": {"Cooldown": [4.0, 4.0, 4.0, 4.0], "Cost": [-40.0, -40.0, -40.0, -40.0], "ARC": [1.25, 1.25, 1.25, 1.25], "BasePower": [70.0, 105.0, 140.0, 175.0], "MovementSpeed": [-75.0, -100.0, -125.0, -150.0], "Silence": [1.5, 1.5, 1.5, 1.5], "Slow": [1.5, 1.5, 1.5, 1.5]}, "Secondary": {"Cooldown": [9.0, 8.0, 7.0, 6.0], "Cost": [-80.0, -90.0, -100.0, -110.0], "ARC": [3.130000114440918, 3.130000114440918, 3.130000114440918, 3.130000114440918], "BasePower": [129.0, 216.0, 304.0, 392.0], "Duration": [5.0, 5.0, 5.0, 5.0]}, "Ultimate": {"Cooldown": [105.0, 90.0, 75.0], "Cost": [-75.0, -100.0, -125.0], "ARC": [3.130000114440918, 3.130000114440918, 3.130000114440918], "BasePower": [211.0, 298.0, 386.0], "Stun": [1.5, 1.5, 1.5]}}, "Stats": {"AbilityPenetrationRating": [0.0], "AttackRating": [0.0], "AttackSpeedRating": [100.0], "BaseAttackTime": [0.8999999761581421], "BasicPenetrationRating": [0.0], "CleaveRating": [0.20000000298023224], "CriticalDamageBonus": [1.0], "LeftClickARC": [1.0], "LeftClickBasePower": [67.5, 70.30000305175781, 73.19999694824219, 76.0, 78.9000015258789, 81.80000305175781, 84.5999984741211, 87.4000015258789, 90.30000305175781, 93.19999694824219, 96.0, 98.80000305175781, 101.69999694824219, 104.5999984741211, 107.4000015258789, 110.30000305175781, 113.0999984741211, 115.9000015258789, 118.80000305175781, 121.5999984741211], "Energy": [323.0, 347.0, 371.0, 395.0, 419.0, 443.0, 467.0, 491.0, 515.0, 539.0, 563.0, 587.0, 611.0, 635.0, 659.0, 683.0, 707.0, 731.0, 755.0, 779.0], "EnergyRegenRate": [1.4800000190734863, 1.559999942779541, 1.6399999856948853, 1.7200000286102295, 1.7999999523162842, 1.8799999952316284, 1.9600000381469727, 2.0399999618530273, 2.119999885559082, 2.200000047683716, 2.2799999713897705, 2.359999895095825, 2.440000057220459, 2.5199999809265137, 2.5999999046325684, 2.680000066757202, 2.759999990463257, 2.8399999141693115, 2.9200000762939453, 3.0], "MaxEnergy": [323.0, 347.0, 371.0, 395.0, 419.0, 443.0, 467.0, 491.0, 515.0, 539.0, 563.0, 587.0, 611.0, 635.0, 659.0, 683.0, 707.0, 731.0, 755.0, 779.0], "AbilityResistanceRating": [25.0], "BasicResistanceRating": [34.79999923706055, 37.099998474121094, 39.400001525878906, 41.70000076293945, 44.0, 46.29999923706055, 48.599998474121094, 50.900001525878906, 53.20000076293945, 55.5, 57.79999923706055, 60.0, 62.29999923706055, 64.5999984741211, 66.9000015258789, 69.19999694824219, 71.5, 73.80000305175781, 76.0999984741211, 78.4000015258789], "CriticallyWoundedThresholdPCT": [0.25], "Health": [819.0, 909.0, 999.0, 1089.0, 1179.0, 1269.0, 1359.0, 1449.0, 1539.0, 1630.0, 1720.0, 1810.0, 1900.0, 1990.0, 2080.0, 2170.0, 2260.0, 2350.0, 2440.0, 2530.0], "HealthRegenRate": [1.2999999523162842, 1.440000057220459, 1.590000033378601, 1.7300000190734863, 1.8700000047683716, 2.009999990463257, 2.1600000858306885, 2.299999952316284, 2.440000057220459, 2.5899999141693115, 2.7300000190734863, 2.869999885559082, 3.0199999809265137, 3.1600000858306885, 3.299999952316284, 3.440000057220459, 3.5899999141693115, 3.7300000190734863, 3.869999885559082, 4.019999980926514], "MaxHealth": [819.0, 909.0, 999.0, 1089.0, 1179.0, 1269.0, 1359.0, 1449.0, 1539.0, 1630.0, 1720.0, 1810.0, 1900.0, 1990.0, 2080.0, 2170.0, 2260.0, 2350.0, 2440.0, 2530.0], "MaxMoveSpeed": [690.0], "VisionRadius": [5000.0], "CXPBounty": [550.0], "CXPSpawnTime": [1.5], "GainXPFromKills": [1.0], "MaxCardLevel": [20.0], "MaxLevel": [20.0], "XPBounty": [55.0, 66.96094512939453, 78.8006591796875, 90.35697174072266, 101.83509063720703, 135.3509063720703, 148.71578979492188, 162.11434936523438, 175.35400390625, 182.0854949951172, 220.5879669189453, 228.08668518066406, 235.84031677246094, 243.85751342773438, 252.1472625732422, 297.96435546875, 308.0934143066406, 318.5668029785156, 329.396240234375, 340.59381103515625], "XPToLevel": [110.0, 133.92189025878906, 157.601318359375, 180.7139434814453, 203.67018127441406, 225.5848388671875, 247.8596649169922, 270.1905822753906, 292.2566833496094, 303.475830078125, 315.12567138671875, 325.8381042480469, 336.91473388671875, 348.3678894042969, 360.21038818359375, 372.4554443359375, 385.11676025390625, 398.2085266113281, 411.74530029296875, 425.74224853515625]}}