{"Abilities": {"Alternate": {"Cooldown": [16.0, 14.0, 12.0, 10.0], "Cost": [-25.0, -25.0, -25.0, -25.0], "ARC": [0.0, 0.0, 0.0, 0.0], "BasePower": [0.0, 0.0, 0.0, 0.0], "Mana": [0.25, 0.4000000059604645, 0.550000011920929, 0.699999988079071], "ShieldDuration": [1.0, 1.0, 1.0, 1.0]}, "Primary": {"Cooldown": [21.0, 17.0, 13.0, 9.0], "Cost": [-75.0, -90.0, -105.0, -120.0], "ARC": [0.5, 0.5, 0.5, 0.5], "BasePower": [75.0, 120.0, 165.0, 210.0], "MovementSpeed.Ability.Basic.Primary": [-80.0, -135.0, -190.0, -245.0]}, "Secondary": {"Cooldown": [1.0, 1.0, 1.0, 1.0], "Cost": [-12.0, -18.0, -24.0, -30.0], "ARC": [0.0, 0.0, 0.0, 0.0], "BasePower": [0.0, 0.0, 0.0, 0.0]}, "Ultimate": {"Cooldown": [100.0, 85.0, 70.0], "Cost": [-85.0, -105.0, -125.0], "ARC": [1.100000023841858, 1.100000023841858, 1.100000023841858], "BasePower": [210.0, 285.0, 360.0]}}, "Stats": {"AbilityPenetrationRating": [0.0], "AttackRating": [0.0], "AttackSpeedRating": [100.0, 102.80000305175781, 105.5999984741211, 108.4000015258789, 111.19999694824219, 114.0, 116.80000305175781, 119.5999984741211, 122.4000015258789, 125.19999694824219, 128.0, 130.8000030517578, 133.60000610351562, 136.39999389648438, 139.1999969482422, 142.0, 144.8000030517578, 147.60000610351562, 150.39999389648438, 153.1999969482422], "BaseAttackTime": [1.2000000476837158], "BasicPenetrationRating": [0.0], "CleaveRating": [0.0], "CriticalDamageBonus": [1.5], "LeftClickARC": [0.9200000166893005], "LeftClickBasePower": [55.0, 56.599998474121094, 58.20000076293945, 59.79999923706055, 61.400001525878906, 63.0, 64.5999984741211, 66.19999694824219, 67.80000305175781, 69.4000015258789, 71.0, 72.5999984741211, 74.19999694824219, 75.80000305175781, 77.4000015258789, 79.0, 80.5999984741211, 82.19999694824219, 83.80000305175781, 85.4000015258789], "Energy": [180.0, 213.60000610351562, 247.1999969482422, 280.79998779296875, 314.3999938964844, 348.0, 381.6000061035156, 415.20001220703125, 448.79998779296875, 482.3999938964844, 516.0, 549.5999755859375, 583.2000122070312, 616.7999877929688, 650.4000244140625, 684.0, 717.5999755859375, 751.2000122070312, 784.7999877929688, 818.4000244140625], "EnergyRegenRate": [0.800000011920929, 0.9200000166893005, 1.0399999618530273, 1.159999966621399, 1.2799999713897705, 1.399999976158142, 1.5199999809265137, 1.6399999856948853, 1.7599999904632568, 1.8799999952316284, 2.0, 2.119999885559082, 2.240000009536743, 2.359999895095825, 2.4800000190734863, 2.5999999046325684, 2.7200000286102295, 2.8399999141693115, 2.9600000381469727, 3.0799999237060547], "MaxEnergy": [180.0, 213.60000610351562, 247.1999969482422, 280.79998779296875, 314.3999938964844, 348.0, 381.6000061035156, 415.20001220703125, 448.79998779296875, 482.3999938964844, 516.0, 549.5999755859375, 583.2000122070312, 616.7999877929688, 650.4000244140625, 684.0, 717.5999755859375, 751.2000122070312, 784.7999877929688, 818.4000244140625], "AbilityResistanceRating": [20.0, 20.75, 21.5, 22.25, 23.0, 23.75, 24.5, 25.25, 26.0, 26.75, 27.5, 28.25, 29.0, 29.75, 30.5, 31.25, 32.0, 32.75, 33.5, 34.25], "BasicResistanceRating": [18.0, 20.0, 22.0, 24.0, 26.0, 28.0, 30.0, 32.0, 34.0, 36.0, 38.0, 40.0, 42.0, 44.0, 46.0, 48.0, 50.0, 52.0, 54.0, 56.0], "CriticallyWoundedThresholdPCT": [0.25], "Health": [475.0, 539.030029296875, 603.0599975585938, 667.0900268554688, 731.1199951171875, 795.1500244140625, 859.1799926757812, 923.2100219726562, 987.239990234375, 1051.27001953125, 1115.300048828125, 1179.3299560546875, 1243.3599853515625, 1307.3900146484375, 1371.4200439453125, 1435.449951171875, 1499.47998046875, 1563.510009765625, 1627.5400390625, 1691.5699462890625], "HealthRegenRate": [1.25, 1.4500000476837158, 1.649999976158142, 1.850000023841858, 2.049999952316284, 2.25, 2.450000047683716, 2.6500000953674316, 2.8499999046325684, 3.049999952316284, 3.25, 3.450000047683716, 3.6500000953674316, 3.8499999046325684, 4.050000190734863, 4.25, 4.449999809265137, 4.650000095367432, 4.849999904632568, 5.050000190734863], "MaxHealth": [475.0, 539.030029296875, 603.0599975585938, 667.0900268554688, 731.1199951171875, 795.1500244140625, 859.1799926757812, 923.2100219726562, 987.239990234375, 1051.27001953125, 1115.300048828125, 1179.3299560546875, 1243.3599853515625, 1307.3900146484375, 1371.4200439453125, 1435.449951171875, 1499.47998046875, 1563.510009765625, 1627.5400390625, 1691.5699462890625], "MaxMoveSpeed": [720.0], "VisionRadius": [5000.0], "CXPBounty": [675.0], "CXPSpawnTime": [1.5], "GainXPFromKills": [1.0], "MaxCardLevel": [20.0], "MaxLevel": [15.0], "XPBounty": [49.5, 65.25, 83.25, 101.25, 121.5, 144.0, 166.5, 189.0, 213.75, 238.5, 263.25, 285.75, 306.0, 324.0, 338.8500061035156, 551.4072875976562, 651.6632080078125, 770.1473999023438, 910.1741943359375, 1075.660400390625], "XPToLevel": [110.0, 145.0, 185.0, 225.0, 270.0, 320.0, 370.0, 420.0, 475.0, 530.0, 585.0, 635.0, 680.0, 720.0, 753.0, 1225.349609375, 1448.140380859375, 1711.438720703125, 2022.609375, 2390.3564453125]}}