{"Abilities": {"Alternate": {"Cooldown": [14.0, 12.0, 10.0, 8.0], "Cost": [0.0, 0.0, 0.0, 0.0], "ARC": [0.0, 0.0, 0.0, 0.0], "BasePower": [0.0, 0.0, 0.0, 0.0], "Mana": [0.20000000298023224, 0.3499999940395355, 0.5, 0.6499999761581421], "ShieldDuration": [2.0, 2.0, 2.0, 2.0]}, "Primary": {"Cooldown": [10.0, 10.0, 10.0, 10.0], "Cost": [-75.0, -75.0, -75.0, -75.0], "ARC": [1.8799999952316284, 1.8799999952316284, 1.8799999952316284, 1.8799999952316284], "BasePower": [88.0, 140.0, 193.0, 246.0], "MovementSpeed.Ability.Basic.Primary": [-0.30000001192092896, -0.36000001430511475, -0.41999998688697815, -0.47999998927116394]}, "Secondary": {"Cooldown": [1.0, 1.0, 1.0, 1.0], "Cost": [-10.0, -15.0, -20.0, -25.0], "Slow.Duration": [0.800000011920929, 0.800000011920929, 0.800000011920929, 0.800000011920929], "ARC": [0.0, 0.0, 0.0, 0.0], "BasePower": [0.0, 0.0, 0.0, 0.0]}, "Ultimate": {"Cooldown": [15.0, 15.0, 15.0], "Cost": [-75.0, -125.0, -175.0], "ARC": [3.130000114440918, 3.130000114440918, 3.130000114440918], "BasePower": [246.0, 333.0, 421.0]}}, "Stats": {"AbilityPenetrationRating": [0.0], "AttackRating": [0.0], "AttackSpeedRating": [100.0, 103.0, 106.0, 109.0, 112.0, 115.0, 118.0, 121.0, 124.0, 127.0, 130.0, 133.0, 136.0, 139.0, 142.0, 145.0, 148.0, 151.0, 154.0, 157.0], "BaseAttackTime": [0.800000011920929], "BasicPenetrationRating": [0.0], "CleaveRating": [0.0], "CriticalDamageBonus": [1.0], "LeftClickARC": [1.0], "LeftClickBasePower": [56.20000076293945, 60.29999923706055, 64.4000015258789, 68.5, 72.69999694824219, 76.80000305175781, 80.9000015258789, 85.0, 89.19999694824219, 93.30000305175781, 97.4000015258789, 101.5, 105.69999694824219, 109.80000305175781, 113.9000015258789, 118.0, 122.19999694824219, 126.30000305175781, 130.39999389648438, 134.5], "Energy": [277.0, 292.0, 307.0, 322.0, 337.0, 352.0, 367.0, 382.0, 397.0, 412.0, 427.0, 442.0, 457.0, 472.0, 487.0, 502.0, 517.0, 532.0, 547.0, 562.0], "EnergyRegenRate": [1.0199999809265137, 1.0700000524520874, 1.1200000047683716, 1.1699999570846558, 1.2200000286102295, 1.2699999809265137, 1.3200000524520874, 1.3700000047683716, 1.4199999570846558, 1.4700000286102295, 1.5199999809265137, 1.5700000524520874, 1.6200000047683716, 1.6699999570846558, 1.7200000286102295, 1.7699999809265137, 1.8200000524520874, 1.8700000047683716, 1.9199999570846558, 1.9700000286102295], "MaxEnergy": [277.0, 292.0, 307.0, 322.0, 337.0, 352.0, 367.0, 382.0, 397.0, 412.0, 427.0, 442.0, 457.0, 472.0, 487.0, 502.0, 517.0, 532.0, 547.0, 562.0], "AbilityResistanceRating": [30.0], "BasicResistanceRating": [12.199999809265137, 14.800000190734863, 17.299999237060547, 19.899999618530273, 22.399999618530273, 24.899999618530273, 27.5, 30.0, 32.599998474121094, 35.099998474121094, 37.70000076293945, 40.20000076293945, 42.70000076293945, 45.29999923706055, 47.79999923706055, 50.400001525878906, 52.900001525878906, 55.5, 58.0, 60.5], "CriticallyWoundedThresholdPCT": [0.25], "Health": [633.0, 699.0, 765.0, 831.0, 896.0, 962.0, 1028.0, 1093.0, 1159.0, 1225.0, 1291.0, 1356.0, 1422.0, 1488.0, 1553.0, 1619.0, 1685.0, 1751.0, 1816.0, 1882.0], "HealthRegenRate": [1.059999942779541, 1.1699999570846558, 1.2699999809265137, 1.3799999952316284, 1.4900000095367432, 1.600000023841858, 1.7100000381469727, 1.8200000524520874, 1.9299999475479126, 2.0399999618530273, 2.1500000953674316, 2.259999990463257, 2.369999885559082, 2.4800000190734863, 2.5899999141693115, 2.700000047683716, 2.809999942779541, 2.9200000762939453, 3.0299999713897705, 3.140000104904175], "MaxHealth": [633.0, 699.0, 765.0, 831.0, 896.0, 962.0, 1028.0, 1093.0, 1159.0, 1225.0, 1291.0, 1356.0, 1422.0, 1488.0, 1553.0, 1619.0, 1685.0, 1751.0, 1816.0, 1882.0], "MaxMoveSpeed": [660.0], "VisionRadius": [5000.0], "CXPBounty": [550.0], "CXPSpawnTime": [1.5], "GainXPFromKills": [1.0], "MaxCardLevel": [20.0], "MaxLevel": [20.0], "XPBounty": [38.5, 51.10177230834961, 65.11422729492188, 80.37014770507812, 97.01132202148438, 114.57335662841797, 133.71376037597656, 154.2930450439453, 176.12310791015625, 192.4675750732422, 209.80735778808594, 227.22921752929688, 245.59310913085938, 264.94293212890625, 285.32452392578125, 306.7856750488281, 329.3761901855469, 353.1480712890625, 378.1555480957031, 404.45513916015625], "XPToLevel": [110.0, 133.92189025878906, 157.601318359375, 180.7139434814453, 203.67018127441406, 225.5848388671875, 247.8596649169922, 270.1905822753906, 292.2566833496094, 303.475830078125, 315.12567138671875, 325.8381042480469, 336.91473388671875, 348.3678894042969, 360.21038818359375, 372.4554443359375, 385.11676025390625, 398.2085266113281, 411.74530029296875, 425.74224853515625]}}