{"Abilities": {"Alternate": {"Cooldown": [14.0, 12.0, 10.0, 8.0], "Cost": [0.0, 0.0, 0.0, 0.0], "ARC": [0.0, 0.0, 0.0, 0.0], "BasePower": [0.0, 0.0, 0.0, 0.0], "Mana": [0.20000000298023224, 0.3499999940395355, 0.5, 0.6499999761581421], "ShieldDuration": [1.0, 1.0, 1.0, 1.0]}, "Primary": {"Cooldown": [10.0, 10.0, 10.0, 10.0], "Cost": [-75.0, -75.0, -75.0, -75.0], "ARC": [1.8799999952316284, 1.8799999952316284, 1.8799999952316284, 1.8799999952316284], "BasePower": [88.0, 140.0, 193.0, 246.0], "MovementSpeed.Ability.Basic.Primary": [-50.0, -90.0, -130.0, -170.0]}, "Secondary": {"Cooldown": [1.0, 1.0, 1.0, 1.0], "Cost": [-14.0, -21.0, -28.0, -35.0], "ARC": [0.0, 0.0, 0.0, 0.0], "BasePower": [0.0, 0.0, 0.0, 0.0]}, "Ultimate": {"Cooldown": [15.0, 15.0, 15.0], "Cost": [-75.0, -125.0, -175.0], "ARC": [3.130000114440918, 3.130000114440918, 3.130000114440918], "BasePower": [246.0, 333.0, 421.0]}}, "Stats": {"AbilityPenetrationRating": [0.0], "AttackRating": [0.0], "AttackSpeedRating": [100.0, 103.0, 106.0, 109.0, 112.0, 115.0, 118.0, 121.0, 124.0, 127.0, 130.0, 133.0, 136.0, 139.0, 142.0, 145.0, 148.0, 151.0, 154.0, 157.0], "BaseAttackTime": [0.800000011920929], "BasicPenetrationRating": [0.0], "CleaveRating": [0.0], "CriticalDamageBonus": [1.0], "LeftClickARC": [1.0], "LeftClickBasePower": [54.0, 57.79999923706055, 61.5, 65.30000305175781, 69.0, 72.80000305175781, 76.5, 80.30000305175781, 84.0, 87.80000305175781, 91.5, 95.30000305175781, 99.0, 102.80000305175781, 106.5, 110.30000305175781, 114.0, 117.80000305175781, 121.5, 125.30000305175781], "Energy": [277.0, 292.0, 307.0, 322.0, 337.0, 352.0, 367.0, 382.0, 397.0, 412.0, 427.0, 442.0, 457.0, 472.0, 487.0, 502.0, 517.0, 532.0, 547.0, 562.0], "EnergyRegenRate": [1.0199999809265137, 1.0700000524520874, 1.1200000047683716, 1.1699999570846558, 1.2200000286102295, 1.2699999809265137, 1.3200000524520874, 1.3700000047683716, 1.4199999570846558, 1.4700000286102295, 1.5199999809265137, 1.5700000524520874, 1.6200000047683716, 1.6699999570846558, 1.7200000286102295, 1.7699999809265137, 1.8200000524520874, 1.8700000047683716, 1.9199999570846558, 1.9700000286102295], "MaxEnergy": [277.0, 292.0, 307.0, 322.0, 337.0, 352.0, 367.0, 382.0, 397.0, 412.0, 427.0, 442.0, 457.0, 472.0, 487.0, 502.0, 517.0, 532.0, 547.0, 562.0], "AbilityResistanceRating": [25.0], "BasicResistanceRating": [17.299999237060547, 19.5, 21.700000762939453, 23.899999618530273, 26.100000381469727, 28.399999618530273, 30.600000381469727, 32.79999923706055, 35.0, 37.20000076293945, 39.400001525878906, 41.599998474121094, 43.79999923706055, 46.099998474121094, 48.29999923706055, 50.5, 52.70000076293945, 54.900001525878906, 57.099998474121094, 59.29999923706055], "CriticallyWoundedThresholdPCT": [0.25], "Health": [633.0, 697.0, 760.0, 823.0, 887.0, 950.0, 1013.0, 1076.0, 1140.0, 1203.0, 1266.0, 1329.0, 1393.0, 1456.0, 1519.0, 1583.0, 1646.0, 1709.0, 1772.0, 1836.0], "HealthRegenRate": [1.059999942779541, 1.159999966621399, 1.2699999809265137, 1.3700000047683716, 1.4800000190734863, 1.5800000429153442, 1.690000057220459, 1.7899999618530273, 1.899999976158142, 2.0, 2.109999895095825, 2.2200000286102295, 2.319999933242798, 2.430000066757202, 2.5299999713897705, 2.640000104904175, 2.740000009536743, 2.8499999046325684, 2.950000047683716, 3.059999942779541], "MaxHealth": [633.0, 697.0, 760.0, 823.0, 887.0, 950.0, 1013.0, 1076.0, 1140.0, 1203.0, 1266.0, 1329.0, 1393.0, 1456.0, 1519.0, 1583.0, 1646.0, 1709.0, 1772.0, 1836.0], "MaxMoveSpeed": [700.0], "VisionRadius": [5000.0], "CXPBounty": [550.0], "CXPSpawnTime": [1.5], "GainXPFromKills": [1.0], "MaxCardLevel": [20.0], "MaxLevel": [20.0], "XPBounty": [55.0, 66.96094512939453, 78.8006591796875, 90.35697174072266, 101.83509063720703, 135.3509063720703, 148.71578979492188, 162.11434936523438, 175.35400390625, 182.0854949951172, 220.5879669189453, 228.08668518066406, 235.84031677246094, 243.85751342773438, 252.1472625732422, 297.96435546875, 308.0934143066406, 318.5668029785156, 329.396240234375, 340.59381103515625], "XPToLevel": [110.0, 133.92189025878906, 157.601318359375, 180.7139434814453, 203.67018127441406, 225.5848388671875, 247.8596649169922, 270.1905822753906, 292.2566833496094, 303.475830078125, 315.12567138671875, 325.8381042480469, 336.91473388671875, 348.3678894042969, 360.21038818359375, 372.4554443359375, 385.11676025390625, 398.2085266113281, 411.74530029296875, 425.74224853515625]}}