{"Abilities": {"Alternate": {"Cooldown": [14.0, 12.0, 10.0, 8.0], "Cost": [-40.0, -40.0, -40.0, -40.0], "ARC": [0.0, 0.0, 0.0, 0.0], "BasePower": [0.0, 0.0, 0.0, 0.0], "Mana": [0.20000000298023224, 0.3499999940395355, 0.5, 0.6499999761581421], "ShieldDuration": [1.0, 1.0, 1.0, 1.0]}, "Primary": {"Cooldown": [10.0, 10.0, 10.0, 10.0], "Cost": [-75.0, -75.0, -75.0, -75.0], "ARC": [1.8803571462631226, 1.8803571462631226, 1.8803571462631226, 1.8803571462631226], "BasePower": [87.75, 140.39999389648438, 193.0500030517578, 245.6999969482422], "MovementSpeed.Ability.Basic.Primary": [-50.0, -90.0, -130.0, -170.0]}, "Secondary": {"Cooldown": [1.0, 1.0, 1.0, 1.0], "Cost": [-14.0, -21.0, -28.0, -35.0], "ARC": [0.0, 0.0, 0.0, 0.0], "BasePower": [0.0, 0.0, 0.0, 0.0]}, "Ultimate": {"Cooldown": [15.0, 15.0, 15.0], "Cost": [-75.0, -125.0, -175.0], "ARC": [3.1339285373687744, 3.1339285373687744, 3.1339285373687744], "BasePower": [245.6999969482422, 333.45001220703125, 421.20001220703125]}}, "Stats": {"AbilityPenetrationRating": [0.0], "AttackRating": [0.0], "AttackSpeedRating": [100.0, 103.0, 106.0, 109.0, 112.0, 115.0, 118.0, 121.0, 124.0, 127.0, 130.0, 133.0, 136.0, 139.0, 142.0, 145.0, 148.0, 151.0, 154.0, 157.0], "BaseAttackTime": [0.800000011920929], "BasicPenetrationRating": [0.0], "CleaveRating": [0.0], "CriticalDamageBonus": [1.0], "LeftClickARC": [1.0], "LeftClickBasePower": [54.0, 57.75, 61.5, 65.25, 69.0, 72.75, 76.5, 80.25, 84.0, 87.75, 91.5, 95.25, 99.0, 102.75, 106.5, 110.25, 114.0, 117.75, 121.5, 125.25], "Energy": [277.20001220703125, 292.20001220703125, 307.20001220703125, 322.20001220703125, 337.20001220703125, 352.20001220703125, 367.20001220703125, 382.20001220703125, 397.20001220703125, 412.20001220703125, 427.20001220703125, 442.20001220703125, 457.20001220703125, 472.20001220703125, 487.20001220703125, 502.20001220703125, 517.2000122070312, 532.2000122070312, 547.2000122070312, 562.2000122070312], "EnergyRegenRate": [1.0240000486373901, 1.0740000009536743, 1.1239999532699585, 1.1740000247955322, 1.2239999771118164, 1.2740000486373901, 1.3240000009536743, 1.3739999532699585, 1.4240000247955322, 1.4739999771118164, 1.5240000486373901, 1.5740000009536743, 1.6239999532699585, 1.6740000247955322, 1.7239999771118164, 1.7740000486373901, 1.8240000009536743, 1.8739999532699585, 1.9240000247955322, 1.9739999771118164], "MaxEnergy": [277.20001220703125, 292.20001220703125, 307.20001220703125, 322.20001220703125, 337.20001220703125, 352.20001220703125, 367.20001220703125, 382.20001220703125, 397.20001220703125, 412.20001220703125, 427.20001220703125, 442.20001220703125, 457.20001220703125, 472.20001220703125, 487.20001220703125, 502.20001220703125, 517.2000122070312, 532.2000122070312, 547.2000122070312, 562.2000122070312], "AbilityResistanceRating": [25.0], "BasicResistanceRating": [17.280000686645508, 19.493999481201172, 21.70800018310547, 23.922000885009766, 26.13599967956543, 28.350000381469727, 30.56399917602539, 32.77799987792969, 34.992000579833984, 37.20600128173828, 39.41999816894531, 41.63399887084961, 43.847999572753906, 46.0620002746582, 48.2760009765625, 50.4900016784668, 52.70399856567383, 54.917999267578125, 57.13199996948242, 59.34600067138672], "CriticallyWoundedThresholdPCT": [0.25], "Health": [592.0399780273438, 652.8800048828125, 713.719970703125, 774.5599975585938, 835.4000244140625, 896.239990234375, 957.0800170898438, 1017.9199829101562, 1078.760009765625, 1139.5999755859375, 1200.43994140625, 1261.280029296875, 1322.1199951171875, 1382.9599609375, 1443.800048828125, 1504.6400146484375, 1565.47998046875, 1626.3199462890625, 1687.1600341796875, 1748.0], "HealthRegenRate": [0.9867333173751831, 1.0881333351135254, 1.1895333528518677, 1.29093337059021, 1.3923333883285522, 1.493733286857605, 1.5951333045959473, 1.6965333223342896, 1.7979333400726318, 1.8993333578109741, 2.0007333755493164, 2.102133274078369, 2.203533411026001, 2.3049333095550537, 2.4063334465026855, 2.5077333450317383, 2.609133243560791, 2.710533380508423, 2.8119332790374756, 2.9133334159851074], "MaxHealth": [592.0399780273438, 652.8800048828125, 713.719970703125, 774.5599975585938, 835.4000244140625, 896.239990234375, 957.0800170898438, 1017.9199829101562, 1078.760009765625, 1139.5999755859375, 1200.43994140625, 1261.280029296875, 1322.1199951171875, 1382.9599609375, 1443.800048828125, 1504.6400146484375, 1565.47998046875, 1626.3199462890625, 1687.1600341796875, 1748.0], "MaxMoveSpeed": [700.0], "VisionRadius": [5000.0], "CXPBounty": [455.0], "CXPSpawnTime": [1.5], "GainXPFromKills": [1.0], "MaxCardLevel": [20.0], "MaxLevel": [20.0], "XPBounty": [55.0, 66.96094512939453, 78.8006591796875, 90.35697174072266, 101.83509063720703, 135.3509063720703, 148.71578979492188, 162.11434936523438, 175.35400390625, 182.0854949951172, 220.5879669189453, 228.08668518066406, 235.84031677246094, 243.85751342773438, 252.1472625732422, 297.96435546875, 308.0934143066406, 318.5668029785156, 329.396240234375, 340.59381103515625], "XPToLevel": [110.0, 133.92189025878906, 157.601318359375, 180.7139434814453, 203.67018127441406, 225.5848388671875, 247.8596649169922, 270.1905822753906, 292.2566833496094, 303.475830078125, 315.12567138671875, 325.8381042480469, 336.91473388671875, 348.3678894042969, 360.21038818359375, 372.4554443359375, 385.11676025390625, 398.2085266113281, 411.74530029296875, 425.74224853515625]}}