{"Abilities": {"Alternate": {"Cooldown": [12.0, 11.0, 10.0, 9.0], "Cost": [-36.900001525878906, -38.849998474121094, -40.79999923706055, -42.75], "ARC": [0.5, 0.5, 0.5, 0.5], "BasePower": [80.0, 160.0, 240.0, 320.0]}, "Primary": {"Cooldown": [12.0, 11.0, 10.0, 9.0], "Cost": [-36.900001525878906, -38.849998474121094, -40.79999923706055, -42.75], "ARC": [0.5, 0.5, 0.5, 0.5], "BasePower": [80.0, 160.0, 240.0, 320.0]}, "Secondary": {"Cooldown": [17.0, 16.0, 15.0, 14.0], "Cost": [-40.5, -42.775001525878906, -45.04999923706055, -47.32500076293945], "ARC": [0.5, 0.5, 0.5, 0.5], "BasePower": [100.0, 200.0, 300.0, 400.0]}, "Ultimate": {"Cooldown": [100.0, 90.0, 80.0], "Cost": [-100.0, -100.0, -100.0], "ARC": [1.5, 1.5, 1.5], "BasePower": [400.0, 500.0, 600.0]}}, "Stats": {"AbilityPenetrationRating": [0.0], "AttackRating": [0.0], "AttackSpeedRating": [100.0, 101.4000015258789, 102.80000305175781, 104.19999694824219, 105.5999984741211, 107.0, 108.4000015258789, 109.80000305175781, 111.19999694824219, 112.5999984741211, 114.0, 115.4000015258789, 116.80000305175781, 118.19999694824219, 119.5999984741211, 121.0, 122.4000015258789, 123.80000305175781, 125.19999694824219, 126.5999984741211], "BaseAttackTime": [1.350000023841858], "BasicPenetrationRating": [0.0], "CleaveRating": [0.20000000298023224], "CriticalDamageBonus": [1.5], "LeftClickARC": [0.699999988079071], "LeftClickBasePower": [64.5, 66.0, 67.5, 69.0, 70.5, 72.0, 73.5, 75.0, 76.5, 78.0, 79.5, 81.0, 82.5, 84.0, 85.5, 87.0, 88.5, 90.0, 91.5, 93.0], "Energy": [200.0, 236.0, 272.0, 308.0, 344.0, 380.0, 416.0, 452.0, 488.0, 524.0, 560.0, 596.0, 632.0, 668.0, 704.0, 740.0, 776.0, 812.0, 848.0, 884.0], "EnergyRegenRate": [0.800000011920929, 0.9440000057220459, 1.0880000591278076, 1.2319999933242798, 1.3760000467300415, 1.5199999809265137, 1.6640000343322754, 1.8079999685287476, 1.9520000219345093, 2.0959999561309814, 2.240000009536743, 2.384000062942505, 2.5280001163482666, 2.671999931335449, 2.815999984741211, 2.9600000381469727, 3.1040000915527344, 3.247999906539917, 3.3919999599456787, 3.5360000133514404], "MaxEnergy": [200.0, 236.0, 272.0, 308.0, 344.0, 380.0, 416.0, 452.0, 488.0, 524.0, 560.0, 596.0, 632.0, 668.0, 704.0, 740.0, 776.0, 812.0, 848.0, 884.0], "AbilityResistanceRating": [20.0, 20.75, 21.5, 22.25, 23.0, 23.75, 24.5, 25.25, 26.0, 26.75, 27.5, 28.25, 29.0, 29.75, 30.5, 31.25, 32.0, 32.75, 33.5, 34.25], "BasicResistanceRating": [14.0, 15.25, 16.5, 17.75, 19.0, 20.25, 21.5, 22.75, 24.0, 25.25, 26.5, 27.75, 29.0, 30.25, 31.5, 32.75, 34.0, 35.25, 36.5, 37.75], "CriticallyWoundedThresholdPCT": [0.25], "Health": [585.0, 664.0, 743.0, 822.0, 901.0, 980.0, 1059.0, 1138.0, 1217.0, 1296.0, 1375.0, 1454.0, 1533.0, 1612.0, 1691.0, 1770.0, 1849.0, 1928.0, 2007.0, 2086.0], "HealthRegenRate": [1.1699999570846558, 1.3279999494552612, 1.4859999418258667, 1.6440000534057617, 1.8020000457763672, 1.9600000381469727, 2.118000030517578, 2.2760000228881836, 2.434000015258789, 2.5920000076293945, 2.75, 2.9079999923706055, 3.065999984741211, 3.2239999771118164, 3.381999969482422, 3.5399999618530273, 3.697999954223633, 3.8559999465942383, 4.013999938964844, 4.171999931335449], "MaxHealth": [585.0, 664.0, 743.0, 822.0, 901.0, 980.0, 1059.0, 1138.0, 1217.0, 1296.0, 1375.0, 1454.0, 1533.0, 1612.0, 1691.0, 1770.0, 1849.0, 1928.0, 2007.0, 2086.0], "MaxMoveSpeed": [720.0], "VisionRadius": [5000.0], "CXPBounty": [675.0], "CXPSpawnTime": [1.5], "GainXPFromKills": [1.0], "MaxCardLevel": [20.0], "MaxLevel": [15.0], "XPBounty": [49.5, 65.25, 83.25, 101.25, 121.5, 144.0, 166.5, 189.0, 213.75, 238.5, 263.25, 285.75, 306.0, 324.0, 338.8500061035156, 551.4072875976562, 651.6632080078125, 770.1473999023438, 910.1741943359375, 1075.660400390625], "XPToLevel": [110.0, 145.0, 185.0, 225.0, 270.0, 320.0, 370.0, 420.0, 475.0, 530.0, 585.0, 635.0, 680.0, 720.0, 753.0, 1225.349609375, 1448.140380859375, 1711.438720703125, 2022.609375, 2390.3564453125]}}