{"Abilities": {"Alternate": {"Cooldown": [1.0, 2.0, 3.0, 4.0], "Cost": [1.0, 2.0, 3.0, 4.0], "ARC": [1.0, 1.0, 1.0, 1.0], "BasePower": [1.1699999570846558, 2.3399999141693115, 3.509999990463257, 4.679999828338623]}, "Primary": {"Cooldown": [1.0, 2.0, 3.0, 4.0], "Cost": [1.0, 2.0, 3.0, 4.0], "ARC": [1.0, 1.0, 1.0, 1.0], "BasePower": [1.1699999570846558, 2.3399999141693115, 3.509999990463257, 4.679999828338623]}, "Secondary": {"Cooldown": [1.0, 2.0, 3.0, 4.0], "Cost": [1.0, 2.0, 3.0, 4.0], "ARC": [1.0, 1.0, 1.0, 1.0], "BasePower": [1.1699999570846558, 2.3399999141693115, 3.509999990463257, 4.679999828338623]}, "Ultimate": {"Cooldown": [1.0, 2.0, 3.0], "Cost": [1.0, 2.0, 3.0], "ARC": [1.0, 1.0, 1.0], "BasePower": [1.1699999570846558, 2.3399999141693115, 3.509999990463257]}}, "Stats": {"AbilityPenetrationRating": [0.0], "AttackRating": [0.0], "AttackSpeedRating": [100.0, 102.25, 104.5, 106.75, 109.0, 111.25, 113.5, 115.75, 118.0, 120.25, 122.5, 124.75, 127.0, 129.25, 131.5, 133.75, 136.0, 138.25, 140.5, 142.75], "BaseAttackTime": [0.8500000238418579], "BasicPenetrationRating": [0.0], "CleaveRating": [0.10000000149011612], "CriticalDamageBonus": [1.0], "LeftClickARC": [1.0], "LeftClickBasePower": [59.400001525878906, 63.45000076293945, 67.5, 71.55000305175781, 75.5999984741211, 79.6500015258789, 83.69999694824219, 87.75, 91.80000305175781, 95.8499984741211, 99.9000015258789, 103.94999694824219, 108.0, 112.05000305175781, 116.0999984741211, 120.1500015258789, 124.19999694824219, 128.25, 132.3000030517578, 136.35000610351562], "Energy": [276.0, 291.0, 306.0, 321.0, 336.0, 351.0, 366.0, 381.0, 396.0, 411.0, 426.0, 441.0, 456.0, 471.0, 486.0, 501.0, 516.0, 531.0, 546.0, 561.0], "EnergyRegenRate": [1.3200000524520874, 1.3799999952316284, 1.440000057220459, 1.5, 1.559999942779541, 1.6200000047683716, 1.6799999475479126, 1.7400000095367432, 1.7999999523162842, 1.8600000143051147, 1.9199999570846558, 1.9800000190734863, 2.0399999618530273, 2.0999999046325684, 2.1600000858306885, 2.2200000286102295, 2.2799999713897705, 2.3399999141693115, 2.4000000953674316, 2.4600000381469727], "MaxEnergy": [276.0, 291.0, 306.0, 321.0, 336.0, 351.0, 366.0, 381.0, 396.0, 411.0, 426.0, 441.0, 456.0, 471.0, 486.0, 501.0, 516.0, 531.0, 546.0, 561.0], "AbilityResistanceRating": [25.0], "BasicResistanceRating": [25.200000762939453, 28.440000534057617, 31.68000030517578, 34.91999816894531, 38.15999984741211, 41.400001525878906, 44.63999938964844, 47.880001068115234, 51.119998931884766, 54.36000061035156, 57.599998474121094, 60.84000015258789, 64.08000183105469, 67.31999969482422, 70.55999755859375, 73.80000305175781, 77.04000091552734, 80.27999877929688, 83.5199966430664, 86.76000213623047], "CriticallyWoundedThresholdPCT": [0.25], "Health": [685.9000244140625, 763.9000244140625, 841.9000244140625, 919.9000244140625, 997.9000244140625, 1075.9000244140625, 1153.9000244140625, 1231.9000244140625, 1309.9000244140625, 1387.9000244140625, 1465.9000244140625, 1543.9000244140625, 1621.9000244140625, 1699.9000244140625, 1777.9000244140625, 1855.9000244140625, 1933.9000244140625, 2011.9000244140625, 2089.89990234375, 2167.89990234375], "HealthRegenRate": [1.3717999458312988, 1.5277999639511108, 1.6837999820709229, 1.8398000001907349, 1.9958000183105469, 2.1517999172210693, 2.307800054550171, 2.4637999534606934, 2.619800090789795, 2.7757999897003174, 2.93179988861084, 3.0878000259399414, 3.243799924850464, 3.3998000621795654, 3.555799961090088, 3.7118000984191895, 3.867799997329712, 4.023799896240234, 4.179800033569336, 4.3358001708984375], "MaxHealth": [685.9000244140625, 763.9000244140625, 841.9000244140625, 919.9000244140625, 997.9000244140625, 1075.9000244140625, 1153.9000244140625, 1231.9000244140625, 1309.9000244140625, 1387.9000244140625, 1465.9000244140625, 1543.9000244140625, 1621.9000244140625, 1699.9000244140625, 1777.9000244140625, 1855.9000244140625, 1933.9000244140625, 2011.9000244140625, 2089.89990234375, 2167.89990234375], "MaxMoveSpeed": [715.0], "VisionRadius": [5000.0], "CXPBounty": [455.0], "CXPSpawnTime": [1.5], "GainXPFromKills": [1.0], "MaxCardLevel": [20.0], "MaxLevel": [20.0], "XPBounty": [55.0, 66.96094512939453, 78.8006591796875, 90.35697174072266, 101.83509063720703, 135.3509063720703, 148.71578979492188, 162.11434936523438, 175.35400390625, 182.0854949951172, 220.5879669189453, 228.08668518066406, 235.84031677246094, 243.85751342773438, 252.1472625732422, 297.96435546875, 308.0934143066406, 318.5668029785156, 329.396240234375, 340.59381103515625], "XPToLevel": [110.0, 133.92189025878906, 157.601318359375, 180.7139434814453, 203.67018127441406, 225.5848388671875, 247.8596649169922, 270.1905822753906, 292.2566833496094, 303.475830078125, 315.12567138671875, 325.8381042480469, 336.91473388671875, 348.3678894042969, 360.21038818359375, 372.4554443359375, 385.11676025390625, 398.2085266113281, 411.74530029296875, 425.74224853515625]}}