{"Abilities": {"Alternate": {"Cooldown": [8.0, 8.0, 8.0, 8.0], "Cost": [-60.0, -60.0, -60.0, -60.0], "ARC": [1.6714285612106323, 1.6714285612106323, 1.6714285612106323, 1.6714285612106323], "BasePower": [46.79999923706055, 93.5999984741211, 140.39999389648438, 187.1999969482422], "CancelDelayDuration": [0.25, 0.25, 0.25, 0.25]}, "Primary": {"Cooldown": [6.0, 6.0, 6.0, 6.0], "Cost": [-50.0, -50.0, -50.0, -50.0], "ARC": [2.0892856121063232, 2.0892856121063232, 2.0892856121063232, 2.0892856121063232], "ARCEmpowered": [2.611607074737549, 2.611607074737549, 2.611607074737549, 2.611607074737549], "BasePower": [87.75, 146.25, 204.75, 263.25], "BasePowerEmpowered": [109.6875, 182.8125, 255.9375, 329.0625], "CancelDelayDuration": [0.15000000596046448, 0.15000000596046448, 0.15000000596046448, 0.15000000596046448], "CleaveRating": [0.5, 0.5, 0.5, 0.5], "CleaveRatingEmpowered": [0.699999988079071, 0.800000011920929, 0.8999999761581421, 1.0], "EmpoweredScalar": [0.25, 0.25, 0.25, 0.25]}, "Secondary": {"Cooldown": [8.0, 8.0, 8.0, 8.0], "Cost": [-75.0, -75.0, -75.0, -75.0], "ARC": [1.8803571462631226, 1.8803571462631226, 1.8803571462631226, 1.8803571462631226], "ARCEmpowered": [2.3504464626312256, 2.3504464626312256, 2.3504464626312256, 2.3504464626312256], "BasePower": [76.05000305175781, 128.6999969482422, 181.35000610351562, 234.0], "BasePowerEmpowered": [95.0625, 160.875, 226.6875, 292.5], "CancelDelayDuration": [0.25, 0.25, 0.25, 0.25], "EmpoweredScalar": [0.25, 0.25, 0.25, 0.25], "Knockup": [175.0, 175.0, 175.0, 175.0], "KnockupEmpowered": [175.0, 175.0, 175.0, 175.0], "Slow": [-200.0, -200.0, -200.0, -200.0], "SlowDuration": [1.5, 1.5, 1.5, 1.5]}, "Ultimate": {"Cooldown": [20.0, 15.0, 10.0], "Cost": [-50.0, -50.0, -50.0], "AmpedDuration": [5.0, 5.0, 5.0], "ARC": [0.0, 0.0, 0.0], "BasePower": [0.0, 0.0, 0.0], "CooldownRemoval": [0.4000000059604645, 0.699999988079071, 1.0], "EmpoweredTimeout": [10.0, 10.0, 10.0]}}, "Stats": {"AbilityPenetrationRating": [0.0], "AttackRating": [0.0], "AttackSpeedRating": [100.0, 101.5, 103.0, 104.5, 106.0, 107.5, 109.0, 110.5, 112.0, 113.5, 115.0, 116.5, 118.0, 119.5, 121.0, 122.5, 124.0, 125.5, 127.0, 128.5], "BaseAttackTime": [0.8500000238418579], "BasicPenetrationRating": [0.0], "CleaveRating": [0.20000000298023224], "CriticalDamageBonus": [1.0], "LeftClickARC": [1.0], "LeftClickBasePower": [60.75, 63.314998626708984, 65.87999725341797, 68.44499969482422, 71.01000213623047, 73.57499694824219, 76.13999938964844, 78.70500183105469, 81.2699966430664, 83.83499908447266, 86.4000015258789, 88.96499633789062, 91.52999877929688, 94.09500122070312, 96.66000366210938, 99.2249984741211, 101.79000091552734, 104.3550033569336, 106.91999816894531, 109.48500061035156], "Energy": [262.20001220703125, 280.20001220703125, 298.20001220703125, 316.20001220703125, 334.20001220703125, 352.20001220703125, 370.20001220703125, 388.20001220703125, 406.20001220703125, 424.20001220703125, 442.20001220703125, 460.20001220703125, 478.20001220703125, 496.20001220703125, 514.2000122070312, 532.2000122070312, 550.2000122070312, 568.2000122070312, 586.2000122070312, 604.2000122070312], "EnergyRegenRate": [1.2740000486373901, 1.3339999914169312, 1.3940000534057617, 1.4539999961853027, 1.5140000581741333, 1.5740000009536743, 1.6339999437332153, 1.694000005722046, 1.753999948501587, 1.8140000104904175, 1.8739999532699585, 1.934000015258789, 1.99399995803833, 2.053999900817871, 2.114000082015991, 2.1740000247955322, 2.2339999675750732, 2.2939999103546143, 2.3540000915527344, 2.4140000343322754], "MaxEnergy": [262.20001220703125, 280.20001220703125, 298.20001220703125, 316.20001220703125, 334.20001220703125, 352.20001220703125, 370.20001220703125, 388.20001220703125, 406.20001220703125, 424.20001220703125, 442.20001220703125, 460.20001220703125, 478.20001220703125, 496.20001220703125, 514.2000122070312, 532.2000122070312, 550.2000122070312, 568.2000122070312, 586.2000122070312, 604.2000122070312], "AbilityResistanceRating": [25.0], "BasicResistanceRating": [34.79999923706055, 37.095001220703125, 39.38999938964844, 41.685001373291016, 43.97999954223633, 46.275001525878906, 48.56999969482422, 50.8650016784668, 53.15999984741211, 55.45500183105469, 57.75, 60.04499816894531, 62.34000015258789, 64.63500213623047, 66.93000030517578, 69.2249984741211, 71.5199966430664, 73.81500244140625, 76.11000061035156, 78.40499877929688], "CriticallyWoundedThresholdPCT": [0.25], "Health": [740.77197265625, 822.281982421875, 903.7919921875, 985.302001953125, 1066.81201171875, 1148.322021484375, 1229.83203125, 1311.342041015625, 1392.85205078125, 1474.362060546875, 1555.8719482421875, 1637.3819580078125, 1718.8919677734375, 1800.4019775390625, 1881.9119873046875, 1963.4219970703125, 2044.9320068359375, 2126.44189453125, 2207.951904296875, 2289.4619140625], "HealthRegenRate": [1.2346199750900269, 1.3704700469970703, 1.5063199996948242, 1.6421699523925781, 1.7780200242996216, 1.9138699769973755, 2.049720048904419, 2.185570001602173, 2.3214199542999268, 2.4572699069976807, 2.5931200981140137, 2.7289700508117676, 2.8648200035095215, 3.0006699562072754, 3.1365199089050293, 3.2723701000213623, 3.408220052719116, 3.54407000541687, 3.679919958114624, 3.815769910812378], "MaxHealth": [740.77197265625, 822.281982421875, 903.7919921875, 985.302001953125, 1066.81201171875, 1148.322021484375, 1229.83203125, 1311.342041015625, 1392.85205078125, 1474.362060546875, 1555.8719482421875, 1637.3819580078125, 1718.8919677734375, 1800.4019775390625, 1881.9119873046875, 1963.4219970703125, 2044.9320068359375, 2126.44189453125, 2207.951904296875, 2289.4619140625], "MaxMoveSpeed": [710.0], "VisionRadius": [5000.0], "CXPBounty": [455.0], "CXPSpawnTime": [1.5], "GainXPFromKills": [1.0], "MaxCardLevel": [20.0], "MaxLevel": [20.0], "XPBounty": [55.0, 66.96094512939453, 78.8006591796875, 90.35697174072266, 101.83509063720703, 135.3509063720703, 148.71578979492188, 162.11434936523438, 175.35400390625, 182.0854949951172, 220.5879669189453, 228.08668518066406, 235.84031677246094, 243.85751342773438, 252.1472625732422, 297.96435546875, 308.0934143066406, 318.5668029785156, 329.396240234375, 340.59381103515625], "XPToLevel": [110.0, 133.92189025878906, 157.601318359375, 180.7139434814453, 203.67018127441406, 225.5848388671875, 247.8596649169922, 270.1905822753906, 292.2566833496094, 303.475830078125, 315.12567138671875, 325.8381042480469, 336.91473388671875, 348.3678894042969, 360.21038818359375, 372.4554443359375, 385.11676025390625, 398.2085266113281, 411.74530029296875, 425.74224853515625]}}