{"Abilities": {"Alternate": {"Cooldown": [14.0, 14.0, 14.0, 14.0], "Cost": [-50.0, -50.0, -50.0, -50.0], "ARC": [1.6699999570846558, 1.6699999570846558, 1.6699999570846558, 1.6699999570846558], "BasePower": [47.0, 94.0, 140.0, 187.0], "CancelDelayDuration": [0.25, 0.25, 0.25, 0.25], "Slow": [-0.30000001192092896, -0.30000001192092896, -0.30000001192092896, -0.30000001192092896], "SlowDuration": [1.5, 1.5, 1.5, 1.5]}, "Primary": {"Cooldown": [4.0, 4.0, 4.0, 4.0], "Cost": [-30.0, -30.0, -30.0, -30.0], "ARC": [1.8799999952316284, 1.8799999952316284, 1.8799999952316284, 1.8799999952316284], "ARCEmpowered": [2.3499999046325684, 2.3499999046325684, 2.3499999046325684, 2.3499999046325684], "BasePower": [70.0, 123.0, 176.0, 228.0], "BasePowerEmpowered": [88.0, 154.0, 219.0, 285.0], "CancelDelayDuration": [0.15000000596046448, 0.15000000596046448, 0.15000000596046448, 0.15000000596046448], "CleaveRating": [0.5, 0.5, 0.5, 0.5], "CleaveRatingEmpowered": [0.699999988079071, 0.800000011920929, 0.8999999761581421, 1.0], "EmpoweredScalar": [0.25, 0.25, 0.25, 0.25]}, "Secondary": {"Cooldown": [11.0, 11.0, 11.0, 11.0], "Cost": [-50.0, -50.0, -50.0, -50.0], "Empowered.Stun.Duration": [1.399999976158142, 1.600000023841858, 1.7999999523162842, 2.0], "Stun.Duration": [0.5, 0.5, 0.5, 0.5], "ARC": [1.6699999570846558, 1.6699999570846558, 1.6699999570846558, 1.6699999570846558], "ARCEmpowered": [2.0899999141693115, 2.0899999141693115, 2.0899999141693115, 2.0899999141693115], "BasePower": [70.0, 117.0, 164.0, 211.0], "BasePowerEmpowered": [88.0, 146.0, 205.0, 263.0], "CancelDelayDuration": [0.25, 0.25, 0.25, 0.25], "EmpoweredScalar": [0.25, 0.25, 0.25, 0.25], "Knockup": [175.0, 175.0, 175.0, 175.0], "KnockupEmpowered": [175.0, 175.0, 175.0, 175.0]}, "Ultimate": {"Cooldown": [20.0, 15.0, 10.0], "Cost": [-30.0, -30.0, -30.0], "AmpedDuration": [5.0, 5.0, 5.0], "ARC": [0.0, 0.0, 0.0], "BasePower": [0.0, 0.0, 0.0], "CooldownRemoval": [0.4000000059604645, 0.699999988079071, 1.0], "EmpoweredTimeout": [10.0, 10.0, 10.0]}}, "Stats": {"AbilityPenetrationRating": [0.0], "AttackRating": [0.0], "AttackSpeedRating": [100.0, 101.5, 103.0, 104.5, 106.0, 107.5, 109.0, 110.5, 112.0, 113.5, 115.0, 116.5, 118.0, 119.5, 121.0, 122.5, 124.0, 125.5, 127.0, 128.5], "BaseAttackTime": [0.8500000238418579], "BasicPenetrationRating": [0.0], "CleaveRating": [0.20000000298023224], "CriticalDamageBonus": [1.0], "LeftClickARC": [1.0], "LeftClickBasePower": [63.20000076293945, 65.5999984741211, 68.0, 70.5, 72.9000015258789, 75.30000305175781, 77.80000305175781, 80.19999694824219, 82.5999984741211, 85.0999984741211, 87.5, 89.9000015258789, 92.30000305175781, 94.80000305175781, 97.19999694824219, 99.5999984741211, 102.0999984741211, 104.5, 106.9000015258789, 109.4000015258789], "Energy": [262.0, 286.0, 310.0, 334.0, 358.0, 382.0, 406.0, 430.0, 454.0, 478.0, 502.0, 526.0, 550.0, 574.0, 598.0, 622.0, 646.0, 670.0, 694.0, 718.0], "EnergyRegenRate": [1.2699999809265137, 1.350000023841858, 1.4299999475479126, 1.5099999904632568, 1.590000033378601, 1.6699999570846558, 1.75, 1.8300000429153442, 1.909999966621399, 1.9900000095367432, 2.069999933242798, 2.1500000953674316, 2.2300000190734863, 2.309999942779541, 2.390000104904175, 2.4700000286102295, 2.549999952316284, 2.630000114440918, 2.7100000381469727, 2.7899999618530273], "MaxEnergy": [262.0, 286.0, 310.0, 334.0, 358.0, 382.0, 406.0, 430.0, 454.0, 478.0, 502.0, 526.0, 550.0, 574.0, 598.0, 622.0, 646.0, 670.0, 694.0, 718.0], "AbilityResistanceRating": [30.0], "BasicResistanceRating": [24.600000381469727, 27.299999237060547, 29.899999618530273, 32.599998474121094, 35.20000076293945, 37.79999923706055, 40.5, 43.099998474121094, 45.70000076293945, 48.400001525878906, 51.0, 53.599998474121094, 56.29999923706055, 58.900001525878906, 61.5, 64.19999694824219, 66.80000305175781, 69.4000015258789, 72.0999984741211, 74.69999694824219], "CriticallyWoundedThresholdPCT": [0.25], "Health": [741.0, 817.0, 893.0, 970.0, 1046.0, 1123.0, 1199.0, 1275.0, 1352.0, 1428.0, 1504.0, 1581.0, 1657.0, 1733.0, 1810.0, 1886.0, 1963.0, 2039.0, 2115.0, 2192.0], "HealthRegenRate": [1.2300000190734863, 1.3600000143051147, 1.4900000095367432, 1.6200000047683716, 1.7400000095367432, 1.8700000047683716, 2.0, 2.130000114440918, 2.25, 2.380000114440918, 2.509999990463257, 2.630000114440918, 2.759999990463257, 2.890000104904175, 3.0199999809265137, 3.140000104904175, 3.2699999809265137, 3.4000000953674316, 3.5299999713897705, 3.6500000953674316], "MaxHealth": [741.0, 817.0, 893.0, 970.0, 1046.0, 1123.0, 1199.0, 1275.0, 1352.0, 1428.0, 1504.0, 1581.0, 1657.0, 1733.0, 1810.0, 1886.0, 1963.0, 2039.0, 2115.0, 2192.0], "MaxMoveSpeed": [655.0], "VisionRadius": [5000.0], "CXPBounty": [550.0], "CXPSpawnTime": [1.5], "GainXPFromKills": [1.0], "MaxCardLevel": [20.0], "MaxLevel": [20.0], "XPBounty": [38.5, 51.10177230834961, 65.11422729492188, 80.37014770507812, 97.01132202148438, 114.57335662841797, 133.71376037597656, 154.2930450439453, 176.12310791015625, 192.4675750732422, 209.80735778808594, 227.22921752929688, 245.59310913085938, 264.94293212890625, 285.32452392578125, 306.7856750488281, 329.3761901855469, 353.1480712890625, 378.1555480957031, 404.45513916015625], "XPToLevel": [110.0, 133.92189025878906, 157.601318359375, 180.7139434814453, 203.67018127441406, 225.5848388671875, 247.8596649169922, 270.1905822753906, 292.2566833496094, 303.475830078125, 315.12567138671875, 325.8381042480469, 336.91473388671875, 348.3678894042969, 360.21038818359375, 372.4554443359375, 385.11676025390625, 398.2085266113281, 411.74530029296875, 425.74224853515625]}}