{"Abilities": {"Alternate": {"Cooldown": [8.0, 8.0, 8.0, 8.0], "Cost": [-60.0, -60.0, -60.0, -60.0], "ARC": [1.6699999570846558, 1.6699999570846558, 1.6699999570846558, 1.6699999570846558], "BasePower": [47.0, 94.0, 140.0, 187.0], "CancelDelayDuration": [0.25, 0.25, 0.25, 0.25]}, "Primary": {"Cooldown": [6.0, 6.0, 6.0, 6.0], "Cost": [-50.0, -50.0, -50.0, -50.0], "ARC": [2.0899999141693115, 2.0899999141693115, 2.0899999141693115, 2.0899999141693115], "ARCEmpowered": [2.609999895095825, 2.609999895095825, 2.609999895095825, 2.609999895095825], "BasePower": [88.0, 146.0, 205.0, 263.0], "BasePowerEmpowered": [110.0, 183.0, 256.0, 329.0], "CancelDelayDuration": [0.15000000596046448, 0.15000000596046448, 0.15000000596046448, 0.15000000596046448], "CleaveRating": [0.5, 0.5, 0.5, 0.5], "CleaveRatingEmpowered": [0.699999988079071, 0.800000011920929, 0.8999999761581421, 1.0], "EmpoweredScalar": [0.25, 0.25, 0.25, 0.25]}, "Secondary": {"Cooldown": [8.0, 8.0, 8.0, 8.0], "Cost": [-75.0, -75.0, -75.0, -75.0], "ARC": [1.8799999952316284, 1.8799999952316284, 1.8799999952316284, 1.8799999952316284], "ARCEmpowered": [2.3499999046325684, 2.3499999046325684, 2.3499999046325684, 2.3499999046325684], "BasePower": [76.0, 129.0, 181.0, 234.0], "BasePowerEmpowered": [95.0, 161.0, 227.0, 293.0], "CancelDelayDuration": [0.25, 0.25, 0.25, 0.25], "EmpoweredScalar": [0.25, 0.25, 0.25, 0.25], "Knockup": [175.0, 175.0, 175.0, 175.0], "KnockupEmpowered": [175.0, 175.0, 175.0, 175.0], "Slow": [-0.30000001192092896, -0.30000001192092896, -0.30000001192092896, -0.30000001192092896], "SlowDuration": [1.5, 1.5, 1.5, 1.5]}, "Ultimate": {"Cooldown": [20.0, 15.0, 10.0], "Cost": [-50.0, -50.0, -50.0], "AmpedDuration": [5.0, 5.0, 5.0], "ARC": [0.0, 0.0, 0.0], "BasePower": [0.0, 0.0, 0.0], "CooldownRemoval": [0.4000000059604645, 0.699999988079071, 1.0], "EmpoweredTimeout": [10.0, 10.0, 10.0]}}, "Stats": {"AbilityPenetrationRating": [0.0], "AttackRating": [0.0], "AttackSpeedRating": [100.0, 101.5, 103.0, 104.5, 106.0, 107.5, 109.0, 110.5, 112.0, 113.5, 115.0, 116.5, 118.0, 119.5, 121.0, 122.5, 124.0, 125.5, 127.0, 128.5], "BaseAttackTime": [0.8500000238418579], "BasicPenetrationRating": [0.0], "CleaveRating": [0.20000000298023224], "CriticalDamageBonus": [1.0], "LeftClickARC": [1.0], "LeftClickBasePower": [60.79999923706055, 63.29999923706055, 65.9000015258789, 68.4000015258789, 71.0, 73.5999984741211, 76.0999984741211, 78.69999694824219, 81.30000305175781, 83.80000305175781, 86.4000015258789, 89.0, 91.5, 94.0999984741211, 96.69999694824219, 99.19999694824219, 101.80000305175781, 104.4000015258789, 106.9000015258789, 109.5], "Energy": [262.0, 286.0, 310.0, 334.0, 358.0, 382.0, 406.0, 430.0, 454.0, 478.0, 502.0, 526.0, 550.0, 574.0, 598.0, 622.0, 646.0, 670.0, 694.0, 718.0], "EnergyRegenRate": [1.2699999809265137, 1.350000023841858, 1.4299999475479126, 1.5099999904632568, 1.590000033378601, 1.6699999570846558, 1.75, 1.8300000429153442, 1.909999966621399, 1.9900000095367432, 2.069999933242798, 2.1500000953674316, 2.2300000190734863, 2.309999942779541, 2.390000104904175, 2.4700000286102295, 2.549999952316284, 2.630000114440918, 2.7100000381469727, 2.7899999618530273], "MaxEnergy": [262.0, 286.0, 310.0, 334.0, 358.0, 382.0, 406.0, 430.0, 454.0, 478.0, 502.0, 526.0, 550.0, 574.0, 598.0, 622.0, 646.0, 670.0, 694.0, 718.0], "AbilityResistanceRating": [30.0], "BasicResistanceRating": [34.79999923706055, 37.099998474121094, 39.400001525878906, 41.70000076293945, 44.0, 46.29999923706055, 48.599998474121094, 50.900001525878906, 53.20000076293945, 55.5, 57.79999923706055, 60.0, 62.29999923706055, 64.5999984741211, 66.9000015258789, 69.19999694824219, 71.5, 73.80000305175781, 76.0999984741211, 78.4000015258789], "CriticallyWoundedThresholdPCT": [0.25], "Health": [741.0, 822.0, 904.0, 985.0, 1067.0, 1148.0, 1230.0, 1311.0, 1393.0, 1474.0, 1556.0, 1637.0, 1719.0, 1800.0, 1882.0, 1963.0, 2045.0, 2126.0, 2208.0, 2289.0], "HealthRegenRate": [1.2300000190734863, 1.3700000047683716, 1.5099999904632568, 1.6399999856948853, 1.7799999713897705, 1.909999966621399, 2.049999952316284, 2.190000057220459, 2.319999933242798, 2.4600000381469727, 2.5899999141693115, 2.7300000190734863, 2.859999895095825, 3.0, 3.140000104904175, 3.2699999809265137, 3.4100000858306885, 3.5399999618530273, 3.680000066757202, 3.819999933242798], "MaxHealth": [741.0, 822.0, 904.0, 985.0, 1067.0, 1148.0, 1230.0, 1311.0, 1393.0, 1474.0, 1556.0, 1637.0, 1719.0, 1800.0, 1882.0, 1963.0, 2045.0, 2126.0, 2208.0, 2289.0], "MaxMoveSpeed": [710.0], "VisionRadius": [5000.0], "CXPBounty": [550.0], "CXPSpawnTime": [1.5], "GainXPFromKills": [1.0], "MaxCardLevel": [20.0], "MaxLevel": [20.0], "XPBounty": [55.0, 66.96094512939453, 78.8006591796875, 90.35697174072266, 101.83509063720703, 135.3509063720703, 148.71578979492188, 162.11434936523438, 175.35400390625, 182.0854949951172, 220.5879669189453, 228.08668518066406, 235.84031677246094, 243.85751342773438, 252.1472625732422, 297.96435546875, 308.0934143066406, 318.5668029785156, 329.396240234375, 340.59381103515625], "XPToLevel": [110.0, 133.92189025878906, 157.601318359375, 180.7139434814453, 203.67018127441406, 225.5848388671875, 247.8596649169922, 270.1905822753906, 292.2566833496094, 303.475830078125, 315.12567138671875, 325.8381042480469, 336.91473388671875, 348.3678894042969, 360.21038818359375, 372.4554443359375, 385.11676025390625, 398.2085266113281, 411.74530029296875, 425.74224853515625]}}