{"Abilities": {"Alternate": {"Cooldown": [12.0, 12.0, 12.0, 12.0], "Cost": [-65.0, -70.0, -75.0, -80.0], "ARC": [0.25, 0.25, 0.25, 0.25], "BasePower": [40.0, 80.0, 120.0, 160.0], "CancelDelayDuration": [0.25, 0.25, 0.25, 0.25]}, "Primary": {"Cooldown": [6.0, 6.0, 6.0, 6.0], "Cost": [-30.0, -30.0, -30.0, -30.0], "ARC": [0.75, 0.75, 0.75, 0.75], "ARCEmpowered": [0.9375, 0.9375, 0.9375, 0.9375], "BasePower": [75.0, 125.0, 175.0, 225.0], "BasePowerEmpowered": [93.75, 156.25, 218.75, 281.25], "CancelDelayDuration": [0.15000000596046448, 0.15000000596046448, 0.15000000596046448, 0.15000000596046448], "CleaveRating": [0.5, 0.5, 0.5, 0.5], "CleaveRatingEmpowered": [0.699999988079071, 0.800000011920929, 0.8999999761581421, 1.0], "EmpoweredScalar": [0.25, 0.25, 0.25, 0.25]}, "Secondary": {"Cooldown": [10.0, 10.0, 10.0, 10.0], "Cost": [-40.0, -40.0, -40.0, -40.0], "ARC": [0.5, 0.5, 0.5, 0.5], "ARCEmpowered": [0.625, 0.625, 0.625, 0.625], "BasePower": [70.0, 115.0, 160.0, 205.0], "BasePowerEmpowered": [87.5, 143.75, 200.0, 256.25], "CancelDelayDuration": [0.25, 0.25, 0.25, 0.25], "EmpoweredScalar": [0.25, 0.25, 0.25, 0.25], "Knockup": [225.0, 225.0, 225.0, 225.0], "KnockupEmpowered": [225.0, 225.0, 225.0, 225.0], "Slow": [-200.0, -250.0, -300.0, -350.0], "SlowDuration": [1.5, 1.5, 1.5, 1.5]}, "Ultimate": {"Cooldown": [20.0, 15.0, 10.0], "Cost": [-50.0, -50.0, -50.0], "AmpedDuration": [5.0, 5.0, 5.0], "ARC": [0.0, 0.0, 0.0], "BasePower": [0.0, 0.0, 0.0], "CooldownRemoval": [0.4000000059604645, 0.699999988079071, 1.0], "EmpoweredTimeout": [10.0, 10.0, 10.0]}}, "Stats": {"AbilityPenetrationRating": [0.0], "AttackRating": [0.0], "AttackSpeedRating": [100.0, 102.0, 104.0, 106.0, 108.0, 110.0, 112.0, 114.0, 116.0, 118.0, 120.0, 122.0, 124.0, 126.0, 128.0, 130.0, 132.0, 134.0, 136.0, 138.0], "BaseAttackTime": [1.2000000476837158], "BasicPenetrationRating": [0.0], "CleaveRating": [0.20000000298023224], "CriticalDamageBonus": [1.5], "LeftClickARC": [0.699999988079071], "LeftClickBasePower": [58.0, 58.79999923706055, 59.599998474121094, 60.400001525878906, 61.20000076293945, 62.0, 62.79999923706055, 63.599998474121094, 64.4000015258789, 65.19999694824219, 66.0, 66.80000305175781, 67.5999984741211, 68.4000015258789, 69.19999694824219, 70.0, 70.80000305175781, 71.5999984741211, 72.4000015258789, 73.19999694824219], "Energy": [200.0, 236.0, 272.0, 308.0, 344.0, 380.0, 416.0, 452.0, 488.0, 524.0, 560.0, 596.0, 632.0, 668.0, 704.0, 740.0, 776.0, 812.0, 848.0, 884.0], "EnergyRegenRate": [0.699999988079071, 0.7900000214576721, 0.8799999952316284, 0.9700000286102295, 1.059999942779541, 1.149999976158142, 1.2400000095367432, 1.3300000429153442, 1.4199999570846558, 1.5099999904632568, 1.600000023841858, 1.690000057220459, 1.7799999713897705, 1.8700000047683716, 1.9600000381469727, 2.049999952316284, 2.140000104904175, 2.2300000190734863, 2.319999933242798, 2.4100000858306885], "MaxEnergy": [200.0, 236.0, 272.0, 308.0, 344.0, 380.0, 416.0, 452.0, 488.0, 524.0, 560.0, 596.0, 632.0, 668.0, 704.0, 740.0, 776.0, 812.0, 848.0, 884.0], "AbilityResistanceRating": [20.0, 20.75, 21.5, 22.25, 23.0, 23.75, 24.5, 25.25, 26.0, 26.75, 27.5, 28.25, 29.0, 29.75, 30.5, 31.25, 32.0, 32.75, 33.5, 34.25], "BasicResistanceRating": [14.0, 15.25, 16.5, 17.75, 19.0, 20.25, 21.5, 22.75, 24.0, 25.25, 26.5, 27.75, 29.0, 30.25, 31.5, 32.75, 34.0, 35.25, 36.5, 37.75], "CriticallyWoundedThresholdPCT": [0.25], "Health": [585.0, 664.0, 743.0, 822.0, 901.0, 980.0, 1059.0, 1138.0, 1217.0, 1296.0, 1375.0, 1454.0, 1533.0, 1612.0, 1691.0, 1770.0, 1849.0, 1928.0, 2007.0, 2086.0], "HealthRegenRate": [2.0, 2.299999952316284, 2.5999999046325684, 2.9000000953674316, 3.200000047683716, 3.5, 3.799999952316284, 4.099999904632568, 4.400000095367432, 4.699999809265137, 5.0, 5.300000190734863, 5.599999904632568, 5.900000095367432, 6.199999809265137, 6.5, 6.800000190734863, 7.099999904632568, 7.400000095367432, 7.699999809265137], "MaxHealth": [585.0, 664.0, 743.0, 822.0, 901.0, 980.0, 1059.0, 1138.0, 1217.0, 1296.0, 1375.0, 1454.0, 1533.0, 1612.0, 1691.0, 1770.0, 1849.0, 1928.0, 2007.0, 2086.0], "MaxMoveSpeed": [720.0], "VisionRadius": [5000.0], "CXPBounty": [675.0], "CXPSpawnTime": [1.5], "GainXPFromKills": [1.0], "MaxCardLevel": [20.0], "MaxLevel": [15.0], "XPBounty": [49.5, 65.25, 83.25, 101.25, 121.5, 144.0, 166.5, 189.0, 213.75, 238.5, 263.25, 285.75, 306.0, 324.0, 338.8500061035156, 551.4072875976562, 651.6632080078125, 770.1473999023438, 910.1741943359375, 1075.660400390625], "XPToLevel": [110.0, 145.0, 185.0, 225.0, 270.0, 320.0, 370.0, 420.0, 475.0, 530.0, 585.0, 635.0, 680.0, 720.0, 753.0, 1225.349609375, 1448.140380859375, 1711.438720703125, 2022.609375, 2390.3564453125]}}