{"Abilities": {"Alternate": {"Cooldown": [12.0, 11.0, 10.0, 9.0], "Cost": [-41.0, -44.0, -47.0, -50.0], "ARC": [1.0, 1.0, 1.0, 1.0], "BasePower": [80.0, 160.0, 240.0, 320.0]}, "Primary": {"Cooldown": [12.0, 11.0, 10.0, 9.0], "Cost": [-41.0, -44.0, -47.0, -50.0], "ARC": [1.0, 1.0, 1.0, 1.0], "BasePower": [80.0, 160.0, 240.0, 320.0]}, "Secondary": {"Cooldown": [17.0, 16.0, 15.0, 14.0], "Cost": [-45.0, -48.5, -52.0, -55.5], "ARC": [1.25, 1.25, 1.25, 1.25], "BasePower": [100.0, 200.0, 300.0, 400.0]}, "Ultimate": {"Cooldown": [100.0, 90.0, 80.0], "Cost": [-100.0, -100.0, -100.0], "ARC": [3.0, 3.0, 3.0], "BasePower": [400.0, 600.0, 800.0]}}, "Stats": {"AbilityPenetrationRating": [0.0], "AttackRating": [0.0], "AttackSpeedRating": [100.0, 101.4000015258789, 102.80000305175781, 104.19999694824219, 105.5999984741211, 107.0, 108.4000015258789, 109.80000305175781, 111.19999694824219, 112.5999984741211, 114.0, 115.4000015258789, 116.80000305175781, 118.19999694824219, 119.5999984741211, 121.0, 122.4000015258789, 123.80000305175781, 125.19999694824219, 126.5999984741211], "BaseAttackTime": [1.350000023841858], "BasicPenetrationRating": [0.0], "CleaveRating": [0.0], "CriticalDamageBonus": [1.5], "LeftClickARC": [1.0], "LeftClickBasePower": [50.0, 51.79999923706055, 53.599998474121094, 55.400001525878906, 57.20000076293945, 59.0, 60.79999923706055, 62.599998474121094, 64.4000015258789, 66.19999694824219, 68.0, 69.80000305175781, 71.5999984741211, 73.4000015258789, 75.19999694824219, 77.0, 78.80000305175781, 80.5999984741211, 82.4000015258789, 84.19999694824219], "Energy": [200.0, 221.5, 243.0, 264.5, 286.0, 307.5, 329.0, 350.5, 372.0, 393.5, 415.0, 436.5, 458.0, 479.5, 501.0, 522.5, 544.0, 565.5, 587.0, 608.5], "EnergyRegenRate": [0.800000011920929, 0.8859999775886536, 0.972000002861023, 1.0579999685287476, 1.1440000534057617, 1.2300000190734863, 1.315999984741211, 1.4019999504089355, 1.4880000352859497, 1.5740000009536743, 1.659999966621399, 1.746000051498413, 1.8320000171661377, 1.9179999828338623, 2.003999948501587, 2.0899999141693115, 2.1760001182556152, 2.26200008392334, 2.3480000495910645, 2.434000015258789], "MaxEnergy": [200.0, 221.5, 243.0, 264.5, 286.0, 307.5, 329.0, 350.5, 372.0, 393.5, 415.0, 436.5, 458.0, 479.5, 501.0, 522.5, 544.0, 565.5, 587.0, 608.5], "AbilityResistanceRating": [11.0, 12.100000381469727, 13.199999809265137, 14.300000190734863, 15.399999618530273, 16.5, 17.600000381469727, 18.700000762939453, 19.799999237060547, 20.899999618530273, 22.0, 23.100000381469727, 24.200000762939453, 25.299999237060547, 26.399999618530273, 27.5, 28.600000381469727, 29.700000762939453, 30.799999237060547, 31.899999618530273], "BasicResistanceRating": [100.0, 110.0, 120.0, 130.0, 140.0, 150.0, 160.0, 170.0, 180.0, 190.0, 200.0, 210.0, 220.0, 230.0, 240.0, 250.0, 260.0, 270.0, 280.0, 290.0], "CriticallyWoundedThresholdPCT": [0.25], "Health": [400.0, 500.0, 600.0, 700.0, 800.0, 900.0, 1000.0, 1100.0, 1200.0, 1300.0, 1400.0, 1500.0, 1600.0, 1700.0, 1800.0, 1900.0, 2000.0, 2100.0, 2200.0, 2300.0], "HealthRegenRate": [0.800000011920929, 1.0, 1.2000000476837158, 1.399999976158142, 1.600000023841858, 1.7999999523162842, 2.0, 2.200000047683716, 2.4000000953674316, 2.5999999046325684, 2.799999952316284, 3.0, 3.200000047683716, 3.4000000953674316, 3.5999999046325684, 3.799999952316284, 4.0, 4.199999809265137, 4.400000095367432, 4.599999904632568], "MaxHealth": [400.0, 500.0, 600.0, 700.0, 800.0, 900.0, 1000.0, 1100.0, 1200.0, 1300.0, 1400.0, 1500.0, 1600.0, 1700.0, 1800.0, 1900.0, 2000.0, 2100.0, 2200.0, 2300.0], "MaxMoveSpeed": [720.0], "VisionRadius": [5000.0], "CXPBounty": [675.0], "CXPSpawnTime": [1.5], "GainXPFromKills": [1.0], "MaxCardLevel": [20.0], "MaxLevel": [15.0], "XPBounty": [49.5, 65.25, 83.25, 101.25, 121.5, 144.0, 166.5, 189.0, 213.75, 238.5, 263.25, 285.75, 306.0, 324.0, 338.8500061035156, 551.4072875976562, 651.6632080078125, 770.1473999023438, 910.1741943359375, 1075.660400390625], "XPToLevel": [110.0, 145.0, 185.0, 225.0, 270.0, 320.0, 370.0, 420.0, 475.0, 530.0, 585.0, 635.0, 680.0, 720.0, 753.0, 1225.349609375, 1448.140380859375, 1711.438720703125, 2022.609375, 2390.3564453125]}}