{"Abilities": {"Alternate": {"Cooldown": [1.0, 2.0, 3.0, 4.0], "Cost": [1.0, 2.0, 3.0, 4.0], "ARC": [1.0, 1.0, 1.0, 1.0], "BasePower": [1.1699999570846558, 2.3399999141693115, 3.509999990463257, 4.679999828338623]}, "Primary": {"Cooldown": [1.0, 2.0, 3.0, 4.0], "Cost": [1.0, 2.0, 3.0, 4.0], "ARC": [1.0, 1.0, 1.0, 1.0], "BasePower": [1.1699999570846558, 2.3399999141693115, 3.509999990463257, 4.679999828338623]}, "Secondary": {"Cooldown": [1.0, 2.0, 3.0, 4.0], "Cost": [1.0, 2.0, 3.0, 4.0], "ARC": [1.0, 1.0, 1.0, 1.0], "BasePower": [1.1699999570846558, 2.3399999141693115, 3.509999990463257, 4.679999828338623]}, "Ultimate": {"Cooldown": [1.0, 2.0, 3.0], "Cost": [1.0, 2.0, 3.0], "ARC": [1.0, 1.0, 1.0], "BasePower": [1.1699999570846558, 2.3399999141693115, 3.509999990463257]}}, "Stats": {"AbilityPenetrationRating": [0.0], "AttackRating": [0.0], "AttackSpeedRating": [100.0, 101.5, 103.0, 104.5, 106.0, 107.5, 109.0, 110.5, 112.0, 113.5, 115.0, 116.5, 118.0, 119.5, 121.0, 122.5, 124.0, 125.5, 127.0, 128.5], "BaseAttackTime": [0.8500000238418579], "BasicPenetrationRating": [0.0], "CleaveRating": [1.0], "CriticalDamageBonus": [1.0], "LeftClickARC": [1.0], "LeftClickBasePower": [54.0, 57.0, 60.0, 63.0, 66.0, 69.0, 72.0, 75.0, 78.0, 81.0, 84.0, 87.0, 90.0, 93.0, 96.0, 99.0, 102.0, 105.0, 108.0, 111.0], "Energy": [300.0, 350.0, 400.0, 450.0, 500.0, 550.0, 600.0, 650.0, 700.0, 750.0, 800.0, 850.0, 900.0, 950.0, 1000.0, 1050.0, 1100.0, 1150.0, 1200.0, 1250.0], "EnergyRegenRate": [1.399999976158142, 1.5666667222976685, 1.7333333492279053, 1.899999976158142, 2.066666603088379, 2.2333333492279053, 2.4000000953674316, 2.566666603088379, 2.7333333492279053, 2.9000000953674316, 3.066666603088379, 3.2333333492279053, 3.4000000953674316, 3.566666603088379, 3.7333333492279053, 3.9000000953674316, 4.066666603088379, 4.233333110809326, 4.400000095367432, 4.566666603088379], "MaxEnergy": [300.0, 350.0, 400.0, 450.0, 500.0, 550.0, 600.0, 650.0, 700.0, 750.0, 800.0, 850.0, 900.0, 950.0, 1000.0, 1050.0, 1100.0, 1150.0, 1200.0, 1250.0], "AbilityResistanceRating": [30.0], "BasicResistanceRating": [17.0, 20.100000381469727, 23.200000762939453, 26.299999237060547, 29.399999618530273, 32.5, 35.599998474121094, 38.70000076293945, 41.79999923706055, 44.900001525878906, 48.0, 51.099998474121094, 54.20000076293945, 57.29999923706055, 60.400001525878906, 63.5, 66.5999984741211, 69.69999694824219, 72.80000305175781, 75.9000015258789], "CriticallyWoundedThresholdPCT": [0.25], "Health": [722.0, 800.0, 878.0, 956.0, 1034.0, 1112.0, 1190.0, 1268.0, 1346.0, 1424.0, 1502.0, 1580.0, 1658.0, 1736.0, 1814.0, 1892.0, 1970.0, 2048.0, 2126.0, 2204.0], "HealthRegenRate": [1.2033333778381348, 1.3333333730697632, 1.4633333683013916, 1.59333336353302, 1.7233333587646484, 1.8533333539962769, 1.9833333492279053, 2.113333225250244, 2.243333339691162, 2.373333215713501, 2.503333330154419, 2.633333444595337, 2.763333320617676, 2.8933334350585938, 3.0233333110809326, 3.1533334255218506, 3.2833333015441895, 3.4133334159851074, 3.5433332920074463, 3.6733334064483643], "MaxHealth": [722.0, 800.0, 878.0, 956.0, 1034.0, 1112.0, 1190.0, 1268.0, 1346.0, 1424.0, 1502.0, 1580.0, 1658.0, 1736.0, 1814.0, 1892.0, 1970.0, 2048.0, 2126.0, 2204.0], "MaxMoveSpeed": [700.0], "VisionRadius": [5000.0], "CXPBounty": [550.0], "CXPSpawnTime": [1.5], "GainXPFromKills": [1.0], "MaxCardLevel": [20.0], "MaxLevel": [20.0], "XPBounty": [38.5, 51.10177230834961, 65.11422729492188, 80.37014770507812, 97.01132202148438, 114.57335662841797, 133.71376037597656, 154.2930450439453, 176.12310791015625, 192.4675750732422, 209.80735778808594, 227.22921752929688, 245.59310913085938, 264.94293212890625, 285.32452392578125, 306.7856750488281, 329.3761901855469, 353.1480712890625, 378.1555480957031, 404.45513916015625], "XPToLevel": [110.0, 133.92189025878906, 157.601318359375, 180.7139434814453, 203.67018127441406, 225.5848388671875, 247.8596649169922, 270.1905822753906, 292.2566833496094, 303.475830078125, 315.12567138671875, 325.8381042480469, 336.91473388671875, 348.3678894042969, 360.21038818359375, 372.4554443359375, 385.11676025390625, 398.2085266113281, 411.74530029296875, 425.74224853515625]}}