{"Abilities": {"Alternate": {"Cooldown": [10.0, 10.0, 10.0, 10.0], "Cost": [-55.0, -60.0, -65.0, -70.0], "ARC": [0.5, 0.5, 0.5, 0.5], "BasePower": [60.0, 100.0, 140.0, 180.0], "Slow": [-125.0, -200.0, -275.0, -350.0], "SlowDuration": [2.0, 2.0, 2.0, 2.0]}, "Primary": {"Cooldown": [24.0, 18.0, 12.0, 6.0], "Cost": [-45.0, -45.0, -45.0, -45.0], "ARC": [0.0, 0.0, 0.0, 0.0], "BasePower": [0.0, 0.0, 0.0, 0.0], "CastRange": [750.0, 750.0, 750.0, 750.0], "MinCastRange": [200.0, 200.0, 200.0, 200.0], "SearchRadius": [400.0, 400.0, 400.0, 400.0], "SlashDelayDuration": [0.20000000298023224, 0.20000000298023224, 0.20000000298023224, 0.20000000298023224]}, "Secondary": {"Cooldown": [12.0, 12.0, 12.0, 12.0], "Cost": [-75.0, -80.0, -85.0, -90.0], "ARC": [0.5, 0.5, 0.5, 0.5], "BasePower": [75.0, 120.0, 165.0, 210.0], "DamageRadius": [250.0, 250.0, 250.0, 250.0], "FlightDuration": [1.5, 1.5, 1.5, 1.5], "HoriRange": [1200.0, 1200.0, 1200.0, 1200.0], "VertRange": [750.0, 750.0, 750.0, 750.0]}, "Ultimate": {"Cooldown": [100.0, 80.0, 60.0], "Cost": [-75.0, -75.0, -75.0], "ActivationRadius": [600.0, 600.0, 600.0], "ARC": [0.0, 0.0, 0.0], "BasePower": [0.0, 0.0, 0.0], "DarkDuration": [15.0, 15.0, 15.0], "FireARC": [0.10000000149011612, 0.10000000149011612, 0.10000000149011612], "FireBasePower": [30.0, 45.0, 60.0], "FireDuration": [3.0999999046325684, 3.0999999046325684, 3.0999999046325684], "TriggerARC": [0.25, 0.25, 0.25], "TriggerBasePower": [15.0, 20.0, 25.0], "WeaknessAuraMultiplier": [0.8999999761581421, 0.824999988079071, 0.75]}}, "Stats": {"AbilityPenetrationRating": [0.0], "AttackRating": [0.0], "AttackSpeedRating": [100.0, 101.4000015258789, 102.80000305175781, 104.19999694824219, 105.5999984741211, 107.0, 108.4000015258789, 109.80000305175781, 111.19999694824219, 112.5999984741211, 114.0, 115.4000015258789, 116.80000305175781, 118.19999694824219, 119.5999984741211, 121.0, 122.4000015258789, 123.80000305175781, 125.19999694824219, 126.5999984741211], "BaseAttackTime": [1.2000000476837158], "BasicPenetrationRating": [0.0], "CleaveRating": [0.10000000149011612], "CriticalDamageBonus": [1.5], "LeftClickARC": [1.0], "LeftClickBasePower": [58.0, 59.79999923706055, 61.599998474121094, 63.400001525878906, 65.19999694824219, 67.0, 68.80000305175781, 70.5999984741211, 72.4000015258789, 74.19999694824219, 76.0, 77.80000305175781, 79.5999984741211, 81.4000015258789, 83.19999694824219, 85.0, 86.80000305175781, 88.5999984741211, 90.4000015258789, 92.19999694824219], "Energy": [225.0, 273.0, 321.0, 369.0, 417.0, 465.0, 513.0, 561.0, 609.0, 657.0, 705.0, 753.0, 801.0, 849.0, 897.0, 945.0, 993.0, 1041.0, 1089.0, 1137.0], "EnergyRegenRate": [0.800000011920929, 0.9200000166893005, 1.0399999618530273, 1.159999966621399, 1.2799999713897705, 1.399999976158142, 1.5199999809265137, 1.6399999856948853, 1.7599999904632568, 1.8799999952316284, 2.0, 2.119999885559082, 2.240000009536743, 2.359999895095825, 2.4800000190734863, 2.5999999046325684, 2.7200000286102295, 2.8399999141693115, 2.9600000381469727, 3.0799999237060547], "MaxEnergy": [225.0, 273.0, 321.0, 369.0, 417.0, 465.0, 513.0, 561.0, 609.0, 657.0, 705.0, 753.0, 801.0, 849.0, 897.0, 945.0, 993.0, 1041.0, 1089.0, 1137.0], "AbilityResistanceRating": [20.0, 20.75, 21.5, 22.25, 23.0, 23.75, 24.5, 25.25, 26.0, 26.75, 27.5, 28.25, 29.0, 29.75, 30.5, 31.25, 32.0, 32.75, 33.5, 34.25], "BasicResistanceRating": [18.0, 20.5, 23.0, 25.5, 28.0, 30.5, 33.0, 35.5, 38.0, 40.5, 43.0, 45.5, 48.0, 50.5, 53.0, 55.5, 58.0, 60.5, 63.0, 65.5], "CriticallyWoundedThresholdPCT": [0.25], "Health": [522.5, 593.5733032226562, 664.6466064453125, 735.7199096679688, 806.793212890625, 877.8665161132812, 948.9398193359375, 1020.0131225585938, 1091.08642578125, 1162.15966796875, 1233.2330322265625, 1304.3062744140625, 1375.379638671875, 1446.452880859375, 1517.5262451171875, 1588.5994873046875, 1659.6728515625, 1730.74609375, 1801.8194580078125, 1872.8927001953125], "HealthRegenRate": [1.25, 1.4500000476837158, 1.649999976158142, 1.850000023841858, 2.049999952316284, 2.25, 2.450000047683716, 2.6500000953674316, 2.8499999046325684, 3.049999952316284, 3.25, 3.450000047683716, 3.6500000953674316, 3.8499999046325684, 4.050000190734863, 4.25, 4.449999809265137, 4.650000095367432, 4.849999904632568, 5.050000190734863], "MaxHealth": [522.5, 593.5733032226562, 664.6466064453125, 735.7199096679688, 806.793212890625, 877.8665161132812, 948.9398193359375, 1020.0131225585938, 1091.08642578125, 1162.15966796875, 1233.2330322265625, 1304.3062744140625, 1375.379638671875, 1446.452880859375, 1517.5262451171875, 1588.5994873046875, 1659.6728515625, 1730.74609375, 1801.8194580078125, 1872.8927001953125], "MaxMoveSpeed": [720.0], "VisionRadius": [5000.0], "CXPBounty": [675.0], "CXPSpawnTime": [1.5], "GainXPFromKills": [1.0], "MaxCardLevel": [20.0], "MaxLevel": [15.0], "XPBounty": [49.5, 65.25, 83.25, 101.25, 121.5, 144.0, 166.5, 189.0, 213.75, 238.5, 263.25, 285.75, 306.0, 324.0, 338.8500061035156, 551.4072875976562, 651.6632080078125, 770.1473999023438, 910.1741943359375, 1075.660400390625], "XPToLevel": [110.0, 145.0, 185.0, 225.0, 270.0, 320.0, 370.0, 420.0, 475.0, 530.0, 585.0, 635.0, 680.0, 720.0, 753.0, 1225.349609375, 1448.140380859375, 1711.438720703125, 2022.609375, 2390.3564453125]}}