{"Abilities": {"Alternate": {"Cooldown": [8.0, 8.0, 8.0, 8.0], "Cost": [-75.0, -75.0, -75.0, -75.0], "ARC": [1.8803571462631226, 1.8803571462631226, 1.8803571462631226, 1.8803571462631226], "BasePower": [87.75, 140.39999389648438, 193.0500030517578, 245.6999969482422], "Slow": [-125.0, -125.0, -125.0, -125.0], "SlowDuration": [2.0, 2.0, 2.0, 2.0]}, "Primary": {"Cooldown": [10.0, 8.0, 6.0, 4.0], "Cost": [-40.0, -40.0, -40.0, -40.0], "Damage.Bonus": [15.0, 20.0, 25.0, 30.0], "ARC": [0.0, 0.0, 0.0, 0.0], "BasePower": [0.0, 0.0, 0.0, 0.0], "CastRange": [750.0, 750.0, 750.0, 750.0], "MinCastRange": [200.0, 200.0, 200.0, 200.0], "SearchRadius": [400.0, 400.0, 400.0, 400.0], "SlashDelayDuration": [0.20000000298023224, 0.20000000298023224, 0.20000000298023224, 0.20000000298023224]}, "Secondary": {"Cooldown": [12.0, 12.0, 12.0, 12.0], "Cost": [-65.0, -65.0, -65.0, -65.0], "ARC": [1.8803571462631226, 1.8803571462631226, 1.8803571462631226, 1.8803571462631226], "BasePower": [87.75, 140.39999389648438, 193.0500030517578, 245.6999969482422], "DamageRadius": [250.0, 250.0, 250.0, 250.0], "FlightDuration": [1.5, 1.5, 1.5, 1.5], "HoriRange": [1200.0, 1200.0, 1200.0, 1200.0], "VertRange": [750.0, 750.0, 750.0, 750.0]}, "Ultimate": {"Cooldown": [100.0, 80.0, 60.0], "Cost": [-75.0, -75.0, -75.0], "DamageBuff.Mult": [0.10000000149011612, 0.15000000596046448, 0.20000000298023224], "ActivationRadius": [600.0, 600.0, 600.0], "ARC": [0.0, 0.0, 0.0], "BasePower": [0.0, 0.0, 0.0], "DarkDuration": [15.0, 15.0, 15.0], "FireARC": [0.10000000149011612, 0.10000000149011612, 0.10000000149011612], "FireBasePower": [30.0, 45.0, 60.0], "FireDuration": [3.0999999046325684, 3.0999999046325684, 3.0999999046325684], "TriggerARC": [0.25, 0.25, 0.25], "TriggerBasePower": [15.0, 20.0, 25.0], "WeaknessAuraMultiplier": [-0.10000000149011612, -0.15000000596046448, -0.20000000298023224]}}, "Stats": {"AbilityPenetrationRating": [0.0], "AttackRating": [0.0], "AttackSpeedRating": [100.0, 102.25, 104.5, 106.75, 109.0, 111.25, 113.5, 115.75, 118.0, 120.25, 122.5, 124.75, 127.0, 129.25, 131.5, 133.75, 136.0, 138.25, 140.5, 142.75], "BaseAttackTime": [0.8500000238418579], "BasicPenetrationRating": [0.0], "CleaveRating": [0.10000000149011612], "CriticalDamageBonus": [1.0], "LeftClickARC": [1.0], "LeftClickBasePower": [59.400001525878906, 63.45000076293945, 67.5, 71.55000305175781, 75.5999984741211, 79.6500015258789, 83.69999694824219, 87.75, 91.80000305175781, 95.8499984741211, 99.9000015258789, 103.94999694824219, 108.0, 112.05000305175781, 116.0999984741211, 120.1500015258789, 124.19999694824219, 128.25, 132.3000030517578, 136.35000610351562], "Energy": [276.0, 291.0, 306.0, 321.0, 336.0, 351.0, 366.0, 381.0, 396.0, 411.0, 426.0, 441.0, 456.0, 471.0, 486.0, 501.0, 516.0, 531.0, 546.0, 561.0], "EnergyRegenRate": [1.3200000524520874, 1.3700000047683716, 1.4199999570846558, 1.4700000286102295, 1.5199999809265137, 1.5700000524520874, 1.6200000047683716, 1.6699999570846558, 1.7200000286102295, 1.7699999809265137, 1.8200000524520874, 1.8700000047683716, 1.9199999570846558, 1.9700000286102295, 2.0199999809265137, 2.069999933242798, 2.119999885559082, 2.1700000762939453, 2.2200000286102295, 2.2699999809265137], "MaxEnergy": [276.0, 291.0, 306.0, 321.0, 336.0, 351.0, 366.0, 381.0, 396.0, 411.0, 426.0, 441.0, 456.0, 471.0, 486.0, 501.0, 516.0, 531.0, 546.0, 561.0], "AbilityResistanceRating": [25.0], "BasicResistanceRating": [25.200000762939453, 28.440000534057617, 31.68000030517578, 34.91999816894531, 38.15999984741211, 41.400001525878906, 44.63999938964844, 47.880001068115234, 51.119998931884766, 54.36000061035156, 57.599998474121094, 60.84000015258789, 64.08000183105469, 67.31999969482422, 70.55999755859375, 73.80000305175781, 77.04000091552734, 80.27999877929688, 83.5199966430664, 86.76000213623047], "CriticallyWoundedThresholdPCT": [0.25], "Health": [685.9000244140625, 760.0, 834.0999755859375, 908.2000122070312, 982.2999877929688, 1056.4000244140625, 1130.5, 1204.5999755859375, 1278.699951171875, 1352.800048828125, 1426.9000244140625, 1501.0, 1575.0999755859375, 1649.199951171875, 1723.300048828125, 1797.4000244140625, 1871.5, 1945.5999755859375, 2019.699951171875, 2093.800048828125], "HealthRegenRate": [1.1431666612625122, 1.2731666564941406, 1.403166651725769, 1.5331666469573975, 1.6631666421890259, 1.7931666374206543, 1.9231666326522827, 2.053166627883911, 2.183166742324829, 2.313166618347168, 2.443166732788086, 2.573166608810425, 2.7031667232513428, 2.8331665992736816, 2.9631667137145996, 3.0931665897369385, 3.2231667041778564, 3.3531665802001953, 3.4831666946411133, 3.613166570663452], "MaxHealth": [685.9000244140625, 760.0, 834.0999755859375, 908.2000122070312, 982.2999877929688, 1056.4000244140625, 1130.5, 1204.5999755859375, 1278.699951171875, 1352.800048828125, 1426.9000244140625, 1501.0, 1575.0999755859375, 1649.199951171875, 1723.300048828125, 1797.4000244140625, 1871.5, 1945.5999755859375, 2019.699951171875, 2093.800048828125], "MaxMoveSpeed": [715.0], "VisionRadius": [5000.0], "CXPBounty": [455.0], "CXPSpawnTime": [1.5], "GainXPFromKills": [1.0], "MaxCardLevel": [20.0], "MaxLevel": [20.0], "XPBounty": [55.0, 66.96094512939453, 78.8006591796875, 90.35697174072266, 101.83509063720703, 135.3509063720703, 148.71578979492188, 162.11434936523438, 175.35400390625, 182.0854949951172, 220.5879669189453, 228.08668518066406, 235.84031677246094, 243.85751342773438, 252.1472625732422, 297.96435546875, 308.0934143066406, 318.5668029785156, 329.396240234375, 340.59381103515625], "XPToLevel": [110.0, 133.92189025878906, 157.601318359375, 180.7139434814453, 203.67018127441406, 225.5848388671875, 247.8596649169922, 270.1905822753906, 292.2566833496094, 303.475830078125, 315.12567138671875, 325.8381042480469, 336.91473388671875, 348.3678894042969, 360.21038818359375, 372.4554443359375, 385.11676025390625, 398.2085266113281, 411.74530029296875, 425.74224853515625]}}