{"Abilities": {"Alternate": {"Cooldown": [14.0, 14.0, 14.0, 14.0], "Cost": [-75.0, -75.0, -75.0, -75.0], "ARC": [1.8799999952316284, 1.8799999952316284, 1.8799999952316284, 1.8799999952316284], "BasePower": [88.0, 140.0, 193.0, 246.0], "Slow": [-0.25, -0.25, -0.25, -0.25], "SlowDuration": [2.0, 2.0, 2.0, 2.0]}, "Primary": {"Cooldown": [10.0, 8.0, 6.0, 4.0], "Cost": [-25.0, -25.0, -25.0, -25.0], "Damage.Bonus": [15.0, 20.0, 25.0, 30.0], "ARC": [0.0, 0.0, 0.0, 0.0], "BasePower": [0.0, 0.0, 0.0, 0.0], "CastRange": [750.0, 750.0, 750.0, 750.0], "MinCastRange": [200.0, 200.0, 200.0, 200.0], "SearchRadius": [400.0, 400.0, 400.0, 400.0], "SlashDelayDuration": [0.20000000298023224, 0.20000000298023224, 0.20000000298023224, 0.20000000298023224]}, "Secondary": {"Cooldown": [12.0, 12.0, 12.0, 12.0], "Cost": [-45.0, -45.0, -45.0, -45.0], "ARC": [1.0399999618530273, 1.0399999618530273, 1.0399999618530273, 1.0399999618530273], "BasePower": [117.0, 146.0, 176.0, 205.0], "DamageRadius": [250.0, 250.0, 250.0, 250.0], "FlightDuration": [1.5, 1.5, 1.5, 1.5], "HoriRange": [1350.0, 1350.0, 1350.0, 1350.0], "VertRange": [750.0, 750.0, 750.0, 750.0]}, "Ultimate": {"Cooldown": [100.0, 80.0, 60.0], "Cost": [-50.0, -50.0, -50.0], "DamageBuff.Mult": [0.10000000149011612, 0.15000000596046448, 0.20000000298023224], "ActivationRadius": [600.0, 600.0, 600.0], "ARC": [0.0, 0.0, 0.0], "BasePower": [0.0, 0.0, 0.0], "DarkDuration": [15.0, 15.0, 15.0], "FireARC": [0.10000000149011612, 0.10000000149011612, 0.10000000149011612], "FireBasePower": [30.0, 45.0, 60.0], "FireDuration": [3.0999999046325684, 3.0999999046325684, 3.0999999046325684], "TriggerARC": [0.25, 0.25, 0.25], "TriggerBasePower": [15.0, 20.0, 25.0], "WeaknessAuraMultiplier": [-0.10000000149011612, -0.15000000596046448, -0.20000000298023224]}}, "Stats": {"AbilityPenetrationRating": [0.0], "AttackRating": [0.0], "AttackSpeedRating": [100.0, 102.30000305175781, 104.5, 106.80000305175781, 109.0, 111.30000305175781, 113.5, 115.80000305175781, 118.0, 120.30000305175781, 122.5, 124.80000305175781, 127.0, 129.3000030517578, 131.5, 133.8000030517578, 136.0, 138.3000030517578, 140.5, 142.8000030517578], "BaseAttackTime": [0.8500000238418579], "BasicPenetrationRating": [0.0], "CleaveRating": [0.10000000149011612], "CriticalDamageBonus": [1.0], "LeftClickARC": [1.0], "LeftClickBasePower": [64.80000305175781, 68.5, 72.30000305175781, 76.0, 79.80000305175781, 83.5, 87.30000305175781, 91.0, 94.80000305175781, 98.5, 102.30000305175781, 106.0999984741211, 109.80000305175781, 113.5999984741211, 117.30000305175781, 121.0999984741211, 124.80000305175781, 128.60000610351562, 132.3000030517578, 136.10000610351562], "Energy": [276.0, 291.0, 306.0, 321.0, 336.0, 351.0, 366.0, 381.0, 396.0, 411.0, 426.0, 441.0, 456.0, 471.0, 486.0, 501.0, 516.0, 531.0, 546.0, 561.0], "EnergyRegenRate": [1.3200000524520874, 1.3700000047683716, 1.4199999570846558, 1.4700000286102295, 1.5199999809265137, 1.5700000524520874, 1.6200000047683716, 1.6699999570846558, 1.7200000286102295, 1.7699999809265137, 1.8200000524520874, 1.8700000047683716, 1.9199999570846558, 1.9700000286102295, 2.0199999809265137, 2.069999933242798, 2.119999885559082, 2.1700000762939453, 2.2200000286102295, 2.2699999809265137], "MaxEnergy": [276.0, 291.0, 306.0, 321.0, 336.0, 351.0, 366.0, 381.0, 396.0, 411.0, 426.0, 441.0, 456.0, 471.0, 486.0, 501.0, 516.0, 531.0, 546.0, 561.0], "AbilityResistanceRating": [30.0], "BasicResistanceRating": [17.899999618530273, 21.0, 24.100000381469727, 27.200000762939453, 30.299999237060547, 33.5, 36.599998474121094, 39.70000076293945, 42.79999923706055, 46.0, 49.099998474121094, 52.20000076293945, 55.29999923706055, 58.5, 61.599998474121094, 64.69999694824219, 67.80000305175781, 71.0, 74.0999984741211, 77.19999694824219], "CriticallyWoundedThresholdPCT": [0.25], "Health": [686.0, 760.0, 834.0, 908.0, 982.0, 1056.0, 1131.0, 1205.0, 1279.0, 1353.0, 1427.0, 1501.0, 1575.0, 1649.0, 1723.0, 1797.0, 1872.0, 1946.0, 2020.0, 2094.0], "HealthRegenRate": [1.1399999856948853, 1.2699999809265137, 1.399999976158142, 1.5299999713897705, 1.659999966621399, 1.7899999618530273, 1.9199999570846558, 2.049999952316284, 2.180000066757202, 2.309999942779541, 2.440000057220459, 2.569999933242798, 2.700000047683716, 2.8299999237060547, 2.9600000381469727, 3.0899999141693115, 3.2200000286102295, 3.3499999046325684, 3.4800000190734863, 3.609999895095825], "MaxHealth": [686.0, 760.0, 834.0, 908.0, 982.0, 1056.0, 1131.0, 1205.0, 1279.0, 1353.0, 1427.0, 1501.0, 1575.0, 1649.0, 1723.0, 1797.0, 1872.0, 1946.0, 2020.0, 2094.0], "MaxMoveSpeed": [675.0], "VisionRadius": [5000.0], "CXPBounty": [550.0], "CXPSpawnTime": [1.5], "GainXPFromKills": [1.0], "MaxCardLevel": [20.0], "MaxLevel": [20.0], "XPBounty": [38.5, 51.10177230834961, 65.11422729492188, 80.37014770507812, 97.01132202148438, 114.57335662841797, 133.71376037597656, 154.2930450439453, 176.12310791015625, 192.4675750732422, 209.80735778808594, 227.22921752929688, 245.59310913085938, 264.94293212890625, 285.32452392578125, 306.7856750488281, 329.3761901855469, 353.1480712890625, 378.1555480957031, 404.45513916015625], "XPToLevel": [110.0, 133.92189025878906, 157.601318359375, 180.7139434814453, 203.67018127441406, 225.5848388671875, 247.8596649169922, 270.1905822753906, 292.2566833496094, 303.475830078125, 315.12567138671875, 325.8381042480469, 336.91473388671875, 348.3678894042969, 360.21038818359375, 372.4554443359375, 385.11676025390625, 398.2085266113281, 411.74530029296875, 425.74224853515625]}}