{"Abilities": {"Alternate": {"Cooldown": [10.0, 8.0, 6.0, 4.0], "Cost": [-25.0, -25.0, -25.0, -25.0], "ARC": [0.0, 0.0, 0.0, 0.0], "AttackSpeedSlow": [-20.0, -30.0, -40.0, -50.0], "AttackSpeedSlowDuration": [3.0, 3.0, 3.0, 3.0], "BasePower": [0.0, 0.0, 0.0, 0.0], "Range": [500.0, 500.0, 500.0, 500.0]}, "Primary": {"Cooldown": [10.0, 10.0, 10.0, 10.0], "Cost": [-75.0, -75.0, -75.0, -75.0], "ARC": [1.0446428060531616, 1.0446428060531616, 1.0446428060531616, 1.0446428060531616], "BasePower": [87.75, 117.0, 146.25, 175.5], "LMBRange.Basic.Primary": [600.0, 600.0, 600.0, 600.0], "Range": [750.0, 750.0, 750.0, 750.0], "StandingCastTime": [0.6000000238418579, 0.6000000238418579, 0.6000000238418579, 0.6000000238418579], "StunDuration": [0.5, 0.5, 0.5, 0.5], "TargetDistanceOffset": [550.0, 550.0, 550.0, 550.0], "TotalDuration": [1.100000023841858, 1.100000023841858, 1.100000023841858, 1.100000023841858]}, "Secondary": {"Cooldown": [21.0, 18.0, 15.0, 12.0], "Cost": [-40.0, -40.0, -40.0, -40.0], "ARC": [0.0, 0.0, 0.0, 0.0], "BasePower": [0.0, 0.0, 0.0, 0.0], "BonusCleave": [1.0, 1.0, 1.0, 1.0], "BuffDuration": [6.0, 6.0, 6.0, 6.0], "RangeBonus": [1050.0, 1050.0, 1050.0, 1050.0]}, "Ultimate": {"Cooldown": [90.0, 65.0, 40.0], "Cost": [-75.0, -75.0, -75.0], "ARC": [0.0, 0.0, 0.0], "BasePower": [0.0, 0.0, 0.0], "BubbleDuration": [4.0, 4.5, 5.0], "BubbleRadius": [500.0, 500.0, 500.0], "ProjectileSpeedMultiplier": [0.03999999910593033, 0.03999999910593033, 0.03999999910593033], "Slow": [-125.0, -125.0, -125.0]}}, "Stats": {"AbilityPenetrationRating": [0.0], "AttackRating": [0.0], "AttackSpeedRating": [100.0, 102.25, 104.5, 106.75, 109.0, 111.25, 113.5, 115.75, 118.0, 120.25, 122.5, 124.75, 127.0, 129.25, 131.5, 133.75, 136.0, 138.25, 140.5, 142.75], "BaseAttackTime": [0.800000011920929], "BasicPenetrationRating": [0.0], "CleaveRating": [0.0], "CriticalDamageBonus": [1.0], "LeftClickARC": [1.0], "LeftClickBasePower": [54.0, 57.375, 60.75, 64.125, 67.5, 70.875, 74.25, 77.625, 81.0, 84.375, 87.75, 91.125, 94.5, 97.875, 101.25, 104.625, 108.0, 111.375, 114.75, 118.125], "Energy": [242.8800048828125, 253.67999267578125, 264.4800109863281, 275.2799987792969, 286.0799865722656, 296.8800048828125, 307.67999267578125, 318.4800109863281, 329.2799987792969, 340.0799865722656, 350.8800048828125, 361.67999267578125, 372.4800109863281, 383.2799987792969, 394.0799865722656, 404.8800048828125, 415.67999267578125, 426.4800109863281, 437.2799987792969, 448.0799865722656], "EnergyRegenRate": [1.2095999717712402, 1.2455999851226807, 1.281599998474121, 1.3176000118255615, 1.353600025177002, 1.3896000385284424, 1.4256000518798828, 1.4615999460220337, 1.4975999593734741, 1.5335999727249146, 1.569599986076355, 1.6055999994277954, 1.6416000127792358, 1.6776000261306763, 1.7136000394821167, 1.7496000528335571, 1.785599946975708, 1.8215999603271484, 1.8575999736785889, 1.8935999870300293], "MaxEnergy": [242.8800048828125, 253.67999267578125, 264.4800109863281, 275.2799987792969, 286.0799865722656, 296.8800048828125, 307.67999267578125, 318.4800109863281, 329.2799987792969, 340.0799865722656, 350.8800048828125, 361.67999267578125, 372.4800109863281, 383.2799987792969, 394.0799865722656, 404.8800048828125, 415.67999267578125, 426.4800109863281, 437.2799987792969, 448.0799865722656], "AbilityResistanceRating": [25.0], "BasicResistanceRating": [17.280000686645508, 19.05120086669922, 20.822399139404297, 22.593599319458008, 24.36479949951172, 26.13599967956543, 27.90719985961914, 29.67840003967285, 31.449600219726562, 33.22079849243164, 34.992000579833984, 36.76319885253906, 38.534400939941406, 40.305599212646484, 42.07680130004883, 43.847999572753906, 45.61920166015625, 47.39039993286133, 49.161598205566406, 50.93280029296875], "CriticallyWoundedThresholdPCT": [0.25], "Health": [615.7216186523438, 680.2119750976562, 744.702392578125, 809.1928100585938, 873.6832275390625, 938.173583984375, 1002.6640014648438, 1067.1544189453125, 1131.644775390625, 1196.13525390625, 1260.6256103515625, 1325.115966796875, 1389.6064453125, 1454.0968017578125, 1518.587158203125, 1583.07763671875, 1647.5679931640625, 1712.058349609375, 1776.548828125, 1841.0391845703125], "HealthRegenRate": [1.02620267868042, 1.1336866617202759, 1.2411706447601318, 1.3486546277999878, 1.4561386108398438, 1.5636227130889893, 1.6711066961288452, 1.7785906791687012, 1.8860746622085571, 1.993558645248413, 2.1010427474975586, 2.208526611328125, 2.3160107135772705, 2.423494577407837, 2.5309786796569824, 2.638462781906128, 2.7459466457366943, 2.85343074798584, 2.9609146118164062, 3.0683987140655518], "MaxHealth": [615.7216186523438, 680.2119750976562, 744.702392578125, 809.1928100585938, 873.6832275390625, 938.173583984375, 1002.6640014648438, 1067.1544189453125, 1131.644775390625, 1196.13525390625, 1260.6256103515625, 1325.115966796875, 1389.6064453125, 1454.0968017578125, 1518.587158203125, 1583.07763671875, 1647.5679931640625, 1712.058349609375, 1776.548828125, 1841.0391845703125], "MaxMoveSpeed": [690.0], "VisionRadius": [5000.0], "CXPBounty": [455.0], "CXPSpawnTime": [1.5], "GainXPFromKills": [1.0], "MaxCardLevel": [20.0], "MaxLevel": [20.0], "XPBounty": [55.0, 66.96094512939453, 78.8006591796875, 90.35697174072266, 101.83509063720703, 135.3509063720703, 148.71578979492188, 162.11434936523438, 175.35400390625, 182.0854949951172, 220.5879669189453, 228.08668518066406, 235.84031677246094, 243.85751342773438, 252.1472625732422, 297.96435546875, 308.0934143066406, 318.5668029785156, 329.396240234375, 340.59381103515625], "XPToLevel": [110.0, 133.92189025878906, 157.601318359375, 180.7139434814453, 203.67018127441406, 225.5848388671875, 247.8596649169922, 270.1905822753906, 292.2566833496094, 303.475830078125, 315.12567138671875, 325.8381042480469, 336.91473388671875, 348.3678894042969, 360.21038818359375, 372.4554443359375, 385.11676025390625, 398.2085266113281, 411.74530029296875, 425.74224853515625]}}