{"Abilities": {"Alternate": {"Cooldown": [16.0, 12.0, 8.0, 4.0], "Cost": [-60.0, -65.0, -70.0, -75.0], "ARC": [0.0, 0.0, 0.0, 0.0], "AttackSpeedSlow": [-20.0, -30.0, -40.0, -50.0], "AttackSpeedSlowDuration": [3.0, 3.0, 3.0, 3.0], "BasePower": [0.0, 0.0, 0.0, 0.0], "Range": [500.0, 500.0, 500.0, 500.0]}, "Primary": {"Cooldown": [10.0, 10.0, 10.0, 10.0], "Cost": [-55.0, -55.0, -55.0, -55.0], "ARC": [0.5, 0.5, 0.5, 0.5], "BasePower": [80.0, 130.0, 180.0, 230.0], "LMBRange.Basic.Primary": [600.0, 600.0, 600.0, 600.0], "Range": [950.0, 950.0, 950.0, 950.0], "StandingCastTime": [0.6000000238418579, 0.6000000238418579, 0.6000000238418579, 0.6000000238418579], "StunDuration": [0.5, 0.5, 0.5, 0.5], "TargetDistanceOffset": [550.0, 550.0, 550.0, 550.0], "TotalDuration": [1.100000023841858, 1.100000023841858, 1.100000023841858, 1.100000023841858]}, "Secondary": {"Cooldown": [20.0, 16.0, 12.0, 8.0], "Cost": [-20.0, -20.0, -20.0, -20.0], "ARC": [0.0, 0.0, 0.0, 0.0], "BasePower": [0.0, 0.0, 0.0, 0.0], "BonusCleave": [1.0, 1.0, 1.0, 1.0], "BuffDuration": [6.0, 6.0, 6.0, 6.0], "RangeBonus": [1050.0, 1050.0, 1050.0, 1050.0]}, "Ultimate": {"Cooldown": [90.0, 65.0, 40.0], "Cost": [-75.0, -75.0, -75.0], "ARC": [0.0, 0.0, 0.0], "BasePower": [0.0, 0.0, 0.0], "BubbleDuration": [5.0, 5.5, 6.0], "BubbleRadius": [500.0, 500.0, 500.0], "ProjectileSpeedMultiplier": [0.03999999910593033, 0.03999999910593033, 0.03999999910593033], "Slow": [-250.0, -300.0, -350.0]}}, "Stats": {"AbilityPenetrationRating": [0.0], "AttackRating": [0.0], "AttackSpeedRating": [100.0, 102.80000305175781, 105.5999984741211, 108.4000015258789, 111.19999694824219, 114.0, 116.80000305175781, 119.5999984741211, 122.4000015258789, 125.19999694824219, 128.0, 130.8000030517578, 133.60000610351562, 136.39999389648438, 139.1999969482422, 142.0, 144.8000030517578, 147.60000610351562, 150.39999389648438, 153.1999969482422], "BaseAttackTime": [1.2000000476837158], "BasicPenetrationRating": [0.0], "CleaveRating": [0.0], "CriticalDamageBonus": [1.5], "LeftClickARC": [0.9200000166893005], "LeftClickBasePower": [55.0, 56.599998474121094, 58.20000076293945, 59.79999923706055, 61.400001525878906, 63.0, 64.5999984741211, 66.19999694824219, 67.80000305175781, 69.4000015258789, 71.0, 72.5999984741211, 74.19999694824219, 75.80000305175781, 77.4000015258789, 79.0, 80.5999984741211, 82.19999694824219, 83.80000305175781, 85.4000015258789], "Energy": [225.0, 273.0, 321.0, 369.0, 417.0, 465.0, 513.0, 561.0, 609.0, 657.0, 705.0, 753.0, 801.0, 849.0, 897.0, 945.0, 993.0, 1041.0, 1089.0, 1137.0], "EnergyRegenRate": [0.800000011920929, 0.9200000166893005, 1.0399999618530273, 1.159999966621399, 1.2799999713897705, 1.399999976158142, 1.5199999809265137, 1.6399999856948853, 1.7599999904632568, 1.8799999952316284, 2.0, 2.119999885559082, 2.240000009536743, 2.359999895095825, 2.4800000190734863, 2.5999999046325684, 2.7200000286102295, 2.8399999141693115, 2.9600000381469727, 3.0799999237060547], "MaxEnergy": [225.0, 273.0, 321.0, 369.0, 417.0, 465.0, 513.0, 561.0, 609.0, 657.0, 705.0, 753.0, 801.0, 849.0, 897.0, 945.0, 993.0, 1041.0, 1089.0, 1137.0], "AbilityResistanceRating": [20.0, 20.75, 21.5, 22.25, 23.0, 23.75, 24.5, 25.25, 26.0, 26.75, 27.5, 28.25, 29.0, 29.75, 30.5, 31.25, 32.0, 32.75, 33.5, 34.25], "BasicResistanceRating": [18.0, 20.299999237060547, 22.600000381469727, 24.899999618530273, 27.200000762939453, 29.5, 31.799999237060547, 34.099998474121094, 36.400001525878906, 38.70000076293945, 41.0, 43.29999923706055, 45.599998474121094, 47.900001525878906, 50.20000076293945, 52.5, 54.79999923706055, 57.099998474121094, 59.400001525878906, 61.70000076293945], "CriticallyWoundedThresholdPCT": [0.25], "Health": [513.0, 580.2315063476562, 647.4630126953125, 714.6945190429688, 781.926025390625, 849.157470703125, 916.3889770507812, 983.6204833984375, 1050.85205078125, 1118.08349609375, 1185.31494140625, 1252.5465087890625, 1319.7779541015625, 1387.009521484375, 1454.240966796875, 1521.4725341796875, 1588.7039794921875, 1655.935546875, 1723.1669921875, 1790.3985595703125], "HealthRegenRate": [1.25, 1.4500000476837158, 1.649999976158142, 1.850000023841858, 2.049999952316284, 2.25, 2.450000047683716, 2.6500000953674316, 2.8499999046325684, 3.049999952316284, 3.25, 3.450000047683716, 3.6500000953674316, 3.8499999046325684, 4.050000190734863, 4.25, 4.449999809265137, 4.650000095367432, 4.849999904632568, 5.050000190734863], "MaxHealth": [513.0, 580.2315063476562, 647.4630126953125, 714.6945190429688, 781.926025390625, 849.157470703125, 916.3889770507812, 983.6204833984375, 1050.85205078125, 1118.08349609375, 1185.31494140625, 1252.5465087890625, 1319.7779541015625, 1387.009521484375, 1454.240966796875, 1521.4725341796875, 1588.7039794921875, 1655.935546875, 1723.1669921875, 1790.3985595703125], "MaxMoveSpeed": [720.0], "VisionRadius": [5000.0], "CXPBounty": [675.0], "CXPSpawnTime": [1.5], "GainXPFromKills": [1.0], "MaxCardLevel": [20.0], "MaxLevel": [15.0], "XPBounty": [49.5, 65.25, 83.25, 101.25, 121.5, 144.0, 166.5, 189.0, 213.75, 238.5, 263.25, 285.75, 306.0, 324.0, 338.8500061035156, 551.4072875976562, 651.6632080078125, 770.1473999023438, 910.1741943359375, 1075.660400390625], "XPToLevel": [110.0, 145.0, 185.0, 225.0, 270.0, 320.0, 370.0, 420.0, 475.0, 530.0, 585.0, 635.0, 680.0, 720.0, 753.0, 1225.349609375, 1448.140380859375, 1711.438720703125, 2022.609375, 2390.3564453125]}}