{"Abilities": {"Alternate": {"Cooldown": [10.0, 8.0, 6.0, 4.0], "Cost": [-25.0, -25.0, -25.0, -25.0], "ARC": [0.0, 0.0, 0.0, 0.0], "AttackSpeedSlow": [-20.0, -30.0, -40.0, -50.0], "AttackSpeedSlowDuration": [3.0, 3.0, 3.0, 3.0], "BasePower": [0.0, 0.0, 0.0, 0.0], "Range": [500.0, 500.0, 500.0, 500.0]}, "Primary": {"Cooldown": [10.0, 10.0, 10.0, 10.0], "Cost": [-75.0, -75.0, -75.0, -75.0], "ARC": [1.0399999618530273, 1.0399999618530273, 1.0399999618530273, 1.0399999618530273], "BasePower": [88.0, 117.0, 146.0, 176.0], "LMBRange.Basic.Primary": [600.0, 600.0, 600.0, 600.0], "Range": [850.0, 850.0, 850.0, 850.0], "StandingCastTime": [0.6000000238418579, 0.6000000238418579, 0.6000000238418579, 0.6000000238418579], "StunDuration": [0.5, 0.5, 0.5, 0.5], "TargetDistanceOffset": [550.0, 550.0, 550.0, 550.0], "TotalDuration": [1.100000023841858, 1.100000023841858, 1.100000023841858, 1.100000023841858]}, "Secondary": {"Cooldown": [21.0, 18.0, 15.0, 12.0], "Cost": [-40.0, -40.0, -40.0, -40.0], "ARC": [0.0, 0.0, 0.0, 0.0], "BasePower": [0.0, 0.0, 0.0, 0.0], "BonusCleave": [1.0, 1.0, 1.0, 1.0], "BuffDuration": [6.0, 6.0, 6.0, 6.0], "RangeBonus": [1050.0, 1050.0, 1050.0, 1050.0]}, "Ultimate": {"Cooldown": [90.0, 65.0, 40.0], "Cost": [-75.0, -75.0, -75.0], "ARC": [0.0, 0.0, 0.0], "BasePower": [0.0, 0.0, 0.0], "BubbleDuration": [4.0, 4.5, 5.0], "BubbleRadius": [500.0, 500.0, 500.0], "ProjectileSpeedMultiplier": [0.03999999910593033, 0.03999999910593033, 0.03999999910593033], "Slow": [-0.20000000298023224, -0.20000000298023224, -0.20000000298023224]}}, "Stats": {"AbilityPenetrationRating": [0.0], "AttackRating": [0.0], "AttackSpeedRating": [100.0, 102.30000305175781, 104.5, 106.80000305175781, 109.0, 111.30000305175781, 113.5, 115.80000305175781, 118.0, 120.30000305175781, 122.5, 124.80000305175781, 127.0, 129.3000030517578, 131.5, 133.8000030517578, 136.0, 138.3000030517578, 140.5, 142.8000030517578], "BaseAttackTime": [0.800000011920929], "BasicPenetrationRating": [0.0], "CleaveRating": [0.0], "CriticalDamageBonus": [1.0], "LeftClickARC": [1.0], "LeftClickBasePower": [59.400001525878906, 62.79999923706055, 66.19999694824219, 69.5, 72.9000015258789, 76.30000305175781, 79.69999694824219, 83.0, 86.4000015258789, 89.80000305175781, 93.19999694824219, 96.5, 99.9000015258789, 103.30000305175781, 106.69999694824219, 110.0, 113.4000015258789, 116.80000305175781, 120.19999694824219, 123.5], "Energy": [243.0, 254.0, 264.0, 275.0, 286.0, 297.0, 308.0, 318.0, 329.0, 340.0, 351.0, 362.0, 372.0, 383.0, 394.0, 405.0, 416.0, 426.0, 437.0, 448.0], "EnergyRegenRate": [1.2100000381469727, 1.25, 1.2799999713897705, 1.3200000524520874, 1.350000023841858, 1.3899999856948853, 1.4299999475479126, 1.4600000381469727, 1.5, 1.5299999713897705, 1.5700000524520874, 1.6100000143051147, 1.6399999856948853, 1.6799999475479126, 1.7100000381469727, 1.75, 1.7899999618530273, 1.8200000524520874, 1.8600000143051147, 1.8899999856948853], "MaxEnergy": [243.0, 254.0, 264.0, 275.0, 286.0, 297.0, 308.0, 318.0, 329.0, 340.0, 351.0, 362.0, 372.0, 383.0, 394.0, 405.0, 416.0, 426.0, 437.0, 448.0], "AbilityResistanceRating": [30.0], "BasicResistanceRating": [17.299999237060547, 19.700000762939453, 22.200000762939453, 24.600000381469727, 27.0, 29.5, 31.899999618530273, 34.29999923706055, 36.79999923706055, 39.20000076293945, 41.599998474121094, 44.099998474121094, 46.5, 48.900001525878906, 51.400001525878906, 53.79999923706055, 56.20000076293945, 58.70000076293945, 61.099998474121094, 63.599998474121094], "CriticallyWoundedThresholdPCT": [0.25], "Health": [616.0, 680.0, 745.0, 809.0, 874.0, 938.0, 1003.0, 1067.0, 1132.0, 1196.0, 1261.0, 1325.0, 1390.0, 1454.0, 1519.0, 1583.0, 1648.0, 1712.0, 1777.0, 1841.0], "HealthRegenRate": [1.0299999713897705, 1.1299999952316284, 1.2400000095367432, 1.350000023841858, 1.4600000381469727, 1.559999942779541, 1.6699999570846558, 1.7799999713897705, 1.8899999856948853, 1.9900000095367432, 2.0999999046325684, 2.2100000381469727, 2.319999933242798, 2.4200000762939453, 2.5299999713897705, 2.640000104904175, 2.75, 2.8499999046325684, 2.9600000381469727, 3.069999933242798], "MaxHealth": [616.0, 680.0, 745.0, 809.0, 874.0, 938.0, 1003.0, 1067.0, 1132.0, 1196.0, 1261.0, 1325.0, 1390.0, 1454.0, 1519.0, 1583.0, 1648.0, 1712.0, 1777.0, 1841.0], "MaxMoveSpeed": [705.0], "VisionRadius": [5000.0], "CXPBounty": [550.0], "CXPSpawnTime": [1.5], "GainXPFromKills": [1.0], "MaxCardLevel": [20.0], "MaxLevel": [20.0], "XPBounty": [55.0, 66.96094512939453, 78.8006591796875, 90.35697174072266, 101.83509063720703, 135.3509063720703, 148.71578979492188, 162.11434936523438, 175.35400390625, 182.0854949951172, 220.5879669189453, 228.08668518066406, 235.84031677246094, 243.85751342773438, 252.1472625732422, 297.96435546875, 308.0934143066406, 318.5668029785156, 329.396240234375, 340.59381103515625], "XPToLevel": [110.0, 133.92189025878906, 157.601318359375, 180.7139434814453, 203.67018127441406, 225.5848388671875, 247.8596649169922, 270.1905822753906, 292.2566833496094, 303.475830078125, 315.12567138671875, 325.8381042480469, 336.91473388671875, 348.3678894042969, 360.21038818359375, 372.4554443359375, 385.11676025390625, 398.2085266113281, 411.74530029296875, 425.74224853515625]}}