{"Abilities": {"Alternate": {"Cooldown": [8.0, 8.0, 8.0, 8.0], "Cost": [-100.0, -110.0, -120.0, -130.0], "ARC": [3.130000114440918, 3.130000114440918, 3.130000114440918, 3.130000114440918], "BasePower": [129.0, 216.0, 304.0, 392.0], "Duration": [3.0, 3.0, 3.0, 3.0], "Slow": [-180.0, -250.0, -320.0, -390.0]}, "Primary": {"Cooldown": [6.0, 6.0, 6.0, 6.0], "Cost": [-100.0, -110.0, -120.0, -130.0], "Range": [1700.0, 1700.0, 1700.0, 1700.0], "ARC": [3.549999952316284, 3.549999952316284, 3.549999952316284, 3.549999952316284], "BasePower": [140.0, 240.0, 339.0, 439.0], "Duration": [2.5, 2.5, 2.5, 2.5]}, "Secondary": {"Cooldown": [10.0, 10.0, 10.0, 10.0], "Cost": [-75.0, -75.0, -75.0, -75.0], "Movespeed.Max.Duration": [4.0, 4.0, 4.0, 4.0], "Movespeed.Max.Magnitude": [175.0, 200.0, 225.0, 250.0], "Movespeed.Stack.Count": [20.0, 20.0, 20.0, 20.0], "Movespeed.Stack.Duration": [0.20000000298023224, 0.20000000298023224, 0.20000000298023224, 0.20000000298023224], "Movespeed.Stack.Magnitude": [8.75, 10.0, 11.25, 12.5], "ARC": [0.0, 0.0, 0.0, 0.0], "BasePower": [0.0, 0.0, 0.0, 0.0]}, "Ultimate": {"Cooldown": [110.0, 95.0, 80.0], "Cost": [-150.0, -225.0, -300.0], "Damage.TickIncrease": [0.75, 0.75, 0.75], "Slow.Duration": [0.25, 0.25, 0.25], "Slow.Magnitude": [-350.0, -350.0, -350.0], "ARC": [6.269999980926514, 6.269999980926514, 6.269999980926514], "BasePower": [410.0, 585.0, 761.0], "Duration": [4.0, 4.0, 4.0]}}, "Stats": {"AbilityPenetrationRating": [0.0], "AttackRating": [0.0], "AttackSpeedRating": [100.0], "BaseAttackTime": [0.949999988079071], "BasicPenetrationRating": [0.0], "CleaveRating": [0.0], "CriticalDamageBonus": [1.0], "LeftClickARC": [1.0], "LeftClickBasePower": [52.900001525878906, 55.0, 57.0, 59.0, 61.099998474121094, 63.099998474121094, 65.19999694824219, 67.19999694824219, 69.19999694824219, 71.30000305175781, 73.30000305175781, 75.4000015258789, 77.4000015258789, 79.4000015258789, 81.5, 83.5, 85.5999984741211, 87.5999984741211, 89.5999984741211, 91.69999694824219], "Energy": [394.0, 427.0, 460.0, 493.0, 526.0, 559.0, 592.0, 625.0, 658.0, 691.0, 724.0, 757.0, 790.0, 823.0, 856.0, 889.0, 922.0, 955.0, 988.0, 1021.0], "EnergyRegenRate": [1.7100000381469727, 1.8200000524520874, 1.9299999475479126, 2.0399999618530273, 2.1500000953674316, 2.259999990463257, 2.369999885559082, 2.4800000190734863, 2.5899999141693115, 2.700000047683716, 2.809999942779541, 2.9200000762939453, 3.0299999713897705, 3.140000104904175, 3.25, 3.359999895095825, 3.4700000286102295, 3.5799999237060547, 3.690000057220459, 3.799999952316284], "MaxEnergy": [394.0, 427.0, 460.0, 493.0, 526.0, 559.0, 592.0, 625.0, 658.0, 691.0, 724.0, 757.0, 790.0, 823.0, 856.0, 889.0, 922.0, 955.0, 988.0, 1021.0], "AbilityResistanceRating": [30.0], "BasicResistanceRating": [19.200000762939453, 21.200000762939453, 23.299999237060547, 25.299999237060547, 27.299999237060547, 29.299999237060547, 31.399999618530273, 33.400001525878906, 35.400001525878906, 37.400001525878906, 39.5, 41.5, 43.5, 45.5, 47.599998474121094, 49.599998474121094, 51.599998474121094, 53.599998474121094, 55.70000076293945, 57.70000076293945], "CriticallyWoundedThresholdPCT": [0.25], "Health": [578.0, 640.0, 702.0, 765.0, 827.0, 890.0, 952.0, 1014.0, 1077.0, 1139.0, 1202.0, 1264.0, 1326.0, 1389.0, 1451.0, 1514.0, 1576.0, 1638.0, 1701.0, 1763.0], "HealthRegenRate": [0.9599999785423279, 1.0700000524520874, 1.1699999570846558, 1.2699999809265137, 1.3799999952316284, 1.4800000190734863, 1.590000033378601, 1.690000057220459, 1.7899999618530273, 1.899999976158142, 2.0, 2.109999895095825, 2.2100000381469727, 2.309999942779541, 2.4200000762939453, 2.5199999809265137, 2.630000114440918, 2.7300000190734863, 2.8299999237060547, 2.940000057220459], "MaxHealth": [578.0, 640.0, 702.0, 765.0, 827.0, 890.0, 952.0, 1014.0, 1077.0, 1139.0, 1202.0, 1264.0, 1326.0, 1389.0, 1451.0, 1514.0, 1576.0, 1638.0, 1701.0, 1763.0], "MaxMoveSpeed": [685.0], "VisionRadius": [5000.0], "CXPBounty": [550.0], "CXPSpawnTime": [1.5], "GainXPFromKills": [1.0], "MaxCardLevel": [20.0], "MaxLevel": [20.0], "XPBounty": [55.0, 66.96094512939453, 78.8006591796875, 90.35697174072266, 101.83509063720703, 135.3509063720703, 148.71578979492188, 162.11434936523438, 175.35400390625, 182.0854949951172, 220.5879669189453, 228.08668518066406, 235.84031677246094, 243.85751342773438, 252.1472625732422, 297.96435546875, 308.0934143066406, 318.5668029785156, 329.396240234375, 340.59381103515625], "XPToLevel": [110.0, 133.92189025878906, 157.601318359375, 180.7139434814453, 203.67018127441406, 225.5848388671875, 247.8596649169922, 270.1905822753906, 292.2566833496094, 303.475830078125, 315.12567138671875, 325.8381042480469, 336.91473388671875, 348.3678894042969, 360.21038818359375, 372.4554443359375, 385.11676025390625, 398.2085266113281, 411.74530029296875, 425.74224853515625]}}