{"Abilities": {"Alternate": {"Cooldown": [5.0, 5.0, 5.0, 5.0], "Cost": [-90.0, -100.0, -110.0, -120.0], "FiringDelay": [0.15000000596046448, 0.15000000596046448, 0.15000000596046448, 0.15000000596046448], "Range": [3000.0, 3000.0, 3000.0, 3000.0], "ARC": [2.5071427822113037, 2.5071427822113037, 2.5071427822113037, 2.5071427822113037], "BasePower": [117.0, 187.1999969482422, 257.3999938964844, 327.6000061035156]}, "Primary": {"Cooldown": [16.0, 16.0, 16.0, 16.0], "Cost": [-65.0, -65.0, -65.0, -65.0], "Lifetime": [60.0, 60.0, 60.0, 60.0], "Pulse.Cooldown": [3.0, 3.0, 3.0, 3.0], "Pulse.Radius": [1300.0, 1300.0, 1300.0, 1300.0], "Range": [1750.0, 1750.0, 1750.0, 1750.0], "Reveal.Duration": [4.0, 6.0, 8.0, 10.0], "ARC": [0.0, 0.0, 0.0, 0.0], "BasePower": [0.0, 0.0, 0.0, 0.0]}, "Secondary": {"Cooldown": [28.0, 24.0, 20.0, 16.0], "Cost": [-100.0, -100.0, -100.0, -100.0], "Range": [1300.0, 1650.0, 2000.0, 2350.0], "Return.Countdown": [1.5, 1.5, 1.5, 1.5], "Return.Delay": [3.0, 3.0, 3.0, 3.0], "ARC": [0.0, 0.0, 0.0, 0.0], "BasePower": [0.0, 0.0, 0.0, 0.0]}, "Ultimate": {"Cooldown": [140.0, 125.0, 110.0], "Cost": [-75.0, -125.0, -175.0], "Buff.Duration": [8.0, 12.0, 16.0], "PreCast.Duration": [1.5, 1.5, 1.5], "Radius": [2200.0, 2200.0, 2200.0], "Speed.Magnitude": [100.0, 100.0, 100.0], "ARC": [0.0, 0.0, 0.0], "BasePower": [0.0, 0.0, 0.0]}}, "Stats": {"AbilityPenetrationRating": [0.0], "AttackRating": [0.0], "AttackSpeedRating": [100.0, 101.5, 103.0, 104.5, 106.0, 107.5, 109.0, 110.5, 112.0, 113.5, 115.0, 116.5, 118.0, 119.5, 121.0, 122.5, 124.0, 125.5, 127.0, 128.5], "BaseAttackTime": [0.949999988079071], "BasicPenetrationRating": [0.0], "CleaveRating": [0.0], "CriticalDamageBonus": [1.0], "LeftClickARC": [1.0], "LeftClickBasePower": [55.566001892089844, 57.810001373291016, 60.05400085449219, 62.29800033569336, 64.54199981689453, 66.78600311279297, 69.02999877929688, 71.27400207519531, 73.51799774169922, 75.76200103759766, 78.00599670410156, 80.25, 82.49400329589844, 84.73799896240234, 86.98200225830078, 89.22599792480469, 91.47000122070312, 93.71399688720703, 95.95800018310547, 98.2020034790039], "Energy": [312.0, 333.0, 354.0, 375.0, 396.0, 417.0, 438.0, 459.0, 480.0, 501.0, 522.0, 543.0, 564.0, 585.0, 606.0, 627.0, 648.0, 669.0, 690.0, 711.0], "EnergyRegenRate": [1.440000057220459, 1.5099999904632568, 1.5800000429153442, 1.649999976158142, 1.7200000286102295, 1.7899999618530273, 1.8600000143051147, 1.9299999475479126, 2.0, 2.069999933242798, 2.140000104904175, 2.2100000381469727, 2.2799999713897705, 2.3499999046325684, 2.4200000762939453, 2.490000009536743, 2.559999942779541, 2.630000114440918, 2.700000047683716, 2.7699999809265137], "MaxEnergy": [312.0, 333.0, 354.0, 375.0, 396.0, 417.0, 438.0, 459.0, 480.0, 501.0, 522.0, 543.0, 564.0, 585.0, 606.0, 627.0, 648.0, 669.0, 690.0, 711.0], "AbilityResistanceRating": [25.0], "BasicResistanceRating": [22.079999923706055, 24.206249237060547, 26.332500457763672, 28.458749771118164, 30.584999084472656, 32.71125030517578, 34.837501525878906, 36.963748931884766, 39.09000015258789, 41.216251373291016, 43.342498779296875, 45.46875, 47.595001220703125, 49.721248626708984, 51.84749984741211, 53.973751068115234, 56.099998474121094, 58.22624969482422, 60.352500915527344, 62.4787483215332], "CriticallyWoundedThresholdPCT": [0.25], "Health": [554.4959716796875, 611.9039916992188, 669.31201171875, 726.719970703125, 784.1279907226562, 841.5360107421875, 898.9439697265625, 956.3519897460938, 1013.760009765625, 1071.16796875, 1128.5760498046875, 1185.9840087890625, 1243.3919677734375, 1300.800048828125, 1358.2080078125, 1415.615966796875, 1473.0240478515625, 1530.4320068359375, 1587.8399658203125, 1645.248046875], "HealthRegenRate": [0.9626666903495789, 1.0666667222976685, 1.1706666946411133, 1.274666666984558, 1.378666639328003, 1.4826666116714478, 1.5866667032241821, 1.690666675567627, 1.7946666479110718, 1.8986666202545166, 2.002666711807251, 2.1066665649414062, 2.2106666564941406, 2.314666748046875, 2.4186666011810303, 2.5226666927337646, 2.626666784286499, 2.7306666374206543, 2.8346667289733887, 2.938666582107544], "MaxHealth": [554.4959716796875, 611.9039916992188, 669.31201171875, 726.719970703125, 784.1279907226562, 841.5360107421875, 898.9439697265625, 956.3519897460938, 1013.760009765625, 1071.16796875, 1128.5760498046875, 1185.9840087890625, 1243.3919677734375, 1300.800048828125, 1358.2080078125, 1415.615966796875, 1473.0240478515625, 1530.4320068359375, 1587.8399658203125, 1645.248046875], "MaxMoveSpeed": [695.0], "VisionRadius": [5000.0], "CXPBounty": [455.0], "CXPSpawnTime": [1.5], "GainXPFromKills": [1.0], "MaxCardLevel": [20.0], "MaxLevel": [20.0], "XPBounty": [55.0, 66.96094512939453, 78.8006591796875, 90.35697174072266, 101.83509063720703, 135.3509063720703, 148.71578979492188, 162.11434936523438, 175.35400390625, 182.0854949951172, 220.5879669189453, 228.08668518066406, 235.84031677246094, 243.85751342773438, 252.1472625732422, 297.96435546875, 308.0934143066406, 318.5668029785156, 329.396240234375, 340.59381103515625], "XPToLevel": [110.0, 133.92189025878906, 157.601318359375, 180.7139434814453, 203.67018127441406, 225.5848388671875, 247.8596649169922, 270.1905822753906, 292.2566833496094, 303.475830078125, 315.12567138671875, 325.8381042480469, 336.91473388671875, 348.3678894042969, 360.21038818359375, 372.4554443359375, 385.11676025390625, 398.2085266113281, 411.74530029296875, 425.74224853515625]}}