{"Abilities": {"Alternate": {"Cooldown": [5.0, 5.0, 5.0, 5.0], "Cost": [-70.0, -80.0, -90.0, -100.0], "FiringDelay": [0.15000000596046448, 0.15000000596046448, 0.15000000596046448, 0.15000000596046448], "Range": [3000.0, 3000.0, 3000.0, 3000.0], "ARC": [2.509999990463257, 2.509999990463257, 2.509999990463257, 2.509999990463257], "BasePower": [117.0, 187.0, 257.0, 328.0]}, "Primary": {"Cooldown": [16.0, 16.0, 16.0, 16.0], "Cost": [-25.0, -25.0, -25.0, -25.0], "Lifetime": [60.0, 60.0, 60.0, 60.0], "Pulse.Cooldown": [3.0, 3.0, 3.0, 3.0], "Pulse.Radius": [1300.0, 1300.0, 1300.0, 1300.0], "Range": [1750.0, 1750.0, 1750.0, 1750.0], "Reveal.Duration": [4.0, 6.0, 8.0, 10.0], "ARC": [0.0, 0.0, 0.0, 0.0], "BasePower": [0.0, 0.0, 0.0, 0.0]}, "Secondary": {"Cooldown": [28.0, 24.0, 20.0, 16.0], "Cost": [-70.0, -70.0, -70.0, -70.0], "Range": [1300.0, 1650.0, 2000.0, 2350.0], "Return.Countdown": [1.5, 1.5, 1.5, 1.5], "Return.Delay": [3.0, 3.0, 3.0, 3.0], "ARC": [0.0, 0.0, 0.0, 0.0], "BasePower": [0.0, 0.0, 0.0, 0.0]}, "Ultimate": {"Cooldown": [140.0, 125.0, 110.0], "Cost": [-75.0, -125.0, -175.0], "Buff.Duration": [8.0, 12.0, 16.0], "PreCast.Duration": [1.5, 1.5, 1.5], "Radius": [2200.0, 2200.0, 2200.0], "Speed.Magnitude": [0.15000000596046448, 0.15000000596046448, 0.15000000596046448], "ARC": [0.0, 0.0, 0.0], "BasePower": [0.0, 0.0, 0.0]}}, "Stats": {"AbilityPenetrationRating": [0.0], "AttackRating": [0.0], "AttackSpeedRating": [100.0, 101.5, 103.0, 104.5, 106.0, 107.5, 109.0, 110.5, 112.0, 113.5, 115.0, 116.5, 118.0, 119.5, 121.0, 122.5, 124.0, 125.5, 127.0, 128.5], "BaseAttackTime": [0.8500000238418579], "BasicPenetrationRating": [0.0], "CleaveRating": [0.0], "CriticalDamageBonus": [1.0], "LeftClickARC": [1.0], "LeftClickBasePower": [55.599998474121094, 58.70000076293945, 61.79999923706055, 64.9000015258789, 68.0, 71.0999984741211, 74.19999694824219, 77.30000305175781, 80.4000015258789, 83.5, 86.5999984741211, 89.69999694824219, 92.80000305175781, 95.9000015258789, 99.0, 102.0999984741211, 105.19999694824219, 108.30000305175781, 111.4000015258789, 114.5], "Energy": [332.0, 353.0, 374.0, 395.0, 416.0, 437.0, 458.0, 479.0, 500.0, 521.0, 542.0, 563.0, 584.0, 605.0, 626.0, 647.0, 668.0, 689.0, 710.0, 731.0], "EnergyRegenRate": [1.5099999904632568, 1.5800000429153442, 1.6399999856948853, 1.7100000381469727, 1.7899999618530273, 1.8600000143051147, 1.9199999570846558, 1.9900000095367432, 2.069999933242798, 2.130000114440918, 2.2100000381469727, 2.2799999713897705, 2.3399999141693115, 2.4200000762939453, 2.4800000190734863, 2.549999952316284, 2.630000114440918, 2.700000047683716, 2.759999990463257, 2.8399999141693115], "MaxEnergy": [332.0, 353.0, 374.0, 395.0, 416.0, 437.0, 458.0, 479.0, 500.0, 521.0, 542.0, 563.0, 584.0, 605.0, 626.0, 647.0, 668.0, 689.0, 710.0, 731.0], "AbilityResistanceRating": [30.0], "BasicResistanceRating": [15.600000381469727, 18.100000381469727, 20.5, 23.0, 25.399999618530273, 27.799999237060547, 30.299999237060547, 32.70000076293945, 35.20000076293945, 37.599998474121094, 40.099998474121094, 42.5, 44.900001525878906, 47.400001525878906, 49.79999923706055, 52.29999923706055, 54.70000076293945, 57.099998474121094, 59.599998474121094, 62.0], "CriticallyWoundedThresholdPCT": [0.25], "Health": [595.0, 661.0, 727.0, 793.0, 860.0, 926.0, 992.0, 1058.0, 1124.0, 1190.0, 1256.0, 1323.0, 1389.0, 1455.0, 1521.0, 1587.0, 1653.0, 1719.0, 1786.0, 1852.0], "HealthRegenRate": [0.9900000095367432, 1.100000023841858, 1.2100000381469727, 1.3200000524520874, 1.4299999475479126, 1.5399999618530273, 1.649999976158142, 1.7599999904632568, 1.8700000047683716, 1.9800000190734863, 2.0899999141693115, 2.200000047683716, 2.309999942779541, 2.4200000762939453, 2.5299999713897705, 2.6500000953674316, 2.759999990463257, 2.869999885559082, 2.9800000190734863, 3.0899999141693115], "MaxHealth": [595.0, 661.0, 727.0, 793.0, 860.0, 926.0, 992.0, 1058.0, 1124.0, 1190.0, 1256.0, 1323.0, 1389.0, 1455.0, 1521.0, 1587.0, 1653.0, 1719.0, 1786.0, 1852.0], "MaxMoveSpeed": [655.0], "VisionRadius": [5000.0], "CXPBounty": [550.0], "CXPSpawnTime": [1.5], "GainXPFromKills": [1.0], "MaxCardLevel": [20.0], "MaxLevel": [20.0], "XPBounty": [38.5, 51.10177230834961, 65.11422729492188, 80.37014770507812, 97.01132202148438, 114.57335662841797, 133.71376037597656, 154.2930450439453, 176.12310791015625, 192.4675750732422, 209.80735778808594, 227.22921752929688, 245.59310913085938, 264.94293212890625, 285.32452392578125, 306.7856750488281, 329.3761901855469, 353.1480712890625, 378.1555480957031, 404.45513916015625], "XPToLevel": [110.0, 133.92189025878906, 157.601318359375, 180.7139434814453, 203.67018127441406, 225.5848388671875, 247.8596649169922, 270.1905822753906, 292.2566833496094, 303.475830078125, 315.12567138671875, 325.8381042480469, 336.91473388671875, 348.3678894042969, 360.21038818359375, 372.4554443359375, 385.11676025390625, 398.2085266113281, 411.74530029296875, 425.74224853515625]}}