{"Abilities": {"Alternate": {"Cooldown": [3.0, 3.0, 3.0, 3.0], "Cost": [-40.0, -40.0, -40.0, -40.0], "ARC.PerTick": [0.09285714477300644, 0.09285714477300644, 0.09285714477300644, 0.09285714477300644], "BaseDamage.PerTick": [5.199999809265137, 7.800000190734863, 10.399999618530273, 13.0], "Duration": [4.0, 4.0, 4.0, 4.0], "Slow.Duration": [1.0, 1.0, 1.0, 1.0], "Slow.Magnitude.PerStack": [-30.0, -30.0, -30.0, -30.0], "TickRate": [0.5, 0.5, 0.5, 0.5], "ARC": [0.8357142806053162, 0.8357142806053162, 0.8357142806053162, 0.8357142806053162], "BasePower": [46.79999923706055, 70.19999694824219, 93.5999984741211, 117.0]}, "Primary": {"Cooldown": [10.0, 10.0, 10.0, 10.0], "Cost": [-90.0, -90.0, -90.0, -90.0], "ARC": [1.462499976158142, 1.462499976158142, 1.462499976158142, 1.462499976158142], "BasePower": [87.75, 128.6999969482422, 169.64999389648438, 210.60000610351562]}, "Secondary": {"Cooldown": [14.0, 12.0, 10.0, 8.0], "Cost": [-30.0, -30.0, -30.0, -30.0], "ARC": [0.0, 0.0, 0.0, 0.0], "BasePower": [0.0, 0.0, 0.0, 0.0]}, "Ultimate": {"Cooldown": [90.0, 70.0, 50.0], "Cost": [-75.0, -75.0, -75.0], "DamageResist.Base": [0.05999999865889549, 0.07999999821186066, 0.10000000149011612], "DamageResist.Stacks": [0.009999999776482582, 0.019999999552965164, 0.029999999329447746], "ARC": [0.0, 0.0, 0.0], "BasePower": [0.0, 0.0, 0.0], "Damage": [22.0, 44.0, 66.0], "Duration": [8.0, 8.0, 8.0]}}, "Stats": {"AbilityPenetrationRating": [0.0], "AttackRating": [0.0], "AttackSpeedRating": [100.0, 100.75, 101.5, 102.25, 103.0, 103.75, 104.5, 105.25, 106.0, 106.75, 107.5, 108.25, 109.0, 109.75, 110.5, 111.25, 112.0, 112.75, 113.5, 114.25], "BaseAttackTime": [0.8500000238418579], "BasicPenetrationRating": [0.0], "CleaveRating": [0.20000000298023224], "CriticalDamageBonus": [1.0], "LeftClickARC": [1.0], "LeftClickBasePower": [67.5, 70.3499984741211, 73.19999694824219, 76.05000305175781, 78.9000015258789, 81.75, 84.5999984741211, 87.44999694824219, 90.30000305175781, 93.1500015258789, 96.0, 98.8499984741211, 101.69999694824219, 104.55000305175781, 107.4000015258789, 110.25, 113.0999984741211, 115.94999694824219, 118.80000305175781, 121.6500015258789], "Energy": [276.0, 289.04998779296875, 302.1000061035156, 315.1499938964844, 328.20001220703125, 341.25, 354.29998779296875, 367.3500061035156, 380.3999938964844, 393.45001220703125, 406.5, 419.54998779296875, 432.6000061035156, 445.6499938964844, 458.70001220703125, 471.75, 484.79998779296875, 497.8500061035156, 510.8999938964844, 523.9500122070312], "EnergyRegenRate": [1.3200000524520874, 1.3634999990463257, 1.406999945640564, 1.4505000114440918, 1.49399995803833, 1.537500023841858, 1.5809999704360962, 1.624500036239624, 1.6679999828338623, 1.7115000486373901, 1.7549999952316284, 1.7984999418258667, 1.8420000076293945, 1.8854999542236328, 1.9290000200271606, 1.972499966621399, 2.0160000324249268, 2.059499979019165, 2.1029999256134033, 2.1465001106262207], "MaxEnergy": [276.0, 289.04998779296875, 302.1000061035156, 315.1499938964844, 328.20001220703125, 341.25, 354.29998779296875, 367.3500061035156, 380.3999938964844, 393.45001220703125, 406.5, 419.54998779296875, 432.6000061035156, 445.6499938964844, 458.70001220703125, 471.75, 484.79998779296875, 497.8500061035156, 510.8999938964844, 523.9500122070312], "AbilityResistanceRating": [25.0], "BasicResistanceRating": [34.79999923706055, 37.095001220703125, 39.38999938964844, 41.685001373291016, 43.97999954223633, 46.275001525878906, 48.56999969482422, 50.8650016784668, 53.15999984741211, 55.45500183105469, 57.75, 60.04499816894531, 62.34000015258789, 64.63500213623047, 66.93000030517578, 69.2249984741211, 71.5199966430664, 73.81500244140625, 76.11000061035156, 78.40499877929688], "CriticallyWoundedThresholdPCT": [0.25], "Health": [779.760009765625, 865.5599975585938, 951.3599853515625, 1037.1600341796875, 1122.9599609375, 1208.760009765625, 1294.56005859375, 1380.3599853515625, 1466.1600341796875, 1551.9599609375, 1637.760009765625, 1723.56005859375, 1809.3599853515625, 1895.1600341796875, 1980.9599609375, 2066.760009765625, 2152.56005859375, 2238.360107421875, 2324.159912109375, 2409.9599609375], "HealthRegenRate": [1.2996000051498413, 1.4426000118255615, 1.5856000185012817, 1.728600025177002, 1.8716000318527222, 2.0146000385284424, 2.157599925994873, 2.300600051879883, 2.4435999393463135, 2.5866000652313232, 2.729599952697754, 2.8726000785827637, 3.0155999660491943, 3.158600091934204, 3.3015999794006348, 3.4446001052856445, 3.587599992752075, 3.730600118637085, 3.8736000061035156, 4.016600131988525], "MaxHealth": [779.760009765625, 865.5599975585938, 951.3599853515625, 1037.1600341796875, 1122.9599609375, 1208.760009765625, 1294.56005859375, 1380.3599853515625, 1466.1600341796875, 1551.9599609375, 1637.760009765625, 1723.56005859375, 1809.3599853515625, 1895.1600341796875, 1980.9599609375, 2066.760009765625, 2152.56005859375, 2238.360107421875, 2324.159912109375, 2409.9599609375], "MaxMoveSpeed": [710.0], "VisionRadius": [5000.0], "CXPBounty": [455.0], "CXPSpawnTime": [1.5], "GainXPFromKills": [1.0], "MaxCardLevel": [20.0], "MaxLevel": [20.0], "XPBounty": [55.0, 66.96094512939453, 78.8006591796875, 90.35697174072266, 101.83509063720703, 135.3509063720703, 148.71578979492188, 162.11434936523438, 175.35400390625, 182.0854949951172, 220.5879669189453, 228.08668518066406, 235.84031677246094, 243.85751342773438, 252.1472625732422, 297.96435546875, 308.0934143066406, 318.5668029785156, 329.396240234375, 340.59381103515625], "XPToLevel": [110.0, 133.92189025878906, 157.601318359375, 180.7139434814453, 203.67018127441406, 225.5848388671875, 247.8596649169922, 270.1905822753906, 292.2566833496094, 303.475830078125, 315.12567138671875, 325.8381042480469, 336.91473388671875, 348.3678894042969, 360.21038818359375, 372.4554443359375, 385.11676025390625, 398.2085266113281, 411.74530029296875, 425.74224853515625]}}