{"Abilities": {"Alternate": {"Cooldown": [8.0, 8.0, 8.0, 8.0], "Cost": [-40.0, -40.0, -40.0, -40.0], "Damage.Bonus": [35.0, 40.0, 45.0, 50.0], "Damage.Bonus.PCT": [1.2000000476837158, 1.2999999523162842, 1.399999976158142, 1.5], "ARC": [0.0, 0.0, 0.0, 0.0], "BasePower": [0.0, 0.0, 0.0, 0.0]}, "Primary": {"Cooldown": [10.0, 10.0, 10.0, 10.0], "Cost": [-60.0, -60.0, -60.0, -60.0], "ARC": [1.4600000381469727, 1.4600000381469727, 1.4600000381469727, 1.4600000381469727], "BasePower": [88.0, 129.0, 170.0, 211.0]}, "Secondary": {"Cooldown": [12.0, 12.0, 12.0, 12.0], "Cost": [-75.0, -75.0, -75.0, -75.0], "Knockup.Magnitude": [175.0, 175.0, 175.0, 175.0], "ARC": [0.8399999737739563, 0.8399999737739563, 0.8399999737739563, 0.8399999737739563], "BasePower": [47.0, 70.0, 94.0, 117.0]}, "Ultimate": {"Cooldown": [110.0, 95.0, 80.0], "Cost": [-50.0, -50.0, -50.0], "Buff.Duration": [14.0, 14.0, 14.0], "Damage.Bonus.PCT": [0.5, 1.0, 1.5], "ARC": [0.0, 0.0, 0.0], "BasePower": [0.0, 0.0, 0.0]}}, "Stats": {"AbilityPenetrationRating": [0.0], "AttackRating": [0.0], "AttackSpeedRating": [100.0, 100.4000015258789, 100.80000305175781, 101.0999984741211, 101.5, 101.9000015258789, 102.30000305175781, 102.5999984741211, 103.0, 103.4000015258789, 103.80000305175781, 104.0999984741211, 104.5, 104.9000015258789, 105.30000305175781, 105.5999984741211, 106.0, 106.4000015258789, 106.80000305175781, 107.0999984741211], "BaseAttackTime": [0.949999988079071], "BasicPenetrationRating": [0.0], "CleaveRating": [0.20000000298023224], "CriticalDamageBonus": [1.0], "LeftClickARC": [1.0], "LeftClickBasePower": [64.80000305175781, 68.80000305175781, 72.80000305175781, 76.80000305175781, 80.80000305175781, 84.80000305175781, 88.69999694824219, 92.69999694824219, 96.69999694824219, 100.69999694824219, 104.69999694824219, 108.69999694824219, 112.69999694824219, 116.69999694824219, 120.69999694824219, 124.5999984741211, 128.60000610351562, 132.60000610351562, 136.60000610351562, 140.60000610351562], "Energy": [246.0, 258.0, 270.0, 282.0, 294.0, 306.0, 318.0, 330.0, 342.0, 354.0, 366.0, 378.0, 390.0, 402.0, 414.0, 426.0, 438.0, 450.0, 462.0, 474.0], "EnergyRegenRate": [1.2200000286102295, 1.2599999904632568, 1.2999999523162842, 1.340000033378601, 1.3799999952316284, 1.4199999570846558, 1.4600000381469727, 1.5, 1.5399999618530273, 1.5800000429153442, 1.6200000047683716, 1.659999966621399, 1.7000000476837158, 1.7400000095367432, 1.7799999713897705, 1.8200000524520874, 1.8600000143051147, 1.899999976158142, 1.940000057220459, 1.9800000190734863], "MaxEnergy": [246.0, 258.0, 270.0, 282.0, 294.0, 306.0, 318.0, 330.0, 342.0, 354.0, 366.0, 378.0, 390.0, 402.0, 414.0, 426.0, 438.0, 450.0, 462.0, 474.0], "AbilityResistanceRating": [30.0], "BasicResistanceRating": [34.79999923706055, 37.099998474121094, 39.400001525878906, 41.70000076293945, 44.0, 46.29999923706055, 48.599998474121094, 50.900001525878906, 53.20000076293945, 55.5, 57.79999923706055, 60.0, 62.29999923706055, 64.5999984741211, 66.9000015258789, 69.19999694824219, 71.5, 73.80000305175781, 76.0999984741211, 78.4000015258789], "CriticallyWoundedThresholdPCT": [0.25], "Health": [780.0, 857.0, 934.0, 1011.0, 1089.0, 1166.0, 1243.0, 1320.0, 1398.0, 1475.0, 1552.0, 1629.0, 1706.0, 1784.0, 1861.0, 1938.0, 2015.0, 2093.0, 2170.0, 2247.0], "HealthRegenRate": [1.2999999523162842, 1.4299999475479126, 1.559999942779541, 1.690000057220459, 1.809999942779541, 1.940000057220459, 2.069999933242798, 2.200000047683716, 2.3299999237060547, 2.4600000381469727, 2.5899999141693115, 2.7200000286102295, 2.8399999141693115, 2.9700000286102295, 3.0999999046325684, 3.2300000190734863, 3.359999895095825, 3.490000009536743, 3.619999885559082, 3.740000009536743], "MaxHealth": [780.0, 857.0, 934.0, 1011.0, 1089.0, 1166.0, 1243.0, 1320.0, 1398.0, 1475.0, 1552.0, 1629.0, 1706.0, 1784.0, 1861.0, 1938.0, 2015.0, 2093.0, 2170.0, 2247.0], "MaxMoveSpeed": [710.0], "VisionRadius": [5000.0], "CXPBounty": [550.0], "CXPSpawnTime": [1.5], "GainXPFromKills": [1.0], "MaxCardLevel": [20.0], "MaxLevel": [20.0], "XPBounty": [55.0, 66.96094512939453, 78.8006591796875, 90.35697174072266, 101.83509063720703, 135.3509063720703, 148.71578979492188, 162.11434936523438, 175.35400390625, 182.0854949951172, 220.5879669189453, 228.08668518066406, 235.84031677246094, 243.85751342773438, 252.1472625732422, 297.96435546875, 308.0934143066406, 318.5668029785156, 329.396240234375, 340.59381103515625], "XPToLevel": [110.0, 133.92189025878906, 157.601318359375, 180.7139434814453, 203.67018127441406, 225.5848388671875, 247.8596649169922, 270.1905822753906, 292.2566833496094, 303.475830078125, 315.12567138671875, 325.8381042480469, 336.91473388671875, 348.3678894042969, 360.21038818359375, 372.4554443359375, 385.11676025390625, 398.2085266113281, 411.74530029296875, 425.74224853515625]}}