{"Abilities": {"Alternate": {"Cooldown": [8.0, 8.0, 8.0, 8.0], "Cost": [-20.0, -20.0, -20.0, -20.0], "Damage.Bonus": [35.0, 40.0, 45.0, 50.0], "Damage.Bonus.PCT": [1.2000000476837158, 1.2999999523162842, 1.399999976158142, 1.5], "ARC": [0.0, 0.0, 0.0, 0.0], "BasePower": [0.0, 0.0, 0.0, 0.0]}, "Primary": {"Cooldown": [10.0, 10.0, 10.0, 10.0], "Cost": [-60.0, -60.0, -60.0, -60.0], "ARC": [1.4600000381469727, 1.4600000381469727, 1.4600000381469727, 1.4600000381469727], "BasePower": [88.0, 129.0, 170.0, 211.0]}, "Secondary": {"Cooldown": [12.0, 12.0, 12.0, 12.0], "Cost": [-75.0, -75.0, -75.0, -75.0], "Knockup.Magnitude": [175.0, 175.0, 175.0, 175.0], "Stun.Duration": [1.2000000476837158, 1.399999976158142, 1.600000023841858, 1.7999999523162842], "ARC": [0.8399999737739563, 0.8399999737739563, 0.8399999737739563, 0.8399999737739563], "BasePower": [47.0, 70.0, 94.0, 117.0]}, "Ultimate": {"Cooldown": [110.0, 95.0, 80.0], "Cost": [-50.0, -50.0, -50.0], "Buff.Duration": [14.0, 14.0, 14.0], "Damage.Bonus.PCT": [0.5, 1.0, 1.5], "ARC": [0.0, 0.0, 0.0], "BasePower": [0.0, 0.0, 0.0]}}, "Stats": {"AbilityPenetrationRating": [0.0], "AttackRating": [0.0], "AttackSpeedRating": [100.0, 100.4000015258789, 100.80000305175781, 101.0999984741211, 101.5, 101.9000015258789, 102.30000305175781, 102.5999984741211, 103.0, 103.4000015258789, 103.80000305175781, 104.0999984741211, 104.5, 104.9000015258789, 105.30000305175781, 105.5999984741211, 106.0, 106.4000015258789, 106.80000305175781, 107.0999984741211], "BaseAttackTime": [0.949999988079071], "BasicPenetrationRating": [0.0], "CleaveRating": [0.20000000298023224], "CriticalDamageBonus": [1.0], "LeftClickARC": [1.0], "LeftClickBasePower": [67.4000015258789, 71.19999694824219, 75.0, 78.69999694824219, 82.5, 86.30000305175781, 90.0999984741211, 93.9000015258789, 97.5999984741211, 101.4000015258789, 105.19999694824219, 109.0, 112.80000305175781, 116.5, 120.30000305175781, 124.0999984741211, 127.9000015258789, 131.6999969482422, 135.39999389648438, 139.1999969482422], "Energy": [246.0, 261.0, 276.0, 291.0, 306.0, 321.0, 336.0, 351.0, 366.0, 381.0, 396.0, 411.0, 426.0, 441.0, 456.0, 471.0, 486.0, 501.0, 516.0, 531.0], "EnergyRegenRate": [1.2200000286102295, 1.2699999809265137, 1.3200000524520874, 1.3700000047683716, 1.4199999570846558, 1.4700000286102295, 1.5199999809265137, 1.5700000524520874, 1.6200000047683716, 1.6699999570846558, 1.7200000286102295, 1.7699999809265137, 1.8200000524520874, 1.8700000047683716, 1.9199999570846558, 1.9700000286102295, 2.0199999809265137, 2.069999933242798, 2.119999885559082, 2.1700000762939453], "MaxEnergy": [246.0, 261.0, 276.0, 291.0, 306.0, 321.0, 336.0, 351.0, 366.0, 381.0, 396.0, 411.0, 426.0, 441.0, 456.0, 471.0, 486.0, 501.0, 516.0, 531.0], "AbilityResistanceRating": [30.0], "BasicResistanceRating": [24.600000381469727, 27.299999237060547, 29.899999618530273, 32.599998474121094, 35.20000076293945, 37.79999923706055, 40.5, 43.099998474121094, 45.70000076293945, 48.400001525878906, 51.0, 53.599998474121094, 56.29999923706055, 58.900001525878906, 61.5, 64.19999694824219, 66.80000305175781, 69.4000015258789, 72.0999984741211, 74.69999694824219], "CriticallyWoundedThresholdPCT": [0.25], "Health": [780.0, 857.0, 934.0, 1011.0, 1089.0, 1166.0, 1243.0, 1320.0, 1398.0, 1475.0, 1552.0, 1629.0, 1706.0, 1784.0, 1861.0, 1938.0, 2015.0, 2093.0, 2170.0, 2247.0], "HealthRegenRate": [1.2999999523162842, 1.4299999475479126, 1.559999942779541, 1.690000057220459, 1.809999942779541, 1.940000057220459, 2.069999933242798, 2.200000047683716, 2.3299999237060547, 2.4600000381469727, 2.5899999141693115, 2.7200000286102295, 2.8399999141693115, 2.9700000286102295, 3.0999999046325684, 3.2300000190734863, 3.359999895095825, 3.490000009536743, 3.619999885559082, 3.740000009536743], "MaxHealth": [780.0, 857.0, 934.0, 1011.0, 1089.0, 1166.0, 1243.0, 1320.0, 1398.0, 1475.0, 1552.0, 1629.0, 1706.0, 1784.0, 1861.0, 1938.0, 2015.0, 2093.0, 2170.0, 2247.0], "MaxMoveSpeed": [670.0], "VisionRadius": [5000.0], "CXPBounty": [550.0], "CXPSpawnTime": [1.5], "GainXPFromKills": [1.0], "MaxCardLevel": [20.0], "MaxLevel": [20.0], "XPBounty": [38.5, 51.10177230834961, 65.11422729492188, 80.37014770507812, 97.01132202148438, 114.57335662841797, 133.71376037597656, 154.2930450439453, 176.12310791015625, 192.4675750732422, 209.80735778808594, 227.22921752929688, 245.59310913085938, 264.94293212890625, 285.32452392578125, 306.7856750488281, 329.3761901855469, 353.1480712890625, 378.1555480957031, 404.45513916015625], "XPToLevel": [110.0, 133.92189025878906, 157.601318359375, 180.7139434814453, 203.67018127441406, 225.5848388671875, 247.8596649169922, 270.1905822753906, 292.2566833496094, 303.475830078125, 315.12567138671875, 325.8381042480469, 336.91473388671875, 348.3678894042969, 360.21038818359375, 372.4554443359375, 385.11676025390625, 398.2085266113281, 411.74530029296875, 425.74224853515625]}}