{"Abilities": {"Alternate": {"Cooldown": [14.0, 12.0, 10.0, 8.0], "Cost": [-30.0, -30.0, -30.0, -30.0], "ARC": [0.0, 0.0, 0.0, 0.0], "BasePower": [0.0, 0.0, 0.0, 0.0]}, "Primary": {"Cooldown": [3.0, 3.0, 3.0, 3.0], "Cost": [-35.0, -35.0, -35.0, -35.0], "ARC": [0.41999998688697815, 0.41999998688697815, 0.41999998688697815, 0.41999998688697815], "BasePower": [82.0, 105.0, 129.0, 152.0], "DamageBonus.Breakpoints": [0.0, 10.0, 25.0, 45.0], "DamageBonus.Stacks": [1.0, 1.0, 1.0, 1.0], "HealthBonus.Breakpoints": [0.0, 20.0, 30.0, 40.0], "HealthBonus.Stacks": [3.0, 3.0, 3.0, 3.0], "StackBreakpoints": [10.0, 30.0, 60.0, 100.0]}, "Secondary": {"Cooldown": [12.0, 12.0, 12.0, 12.0], "Cost": [-110.0, -110.0, -110.0, -110.0], "Range": [1600.0, 1600.0, 1600.0, 1600.0], "ARC": [2.0899999141693115, 2.0899999141693115, 2.0899999141693115, 2.0899999141693115], "BasePower": [88.0, 146.0, 205.0, 263.0], "RootDuration": [1.0, 1.0, 1.0, 1.0], "Slow": [-120.0, -120.0, -120.0, -120.0], "SlowDuration": [1.0, 1.0, 1.0, 1.0]}, "Ultimate": {"Cooldown": [30.0, 30.0, 30.0], "Cost": [-75.0, -75.0, -75.0], "ARC": [2.0899999141693115, 2.0899999141693115, 2.0899999141693115], "BasePower": [146.0, 205.0, 263.0]}}, "Stats": {"AbilityPenetrationRating": [0.0], "AttackRating": [0.0], "AttackSpeedRating": [100.0, 100.5, 100.9000015258789, 101.30000305175781, 101.80000305175781, 102.30000305175781, 102.69999694824219, 103.19999694824219, 103.5999984741211, 104.0999984741211, 104.5, 105.0, 105.4000015258789, 105.80000305175781, 106.30000305175781, 106.80000305175781, 107.19999694824219, 107.69999694824219, 108.0999984741211, 108.5999984741211], "BaseAttackTime": [0.949999988079071], "BasicPenetrationRating": [0.0], "CleaveRating": [0.20000000298023224], "CriticalDamageBonus": [1.0], "LeftClickARC": [1.0], "LeftClickBasePower": [65.5, 68.19999694824219, 71.0, 73.80000305175781, 76.5, 79.30000305175781, 82.0999984741211, 84.80000305175781, 87.5999984741211, 90.4000015258789, 93.0999984741211, 95.9000015258789, 98.5999984741211, 101.4000015258789, 104.19999694824219, 106.9000015258789, 109.69999694824219, 112.5, 115.19999694824219, 118.0], "Energy": [282.0, 297.0, 312.0, 327.0, 342.0, 357.0, 372.0, 387.0, 402.0, 417.0, 432.0, 447.0, 462.0, 477.0, 492.0, 507.0, 522.0, 537.0, 552.0, 567.0], "EnergyRegenRate": [1.340000033378601, 1.3899999856948853, 1.440000057220459, 1.4900000095367432, 1.5399999618530273, 1.590000033378601, 1.6399999856948853, 1.690000057220459, 1.7400000095367432, 1.7899999618530273, 1.840000033378601, 1.8899999856948853, 1.940000057220459, 1.9900000095367432, 2.0399999618530273, 2.0899999141693115, 2.140000104904175, 2.190000057220459, 2.240000009536743, 2.2899999618530273], "MaxEnergy": [282.0, 297.0, 312.0, 327.0, 342.0, 357.0, 372.0, 387.0, 402.0, 417.0, 432.0, 447.0, 462.0, 477.0, 492.0, 507.0, 522.0, 537.0, 552.0, 567.0], "AbilityResistanceRating": [25.0], "BasicResistanceRating": [27.799999237060547, 30.100000381469727, 32.400001525878906, 34.70000076293945, 37.0, 39.29999923706055, 41.599998474121094, 43.900001525878906, 46.20000076293945, 48.5, 50.79999923706055, 53.099998474121094, 55.400001525878906, 57.70000076293945, 60.0, 62.29999923706055, 64.5999984741211, 66.9000015258789, 69.19999694824219, 71.4000015258789], "CriticallyWoundedThresholdPCT": [0.25], "Health": [671.0, 739.0, 808.0, 877.0, 945.0, 1014.0, 1082.0, 1151.0, 1220.0, 1288.0, 1357.0, 1426.0, 1494.0, 1563.0, 1632.0, 1700.0, 1769.0, 1837.0, 1906.0, 1975.0], "HealthRegenRate": [1.1200000047683716, 1.2300000190734863, 1.350000023841858, 1.4600000381469727, 1.5800000429153442, 1.690000057220459, 1.7999999523162842, 1.9199999570846558, 2.0299999713897705, 2.1500000953674316, 2.259999990463257, 2.380000114440918, 2.490000009536743, 2.5999999046325684, 2.7200000286102295, 2.8299999237060547, 2.950000047683716, 3.059999942779541, 3.180000066757202, 3.2899999618530273], "MaxHealth": [671.0, 739.0, 808.0, 877.0, 945.0, 1014.0, 1082.0, 1151.0, 1220.0, 1288.0, 1357.0, 1426.0, 1494.0, 1563.0, 1632.0, 1700.0, 1769.0, 1837.0, 1906.0, 1975.0], "MaxMoveSpeed": [710.0], "VisionRadius": [5000.0], "CXPBounty": [550.0], "CXPSpawnTime": [1.5], "GainXPFromKills": [1.0], "MaxCardLevel": [20.0], "MaxLevel": [20.0], "XPBounty": [55.0, 66.96094512939453, 78.8006591796875, 90.35697174072266, 101.83509063720703, 135.3509063720703, 148.71578979492188, 162.11434936523438, 175.35400390625, 182.0854949951172, 220.5879669189453, 228.08668518066406, 235.84031677246094, 243.85751342773438, 252.1472625732422, 297.96435546875, 308.0934143066406, 318.5668029785156, 329.396240234375, 340.59381103515625], "XPToLevel": [110.0, 133.92189025878906, 157.601318359375, 180.7139434814453, 203.67018127441406, 225.5848388671875, 247.8596649169922, 270.1905822753906, 292.2566833496094, 303.475830078125, 315.12567138671875, 325.8381042480469, 336.91473388671875, 348.3678894042969, 360.21038818359375, 372.4554443359375, 385.11676025390625, 398.2085266113281, 411.74530029296875, 425.74224853515625]}}