{"Abilities": {"Alternate": {"Cooldown": [14.0, 12.0, 10.0, 8.0], "Cost": [-30.0, -30.0, -30.0, -30.0], "ARC": [0.0, 0.0, 0.0, 0.0], "BasePower": [0.0, 0.0, 0.0, 0.0]}, "Primary": {"Cooldown": [3.0, 3.0, 3.0, 3.0], "Cost": [-35.0, -35.0, -35.0, -35.0], "ARC": [0.4178571403026581, 0.4178571403026581, 0.4178571403026581, 0.4178571403026581], "BasePower": [81.9000015258789, 105.30000305175781, 128.6999969482422, 152.10000610351562], "DamageBonus.Breakpoints": [0.0, 10.0, 25.0, 45.0], "DamageBonus.Stacks": [1.0, 1.0, 1.0, 1.0], "HealthBonus.Breakpoints": [0.0, 20.0, 30.0, 40.0], "HealthBonus.Stacks": [3.0, 3.0, 3.0, 3.0], "StackBreakpoints": [20.0, 50.0, 90.0, 140.0]}, "Secondary": {"Cooldown": [12.0, 12.0, 12.0, 12.0], "Cost": [-110.0, -110.0, -110.0, -110.0], "Range": [1600.0, 1600.0, 1600.0, 1600.0], "ARC": [2.0892856121063232, 2.0892856121063232, 2.0892856121063232, 2.0892856121063232], "BasePower": [87.75, 146.25, 204.75, 263.25], "RootDuration": [1.0, 1.0, 1.0, 1.0], "Slow": [-120.0, -120.0, -120.0, -120.0], "SlowDuration": [1.0, 1.0, 1.0, 1.0]}, "Ultimate": {"Cooldown": [30.0, 30.0, 30.0], "Cost": [-75.0, -75.0, -75.0], "ARC": [2.0892856121063232, 2.0892856121063232, 2.0892856121063232], "BasePower": [146.25, 204.75, 263.25]}}, "Stats": {"AbilityPenetrationRating": [0.0], "AttackRating": [0.0], "AttackSpeedRating": [100.0, 100.44999694824219, 100.9000015258789, 101.3499984741211, 101.80000305175781, 102.25, 102.69999694824219, 103.1500015258789, 103.5999984741211, 104.05000305175781, 104.5, 104.94999694824219, 105.4000015258789, 105.8499984741211, 106.30000305175781, 106.75, 107.19999694824219, 107.6500015258789, 108.0999984741211, 108.55000305175781], "BaseAttackTime": [0.949999988079071], "BasicPenetrationRating": [0.0], "CleaveRating": [0.20000000298023224], "CriticalDamageBonus": [1.0], "LeftClickARC": [1.0], "LeftClickBasePower": [65.4749984741211, 68.239501953125, 71.00399780273438, 73.76850128173828, 76.53299713134766, 79.29750061035156, 82.06199645996094, 84.82649993896484, 87.59100341796875, 90.35549926757812, 93.12000274658203, 95.8844985961914, 98.64900207519531, 101.41349792480469, 104.1780014038086, 106.94249725341797, 109.70700073242188, 112.47149658203125, 115.23600006103516, 118.00050354003906], "Energy": [281.5199890136719, 296.5199890136719, 311.5199890136719, 326.5199890136719, 341.5199890136719, 356.5199890136719, 371.5199890136719, 386.5199890136719, 401.5199890136719, 416.5199890136719, 431.5199890136719, 446.5199890136719, 461.5199890136719, 476.5199890136719, 491.5199890136719, 506.5199890136719, 521.52001953125, 536.52001953125, 551.52001953125, 566.52001953125], "EnergyRegenRate": [1.3384000062942505, 1.3883999586105347, 1.4384000301361084, 1.4883999824523926, 1.5384000539779663, 1.5884000062942505, 1.6383999586105347, 1.6884000301361084, 1.7383999824523926, 1.7884000539779663, 1.8384000062942505, 1.8883999586105347, 1.9384000301361084, 1.9883999824523926, 2.0383999347686768, 2.088399887084961, 2.138400077819824, 2.1884000301361084, 2.2383999824523926, 2.2883999347686768], "MaxEnergy": [281.5199890136719, 296.5199890136719, 311.5199890136719, 326.5199890136719, 341.5199890136719, 356.5199890136719, 371.5199890136719, 386.5199890136719, 401.5199890136719, 416.5199890136719, 431.5199890136719, 446.5199890136719, 461.5199890136719, 476.5199890136719, 491.5199890136719, 506.5199890136719, 521.52001953125, 536.52001953125, 551.52001953125, 566.52001953125], "AbilityResistanceRating": [25.0], "BasicResistanceRating": [27.84000015258789, 30.135000228881836, 32.43000030517578, 34.724998474121094, 37.02000045776367, 39.314998626708984, 41.61000061035156, 43.904998779296875, 46.20000076293945, 48.494998931884766, 50.790000915527344, 53.084999084472656, 55.380001068115234, 57.67499923706055, 59.970001220703125, 62.26499938964844, 64.55999755859375, 66.8550033569336, 69.1500015258789, 71.44499969482422], "CriticallyWoundedThresholdPCT": [0.25], "Health": [647.2008056640625, 715.8408203125, 784.4807739257812, 853.1207885742188, 921.7608032226562, 990.4008178710938, 1059.040771484375, 1127.6807861328125, 1196.32080078125, 1264.9608154296875, 1333.600830078125, 1402.2408447265625, 1470.880859375, 1539.520751953125, 1608.1607666015625, 1676.80078125, 1745.4407958984375, 1814.080810546875, 1882.7208251953125, 1951.36083984375], "HealthRegenRate": [1.0786679983139038, 1.193068027496338, 1.307468056678772, 1.4218679666519165, 1.5362679958343506, 1.6506680250167847, 1.7650680541992188, 1.8794679641723633, 1.9938679933547974, 2.1082680225372314, 2.222667932510376, 2.3370680809020996, 2.451467990875244, 2.5658679008483887, 2.6802680492401123, 2.794667959213257, 2.9090681076049805, 3.023468017578125, 3.1378679275512695, 3.252268075942993], "MaxHealth": [647.2008056640625, 715.8408203125, 784.4807739257812, 853.1207885742188, 921.7608032226562, 990.4008178710938, 1059.040771484375, 1127.6807861328125, 1196.32080078125, 1264.9608154296875, 1333.600830078125, 1402.2408447265625, 1470.880859375, 1539.520751953125, 1608.1607666015625, 1676.80078125, 1745.4407958984375, 1814.080810546875, 1882.7208251953125, 1951.36083984375], "MaxMoveSpeed": [710.0], "VisionRadius": [5000.0], "CXPBounty": [455.0], "CXPSpawnTime": [1.5], "GainXPFromKills": [1.0], "MaxCardLevel": [20.0], "MaxLevel": [20.0], "XPBounty": [55.0, 66.96094512939453, 78.8006591796875, 90.35697174072266, 101.83509063720703, 135.3509063720703, 148.71578979492188, 162.11434936523438, 175.35400390625, 182.0854949951172, 220.5879669189453, 228.08668518066406, 235.84031677246094, 243.85751342773438, 252.1472625732422, 297.96435546875, 308.0934143066406, 318.5668029785156, 329.396240234375, 340.59381103515625], "XPToLevel": [110.0, 133.92189025878906, 157.601318359375, 180.7139434814453, 203.67018127441406, 225.5848388671875, 247.8596649169922, 270.1905822753906, 292.2566833496094, 303.475830078125, 315.12567138671875, 325.8381042480469, 336.91473388671875, 348.3678894042969, 360.21038818359375, 372.4554443359375, 385.11676025390625, 398.2085266113281, 411.74530029296875, 425.74224853515625]}}