{"Abilities": {"Alternate": {"Cooldown": [14.0, 12.0, 10.0, 8.0], "Cost": [-30.0, -30.0, -30.0, -30.0], "ARC": [0.0, 0.0, 0.0, 0.0], "BasePower": [0.0, 0.0, 0.0, 0.0]}, "Primary": {"Cooldown": [3.0, 3.0, 3.0, 3.0], "Cost": [-15.0, -15.0, -15.0, -15.0], "ARC": [0.5199999809265137, 0.5199999809265137, 0.5199999809265137, 0.5199999809265137], "BasePower": [105.0, 135.0, 164.0, 193.0], "DamageBonus.Breakpoints": [0.0, 10.0, 25.0, 45.0], "DamageBonus.Stacks": [1.0, 1.0, 1.0, 1.0], "HealthBonus.Breakpoints": [0.0, 20.0, 30.0, 40.0], "HealthBonus.Stacks": [3.0, 3.0, 3.0, 3.0], "StackBreakpoints": [20.0, 60.0, 120.0, 200.0]}, "Secondary": {"Cooldown": [12.0, 12.0, 12.0, 12.0], "Cost": [-75.0, -75.0, -75.0, -75.0], "Range": [1600.0, 1600.0, 1600.0, 1600.0], "ARC": [2.0899999141693115, 2.0899999141693115, 2.0899999141693115, 2.0899999141693115], "BasePower": [117.0, 176.0, 234.0, 293.0], "RootDuration": [1.5, 1.5, 1.5, 1.5], "Slow": [-0.20000000298023224, -0.20000000298023224, -0.20000000298023224, -0.20000000298023224], "SlowDuration": [1.5, 1.5, 1.5, 1.5]}, "Ultimate": {"Cooldown": [30.0, 30.0, 30.0], "Cost": [-75.0, -75.0, -75.0], "Stun.Duration": [2.0, 2.0, 2.0], "ARC": [3.130000114440918, 3.130000114440918, 3.130000114440918], "BasePower": [176.0, 263.0, 351.0]}}, "Stats": {"AbilityPenetrationRating": [0.0], "AttackRating": [0.0], "AttackSpeedRating": [100.0, 100.5, 100.9000015258789, 101.30000305175781, 101.80000305175781, 102.30000305175781, 102.69999694824219, 103.19999694824219, 103.5999984741211, 104.0999984741211, 104.5, 105.0, 105.4000015258789, 105.80000305175781, 106.30000305175781, 106.80000305175781, 107.19999694824219, 107.69999694824219, 108.0999984741211, 108.5999984741211], "BaseAttackTime": [0.949999988079071], "BasicPenetrationRating": [0.0], "CleaveRating": [0.20000000298023224], "CriticalDamageBonus": [1.0], "LeftClickARC": [1.0], "LeftClickBasePower": [68.0999984741211, 70.69999694824219, 73.30000305175781, 76.0, 78.5999984741211, 81.19999694824219, 83.80000305175781, 86.4000015258789, 89.0, 91.69999694824219, 94.30000305175781, 96.9000015258789, 99.5, 102.0999984741211, 104.80000305175781, 107.4000015258789, 110.0, 112.5999984741211, 115.19999694824219, 117.9000015258789], "Energy": [282.0, 297.0, 312.0, 327.0, 342.0, 357.0, 372.0, 387.0, 402.0, 417.0, 432.0, 447.0, 462.0, 477.0, 492.0, 507.0, 522.0, 537.0, 552.0, 567.0], "EnergyRegenRate": [1.340000033378601, 1.3899999856948853, 1.440000057220459, 1.4900000095367432, 1.5399999618530273, 1.590000033378601, 1.6399999856948853, 1.690000057220459, 1.7400000095367432, 1.7899999618530273, 1.840000033378601, 1.8899999856948853, 1.940000057220459, 1.9900000095367432, 2.0399999618530273, 2.0899999141693115, 2.140000104904175, 2.190000057220459, 2.240000009536743, 2.2899999618530273], "MaxEnergy": [282.0, 297.0, 312.0, 327.0, 342.0, 357.0, 372.0, 387.0, 402.0, 417.0, 432.0, 447.0, 462.0, 477.0, 492.0, 507.0, 522.0, 537.0, 552.0, 567.0], "AbilityResistanceRating": [30.0], "BasicResistanceRating": [21.0, 23.600000381469727, 26.200000762939453, 28.899999618530273, 31.5, 34.099998474121094, 36.79999923706055, 39.400001525878906, 42.0, 44.70000076293945, 47.29999923706055, 49.900001525878906, 52.599998474121094, 55.20000076293945, 57.79999923706055, 60.5, 63.099998474121094, 65.69999694824219, 68.4000015258789, 71.0], "CriticallyWoundedThresholdPCT": [0.25], "Health": [702.0, 776.0, 849.0, 923.0, 997.0, 1071.0, 1145.0, 1218.0, 1292.0, 1366.0, 1440.0, 1513.0, 1587.0, 1661.0, 1735.0, 1809.0, 1882.0, 1956.0, 2030.0, 2104.0], "HealthRegenRate": [1.1699999570846558, 1.2899999618530273, 1.4199999570846558, 1.5399999618530273, 1.659999966621399, 1.7799999713897705, 1.909999966621399, 2.0299999713897705, 2.1500000953674316, 2.2799999713897705, 2.4000000953674316, 2.5199999809265137, 2.6500000953674316, 2.7699999809265137, 2.890000104904175, 3.009999990463257, 3.140000104904175, 3.259999990463257, 3.380000114440918, 3.509999990463257], "MaxHealth": [702.0, 776.0, 849.0, 923.0, 997.0, 1071.0, 1145.0, 1218.0, 1292.0, 1366.0, 1440.0, 1513.0, 1587.0, 1661.0, 1735.0, 1809.0, 1882.0, 1956.0, 2030.0, 2104.0], "MaxMoveSpeed": [670.0], "VisionRadius": [5000.0], "CXPBounty": [550.0], "CXPSpawnTime": [1.5], "GainXPFromKills": [1.0], "MaxCardLevel": [20.0], "MaxLevel": [20.0], "XPBounty": [38.5, 51.10177230834961, 65.11422729492188, 80.37014770507812, 97.01132202148438, 114.57335662841797, 133.71376037597656, 154.2930450439453, 176.12310791015625, 192.4675750732422, 209.80735778808594, 227.22921752929688, 245.59310913085938, 264.94293212890625, 285.32452392578125, 306.7856750488281, 329.3761901855469, 353.1480712890625, 378.1555480957031, 404.45513916015625], "XPToLevel": [110.0, 133.92189025878906, 157.601318359375, 180.7139434814453, 203.67018127441406, 225.5848388671875, 247.8596649169922, 270.1905822753906, 292.2566833496094, 303.475830078125, 315.12567138671875, 325.8381042480469, 336.91473388671875, 348.3678894042969, 360.21038818359375, 372.4554443359375, 385.11676025390625, 398.2085266113281, 411.74530029296875, 425.74224853515625]}}