{"Abilities": {"Alternate": {"Cooldown": [16.0, 14.0, 12.0, 10.0], "Cost": [-45.0, -45.0, -45.0, -45.0], "ARC": [0.0, 0.0, 0.0, 0.0], "BasePower": [0.0, 0.0, 0.0, 0.0]}, "Primary": {"Cooldown": [5.0, 5.0, 5.0, 5.0], "Cost": [-25.0, -25.0, -25.0, -25.0], "ARC": [0.20000000298023224, 0.20000000298023224, 0.20000000298023224, 0.20000000298023224], "BasePower": [70.0, 85.0, 100.0, 115.0], "DamageBonus.Breakpoints": [0.0, 10.0, 25.0, 45.0], "DamageBonus.Stacks": [1.0, 1.0, 1.0, 1.0], "HealthBonus.Breakpoints": [0.0, 20.0, 30.0, 40.0], "HealthBonus.Stacks": [3.0, 3.0, 3.0, 3.0], "StackBreakpoints": [20.0, 50.0, 90.0, 140.0]}, "Secondary": {"Cooldown": [17.0, 15.0, 13.0, 11.0], "Cost": [-80.0, -90.0, -100.0, -110.0], "ARC": [0.5, 0.5, 0.5, 0.5], "BasePower": [75.0, 120.0, 165.0, 210.0], "RootDuration": [1.0, 1.0, 1.0, 1.0], "Slow": [-160.0, -200.0, -240.0, -280.0], "SlowDuration": [2.0, 2.0, 2.0, 2.0]}, "Ultimate": {"Cooldown": [30.0, 30.0, 30.0], "Cost": [-100.0, -100.0, -100.0], "ARC": [0.75, 0.75, 0.75], "BasePower": [190.0, 260.0, 330.0]}}, "Stats": {"AbilityPenetrationRating": [0.0], "AttackRating": [0.0], "AttackSpeedRating": [100.0, 101.4000015258789, 102.80000305175781, 104.19999694824219, 105.5999984741211, 107.0, 108.4000015258789, 109.80000305175781, 111.19999694824219, 112.5999984741211, 114.0, 115.4000015258789, 116.80000305175781, 118.19999694824219, 119.5999984741211, 121.0, 122.4000015258789, 123.80000305175781, 125.19999694824219, 126.5999984741211], "BaseAttackTime": [1.5], "BasicPenetrationRating": [0.0], "CleaveRating": [0.20000000298023224], "CriticalDamageBonus": [1.5], "LeftClickARC": [0.699999988079071], "LeftClickBasePower": [70.0, 72.0, 74.0, 76.0, 78.0, 80.0, 82.0, 84.0, 86.0, 88.0, 90.0, 92.0, 94.0, 96.0, 98.0, 100.0, 102.0, 104.0, 106.0, 108.0], "Energy": [200.0, 236.0, 272.0, 308.0, 344.0, 380.0, 416.0, 452.0, 488.0, 524.0, 560.0, 596.0, 632.0, 668.0, 704.0, 740.0, 776.0, 812.0, 848.0, 884.0], "EnergyRegenRate": [0.699999988079071, 0.7900000214576721, 0.8799999952316284, 0.9700000286102295, 1.059999942779541, 1.149999976158142, 1.2400000095367432, 1.3300000429153442, 1.4199999570846558, 1.5099999904632568, 1.600000023841858, 1.690000057220459, 1.7799999713897705, 1.8700000047683716, 1.9600000381469727, 2.049999952316284, 2.140000104904175, 2.2300000190734863, 2.319999933242798, 2.4100000858306885], "MaxEnergy": [200.0, 236.0, 272.0, 308.0, 344.0, 380.0, 416.0, 452.0, 488.0, 524.0, 560.0, 596.0, 632.0, 668.0, 704.0, 740.0, 776.0, 812.0, 848.0, 884.0], "AbilityResistanceRating": [20.0, 20.75, 21.5, 22.25, 23.0, 23.75, 24.5, 25.25, 26.0, 26.75, 27.5, 28.25, 29.0, 29.75, 30.5, 31.25, 32.0, 32.75, 33.5, 34.25], "BasicResistanceRating": [14.0, 15.25, 16.5, 17.75, 19.0, 20.25, 21.5, 22.75, 24.0, 25.25, 26.5, 27.75, 29.0, 30.25, 31.5, 32.75, 34.0, 35.25, 36.5, 37.75], "CriticallyWoundedThresholdPCT": [0.25], "Health": [485.54998779296875, 551.1199951171875, 616.6900024414062, 682.260009765625, 747.8300170898438, 813.4000244140625, 878.969970703125, 944.5399780273438, 1010.1099853515625, 1075.6800537109375, 1141.25, 1206.8199462890625, 1272.3900146484375, 1337.9599609375, 1403.530029296875, 1469.0999755859375, 1534.6700439453125, 1600.239990234375, 1665.81005859375, 1731.3800048828125], "HealthRegenRate": [2.0, 2.299999952316284, 2.5999999046325684, 2.9000000953674316, 3.200000047683716, 3.5, 3.799999952316284, 4.099999904632568, 4.400000095367432, 4.699999809265137, 5.0, 5.300000190734863, 5.599999904632568, 5.900000095367432, 6.199999809265137, 6.5, 6.800000190734863, 7.099999904632568, 7.400000095367432, 7.699999809265137], "MaxHealth": [485.54998779296875, 551.1199951171875, 616.6900024414062, 682.260009765625, 747.8300170898438, 813.4000244140625, 878.969970703125, 944.5399780273438, 1010.1099853515625, 1075.6800537109375, 1141.25, 1206.8199462890625, 1272.3900146484375, 1337.9599609375, 1403.530029296875, 1469.0999755859375, 1534.6700439453125, 1600.239990234375, 1665.81005859375, 1731.3800048828125], "MaxMoveSpeed": [720.0], "VisionRadius": [5000.0], "CXPBounty": [675.0], "CXPSpawnTime": [1.5], "GainXPFromKills": [1.0], "MaxCardLevel": [20.0], "MaxLevel": [15.0], "XPBounty": [49.5, 65.25, 83.25, 101.25, 121.5, 144.0, 166.5, 189.0, 213.75, 238.5, 263.25, 285.75, 306.0, 324.0, 338.8500061035156, 551.4072875976562, 651.6632080078125, 770.1473999023438, 910.1741943359375, 1075.660400390625], "XPToLevel": [110.0, 145.0, 185.0, 225.0, 270.0, 320.0, 370.0, 420.0, 475.0, 530.0, 585.0, 635.0, 680.0, 720.0, 753.0, 1225.349609375, 1448.140380859375, 1711.438720703125, 2022.609375, 2390.3564453125]}}