{"Abilities": {"Alternate": {"Cooldown": [0.0, 0.0, 0.0, 0.0]}, "Primary": {"Cooldown": [1.5, 1.5, 1.5, 1.5]}, "Secondary": {"Cooldown": [0.0, 0.0, 0.0, 0.0]}, "Ultimate": {"Cooldown": [0.0, 0.0, 0.0]}}, "Stats": {"AttackRating": [16.299999237060547], "AttackSpeedRating": [100.0], "BaseAttackTime": [1.5], "Energy": [0.0], "EnergyRegenRate": [0.0], "MaxEnergy": [0.0], "CriticallyWoundedThresholdPCT": [0.0], "Health": [293.0, 306.0, 319.0, 332.0, 345.0, 358.0, 371.0, 384.0, 397.0, 410.0, 423.0, 436.0, 449.0, 462.0, 475.0, 475.0, 475.0, 475.0, 475.0, 475.0], "HealthRegenRate": [0.0], "MaxHealth": [293.0, 306.0, 319.0, 332.0, 345.0, 358.0, 371.0, 384.0, 397.0, 410.0, 423.0, 436.0, 449.0, 462.0, 475.0, 475.0, 475.0, 475.0, 475.0, 475.0], "MaxMoveSpeed": [780.0], "VisionRadius": [2000.0], "BountyAssistXPRangeScalar": [1.0], "CXPBounty": [160.0, 160.0, 160.0, 160.0, 160.0, 160.0, 160.0, 160.0, 160.0, 160.0, 160.0, 160.0, 160.0, 160.0, 160.0, 160.0, 160.0, 160.0, 160.0, 160.0], "CXPSpawnTime": [0.30000001192092896, 0.30000001192092896, 0.30000001192092896, 0.30000001192092896, 0.30000001192092896, 0.30000001192092896, 0.30000001192092896, 0.30000001192092896, 0.30000001192092896, 0.30000001192092896, 0.30000001192092896, 0.30000001192092896, 0.30000001192092896, 0.30000001192092896, 0.30000001192092896, 0.30000001192092896, 0.30000001192092896, 0.30000001192092896, 0.30000001192092896, 0.30000001192092896], "GainXPFromKills": [0.0], "MaxLevel": [15.0], "RefineryPayOut": [0.0], "XPBounty": [12.0], "XPToLevel": [1.0]}}