{"Abilities": {"Alternate": {"Cooldown": [1.0, 2.0, 3.0, 4.0], "Cost": [1.0, 2.0, 3.0, 4.0], "ARC": [1.0, 1.0, 1.0, 1.0], "BasePower": [1.1699999570846558, 2.3399999141693115, 3.509999990463257, 4.679999828338623]}, "Primary": {"Cooldown": [1.0, 2.0, 3.0, 4.0], "Cost": [1.0, 2.0, 3.0, 4.0], "ARC": [1.0, 1.0, 1.0, 1.0], "BasePower": [1.1699999570846558, 2.3399999141693115, 3.509999990463257, 4.679999828338623]}, "Secondary": {"Cooldown": [1.0, 2.0, 3.0, 4.0], "Cost": [1.0, 2.0, 3.0, 4.0], "ARC": [1.0, 1.0, 1.0, 1.0], "BasePower": [1.1699999570846558, 2.3399999141693115, 3.509999990463257, 4.679999828338623]}, "Ultimate": {"Cooldown": [1.0, 2.0, 3.0], "Cost": [1.0, 2.0, 3.0], "ARC": [1.0, 1.0, 1.0], "BasePower": [1.1699999570846558, 2.3399999141693115, 3.509999990463257]}}, "Stats": {"AbilityPenetrationRating": [16.0], "AttackRating": [0.0], "AttackSpeedRating": [100.0], "BaseAttackTime": [0.949999988079071], "BasicPenetrationRating": [0.0], "CleaveRating": [0.0], "CriticalDamageBonus": [1.0], "LeftClickARC": [1.0], "LeftClickBasePower": [52.91999816894531, 54.959999084472656, 57.0, 59.040000915527344, 61.08000183105469, 63.119998931884766, 65.16000366210938, 67.19999694824219, 69.23999786376953, 71.27999877929688, 73.31999969482422, 75.36000061035156, 77.4000015258789, 79.44000244140625, 81.4800033569336, 83.5199966430664, 85.55999755859375, 87.5999984741211, 89.63999938964844, 91.68000030517578], "Energy": [390.0, 420.0, 450.0, 480.0, 510.0, 540.0, 570.0, 600.0, 630.0, 660.0, 690.0, 720.0, 750.0, 780.0, 810.0, 840.0, 870.0, 900.0, 930.0, 960.0], "EnergyRegenRate": [1.7000000476837158, 1.8200000524520874, 1.940000057220459, 2.059999942779541, 2.180000066757202, 2.299999952316284, 2.4200000762939453, 2.5399999618530273, 2.6600000858306885, 2.7799999713897705, 2.9000000953674316, 3.0199999809265137, 3.140000104904175, 3.259999990463257, 3.380000114440918, 3.5, 3.619999885559082, 3.740000009536743, 3.859999895095825, 3.9800000190734863], "MaxEnergy": [390.0, 420.0, 450.0, 480.0, 510.0, 540.0, 570.0, 600.0, 630.0, 660.0, 690.0, 720.0, 750.0, 780.0, 810.0, 840.0, 870.0, 900.0, 930.0, 960.0], "AbilityResistanceRating": [25.0], "BasicResistanceRating": [19.200000762939453, 21.225000381469727, 23.25, 25.274999618530273, 27.299999237060547, 29.325000762939453, 31.350000381469727, 33.375, 35.400001525878906, 37.42499923706055, 39.45000076293945, 41.474998474121094, 43.5, 45.525001525878906, 47.54999923706055, 49.57500076293945, 51.599998474121094, 53.625, 55.650001525878906, 57.67499923706055], "CriticallyWoundedThresholdPCT": [0.25], "Health": [577.5999755859375, 640.0, 702.4000244140625, 764.7999877929688, 827.2000122070312, 889.5999755859375, 952.0, 1014.4000244140625, 1076.800048828125, 1139.199951171875, 1201.5999755859375, 1264.0, 1326.4000244140625, 1388.800048828125, 1451.199951171875, 1513.5999755859375, 1576.0, 1638.4000244140625, 1700.800048828125, 1763.199951171875], "HealthRegenRate": [1.1552000045776367, 1.2799999713897705, 1.4048000574111938, 1.5296000242233276, 1.6543999910354614, 1.7791999578475952, 1.9040000438690186, 2.0288000106811523, 2.153599977493286, 2.27839994430542, 2.4031999111175537, 2.5280001163482666, 2.6528000831604004, 2.777600049972534, 2.902400016784668, 3.0271999835968018, 3.1519999504089355, 3.2767999172210693, 3.401599884033203, 3.526400089263916], "MaxHealth": [577.5999755859375, 640.0, 702.4000244140625, 764.7999877929688, 827.2000122070312, 889.5999755859375, 952.0, 1014.4000244140625, 1076.800048828125, 1139.199951171875, 1201.5999755859375, 1264.0, 1326.4000244140625, 1388.800048828125, 1451.199951171875, 1513.5999755859375, 1576.0, 1638.4000244140625, 1700.800048828125, 1763.199951171875], "MaxMoveSpeed": [695.0], "VisionRadius": [5000.0], "CXPBounty": [455.0], "CXPSpawnTime": [1.5], "GainXPFromKills": [1.0], "MaxCardLevel": [20.0], "MaxLevel": [20.0], "XPBounty": [55.0, 66.96094512939453, 78.8006591796875, 90.35697174072266, 101.83509063720703, 135.3509063720703, 148.71578979492188, 162.11434936523438, 175.35400390625, 182.0854949951172, 220.5879669189453, 228.08668518066406, 235.84031677246094, 243.85751342773438, 252.1472625732422, 297.96435546875, 308.0934143066406, 318.5668029785156, 329.396240234375, 340.59381103515625], "XPToLevel": [110.0, 133.92189025878906, 157.601318359375, 180.7139434814453, 203.67018127441406, 225.5848388671875, 247.8596649169922, 270.1905822753906, 292.2566833496094, 303.475830078125, 315.12567138671875, 325.8381042480469, 336.91473388671875, 348.3678894042969, 360.21038818359375, 372.4554443359375, 385.11676025390625, 398.2085266113281, 411.74530029296875, 425.74224853515625]}}