{"Abilities": {"Alternate": {"Cooldown": [12.0, 11.0, 10.0, 9.0], "Cost": [-41.0, -44.0, -47.0, -50.0], "ARC": [1.0, 1.0, 1.0, 1.0], "BasePower": [100.0, 210.0, 320.0, 430.0]}, "Primary": {"Cooldown": [15.0, 15.0, 15.0, 15.0], "Cost": [-41.0, -44.0, -47.0, -50.0], "ARC": [1.0, 1.0, 1.0, 1.0], "BasePower": [100.0, 210.0, 320.0, 430.0]}, "Secondary": {"Cooldown": [17.0, 16.0, 15.0, 14.0], "Cost": [-45.0, -48.5, -52.0, -55.5], "ARC": [1.0, 1.0, 1.0, 1.0], "BasePower": [100.0, 210.0, 320.0, 430.0]}, "Ultimate": {"Cooldown": [100.0, 90.0, 80.0], "Cost": [-100.0, -100.0, -100.0], "ARC": [2.5, 2.5, 2.5], "BasePower": [450.0, 750.0, 1050.0]}}, "Stats": {"AbilityPenetrationRating": [16.0], "AttackRating": [0.0], "AttackSpeedRating": [100.0], "BaseAttackTime": [1.2000000476837158], "BasicPenetrationRating": [0.0], "CleaveRating": [0.0], "CriticalDamageBonus": [1.5], "LeftClickARC": [0.30000001192092896], "LeftClickBasePower": [53.0, 54.599998474121094, 56.20000076293945, 57.79999923706055, 59.400001525878906, 61.0, 62.599998474121094, 64.19999694824219, 65.80000305175781, 67.4000015258789, 69.0, 70.5999984741211, 72.19999694824219, 73.80000305175781, 75.4000015258789, 77.0, 78.5999984741211, 80.19999694824219, 81.80000305175781, 83.4000015258789], "Energy": [280.0, 348.0, 416.0, 484.0, 552.0, 620.0, 688.0, 756.0, 824.0, 892.0, 960.0, 1028.0, 1096.0, 1164.0, 1232.0, 1300.0, 1368.0, 1436.0, 1504.0, 1572.0], "EnergyRegenRate": [1.1200000047683716, 1.3919999599456787, 1.6640000343322754, 1.9359999895095825, 2.2079999446868896, 2.4800000190734863, 2.752000093460083, 3.0239999294281006, 3.2960000038146973, 3.568000078201294, 3.8399999141693115, 4.111999988555908, 4.383999824523926, 4.656000137329102, 4.927999973297119, 5.199999809265137, 5.4720001220703125, 5.74399995803833, 6.015999794006348, 6.288000106811523], "MaxEnergy": [280.0, 348.0, 416.0, 484.0, 552.0, 620.0, 688.0, 756.0, 824.0, 892.0, 960.0, 1028.0, 1096.0, 1164.0, 1232.0, 1300.0, 1368.0, 1436.0, 1504.0, 1572.0], "AbilityResistanceRating": [20.0, 20.75, 21.5, 22.25, 23.0, 23.75, 24.5, 25.25, 26.0, 26.75, 27.5, 28.25, 29.0, 29.75, 30.5, 31.25, 32.0, 32.75, 33.5, 34.25], "BasicResistanceRating": [8.0, 9.0, 10.0, 11.0, 12.0, 13.0, 14.0, 15.0, 16.0, 17.0, 18.0, 19.0, 20.0, 21.0, 22.0, 23.0, 24.0, 25.0, 26.0, 27.0], "CriticallyWoundedThresholdPCT": [0.25], "Health": [500.0, 567.4000244140625, 634.7999877929688, 702.2000122070312, 769.5999755859375, 837.0, 904.4000244140625, 971.7999877929688, 1039.199951171875, 1106.5999755859375, 1174.0, 1241.4000244140625, 1308.800048828125, 1376.199951171875, 1443.5999755859375, 1511.0, 1578.4000244140625, 1645.800048828125, 1713.199951171875, 1780.5999755859375], "HealthRegenRate": [1.0, 1.1347999572753906, 1.2696000337600708, 1.4043999910354614, 1.539199948310852, 1.6740000247955322, 1.8087999820709229, 1.943600058555603, 2.078399896621704, 2.213200092315674, 2.3480000495910645, 2.482800006866455, 2.6175999641418457, 2.7523999214172363, 2.887200117111206, 3.0220000743865967, 3.1568000316619873, 3.291599988937378, 3.4263999462127686, 3.561199903488159], "MaxHealth": [500.0, 567.4000244140625, 634.7999877929688, 702.2000122070312, 769.5999755859375, 837.0, 904.4000244140625, 971.7999877929688, 1039.199951171875, 1106.5999755859375, 1174.0, 1241.4000244140625, 1308.800048828125, 1376.199951171875, 1443.5999755859375, 1511.0, 1578.4000244140625, 1645.800048828125, 1713.199951171875, 1780.5999755859375], "MaxMoveSpeed": [720.0], "VisionRadius": [5000.0], "CXPBounty": [675.0], "CXPSpawnTime": [1.5], "GainXPFromKills": [1.0], "MaxCardLevel": [20.0], "MaxLevel": [15.0], "XPBounty": [49.5, 65.25, 83.25, 101.25, 121.5, 144.0, 166.5, 189.0, 213.75, 238.5, 263.25, 285.75, 306.0, 324.0, 338.8500061035156, 551.4072875976562, 651.6632080078125, 770.1473999023438, 910.1741943359375, 1075.660400390625], "XPToLevel": [110.0, 145.0, 185.0, 225.0, 270.0, 320.0, 370.0, 420.0, 475.0, 530.0, 585.0, 635.0, 680.0, 720.0, 753.0, 1225.349609375, 1448.140380859375, 1711.438720703125, 2022.609375, 2390.3564453125]}}