{"Abilities": {"Alternate": {"Cooldown": [4.0, 4.0, 4.0, 4.0], "Cost": [-80.0, -100.0, -120.0, -140.0], "ARC": [2.509999990463257, 2.509999990463257, 2.509999990463257, 2.509999990463257], "BasePower": [140.0, 211.0, 281.0, 351.0]}, "Primary": {"Cooldown": [16.0, 16.0, 16.0, 16.0], "Cost": [-40.0, -40.0, -40.0, -40.0], "ARC": [0.0, 0.0, 0.0, 0.0], "BasePower": [0.0, 0.0, 0.0, 0.0]}, "Secondary": {"Cooldown": [28.0, 24.0, 20.0, 16.0], "Cost": [-120.0, -140.0, -160.0, -180.0], "ARC": [0.0, 0.0, 0.0, 0.0], "BasePower": [0.0, 0.0, 0.0, 0.0]}, "Ultimate": {"Cooldown": [140.0, 125.0, 110.0], "Cost": [-100.0, -125.0, -150.0], "ARC": [0.0, 0.0, 0.0], "BasePower": [0.0, 0.0, 0.0]}}, "Stats": {"AbilityPenetrationRating": [0.0], "AttackRating": [0.0], "AttackSpeedRating": [100.0, 101.0999984741211, 102.19999694824219, 103.30000305175781, 104.4000015258789, 105.5, 106.5999984741211, 107.69999694824219, 108.80000305175781, 109.9000015258789, 111.0, 112.0999984741211, 113.19999694824219, 114.30000305175781, 115.4000015258789, 116.5, 117.5999984741211, 118.69999694824219, 119.80000305175781, 120.9000015258789], "BaseAttackTime": [0.949999988079071], "BasicPenetrationRating": [0.0], "CleaveRating": [0.0], "CriticalDamageBonus": [1.0], "LeftClickARC": [1.0], "LeftClickBasePower": [52.900001525878906, 55.0, 57.0, 59.0, 61.099998474121094, 63.099998474121094, 65.19999694824219, 67.19999694824219, 69.19999694824219, 71.30000305175781, 73.30000305175781, 75.4000015258789, 77.4000015258789, 79.4000015258789, 81.5, 83.5, 85.5999984741211, 87.5999984741211, 89.5999984741211, 91.69999694824219], "Energy": [390.0, 420.0, 450.0, 480.0, 510.0, 540.0, 570.0, 600.0, 630.0, 660.0, 690.0, 720.0, 750.0, 780.0, 810.0, 840.0, 870.0, 900.0, 930.0, 960.0], "EnergyRegenRate": [1.7000000476837158, 1.7999999523162842, 1.899999976158142, 2.0, 2.0999999046325684, 2.200000047683716, 2.299999952316284, 2.4000000953674316, 2.5, 2.5999999046325684, 2.700000047683716, 2.799999952316284, 2.9000000953674316, 3.0, 3.0999999046325684, 3.200000047683716, 3.299999952316284, 3.4000000953674316, 3.5, 3.5999999046325684], "MaxEnergy": [390.0, 420.0, 450.0, 480.0, 510.0, 540.0, 570.0, 600.0, 630.0, 660.0, 690.0, 720.0, 750.0, 780.0, 810.0, 840.0, 870.0, 900.0, 930.0, 960.0], "AbilityResistanceRating": [30.0], "BasicResistanceRating": [15.600000381469727, 18.100000381469727, 20.5, 23.0, 25.399999618530273, 27.799999237060547, 30.299999237060547, 32.70000076293945, 35.20000076293945, 37.599998474121094, 40.099998474121094, 42.5, 44.900001525878906, 47.400001525878906, 49.79999923706055, 52.29999923706055, 54.70000076293945, 57.099998474121094, 59.599998474121094, 62.0], "CriticallyWoundedThresholdPCT": [0.25], "Health": [578.0, 640.0, 702.0, 765.0, 827.0, 890.0, 952.0, 1014.0, 1077.0, 1139.0, 1202.0, 1264.0, 1326.0, 1389.0, 1451.0, 1514.0, 1576.0, 1638.0, 1701.0, 1763.0], "HealthRegenRate": [0.9599999785423279, 1.0700000524520874, 1.1699999570846558, 1.2699999809265137, 1.3799999952316284, 1.4800000190734863, 1.590000033378601, 1.690000057220459, 1.7899999618530273, 1.899999976158142, 2.0, 2.109999895095825, 2.2100000381469727, 2.309999942779541, 2.4200000762939453, 2.5199999809265137, 2.630000114440918, 2.7300000190734863, 2.8299999237060547, 2.940000057220459], "MaxHealth": [578.0, 640.0, 702.0, 765.0, 827.0, 890.0, 952.0, 1014.0, 1077.0, 1139.0, 1202.0, 1264.0, 1326.0, 1389.0, 1451.0, 1514.0, 1576.0, 1638.0, 1701.0, 1763.0], "MaxMoveSpeed": [695.0], "VisionRadius": [5000.0], "CXPBounty": [550.0], "CXPSpawnTime": [1.5], "GainXPFromKills": [1.0], "MaxCardLevel": [20.0], "MaxLevel": [20.0], "XPBounty": [38.5, 51.10177230834961, 65.11422729492188, 80.37014770507812, 97.01132202148438, 114.57335662841797, 133.71376037597656, 154.2930450439453, 176.12310791015625, 192.4675750732422, 209.80735778808594, 227.22921752929688, 245.59310913085938, 264.94293212890625, 285.32452392578125, 306.7856750488281, 329.3761901855469, 353.1480712890625, 378.1555480957031, 404.45513916015625], "XPToLevel": [110.0, 133.92189025878906, 157.601318359375, 180.7139434814453, 203.67018127441406, 225.5848388671875, 247.8596649169922, 270.1905822753906, 292.2566833496094, 303.475830078125, 315.12567138671875, 325.8381042480469, 336.91473388671875, 348.3678894042969, 360.21038818359375, 372.4554443359375, 385.11676025390625, 398.2085266113281, 411.74530029296875, 425.74224853515625]}}