{"Abilities": {"Alternate": {"Cooldown": [8.0, 8.0, 8.0, 8.0], "Cost": [-100.0, -110.0, -120.0, -130.0], "ARC": [2.0899999141693115, 2.0899999141693115, 2.0899999141693115, 2.0899999141693115], "BasePower": [117.0, 176.0, 234.0, 293.0], "Slow": [-100.0, -140.0, -180.0, -220.0]}, "Primary": {"Cooldown": [6.0, 6.0, 6.0, 6.0], "Cost": [-110.0, -120.0, -130.0, -140.0], "Range": [1750.0, 1750.0, 1750.0, 1750.0], "ARC": [3.549999952316284, 3.549999952316284, 3.549999952316284, 3.549999952316284], "BasePower": [140.0, 240.0, 339.0, 439.0]}, "Secondary": {"Cooldown": [13.0, 13.0, 13.0, 13.0], "Cost": [-110.0, -110.0, -110.0, -110.0], "ARC": [1.6699999570846558, 1.6699999570846558, 1.6699999570846558, 1.6699999570846558], "BasePower": [94.0, 140.0, 187.0, 234.0]}, "Ultimate": {"Cooldown": [105.0, 95.0, 85.0], "Cost": [-125.0, -200.0, -275.0], "ARC": [5.21999979019165, 5.21999979019165, 5.21999979019165], "BasePower": [410.0, 556.0, 702.0], "DamageDuration": [2.799999952316284, 2.799999952316284, 2.799999952316284], "SplitDamage": [0.5, 0.5, 0.5]}}, "Stats": {"AbilityPenetrationRating": [0.0], "AttackRating": [0.0], "AttackSpeedRating": [100.0], "BaseAttackTime": [0.949999988079071], "BasicPenetrationRating": [0.0], "CleaveRating": [0.10000000149011612], "CriticalDamageBonus": [1.0], "LeftClickARC": [1.0], "LeftClickBasePower": [52.900001525878906, 55.0, 57.0, 59.0, 61.099998474121094, 63.099998474121094, 65.19999694824219, 67.19999694824219, 69.19999694824219, 71.30000305175781, 73.30000305175781, 75.4000015258789, 77.4000015258789, 79.4000015258789, 81.5, 83.5, 85.5999984741211, 87.5999984741211, 89.5999984741211, 91.69999694824219], "Energy": [390.0, 417.0, 444.0, 471.0, 498.0, 525.0, 552.0, 579.0, 606.0, 633.0, 660.0, 687.0, 714.0, 741.0, 768.0, 795.0, 822.0, 849.0, 876.0, 903.0], "EnergyRegenRate": [1.7000000476837158, 1.7899999618530273, 1.8799999952316284, 1.9700000286102295, 2.059999942779541, 2.1500000953674316, 2.240000009536743, 2.3299999237060547, 2.4200000762939453, 2.509999990463257, 2.5999999046325684, 2.690000057220459, 2.7799999713897705, 2.869999885559082, 2.9600000381469727, 3.049999952316284, 3.140000104904175, 3.2300000190734863, 3.319999933242798, 3.4100000858306885], "MaxEnergy": [390.0, 417.0, 444.0, 471.0, 498.0, 525.0, 552.0, 579.0, 606.0, 633.0, 660.0, 687.0, 714.0, 741.0, 768.0, 795.0, 822.0, 849.0, 876.0, 903.0], "AbilityResistanceRating": [30.0], "BasicResistanceRating": [20.200000762939453, 22.200000762939453, 24.200000762939453, 26.200000762939453, 28.299999237060547, 30.299999237060547, 32.29999923706055, 34.29999923706055, 36.400001525878906, 38.400001525878906, 40.400001525878906, 42.400001525878906, 44.5, 46.5, 48.5, 50.5, 52.599998474121094, 54.599998474121094, 56.599998474121094, 58.599998474121094], "CriticallyWoundedThresholdPCT": [0.25], "Health": [606.0, 670.0, 734.0, 797.0, 861.0, 925.0, 988.0, 1052.0, 1116.0, 1179.0, 1243.0, 1307.0, 1370.0, 1434.0, 1498.0, 1561.0, 1625.0, 1688.0, 1752.0, 1816.0], "HealthRegenRate": [1.0099999904632568, 1.1200000047683716, 1.2200000286102295, 1.3300000429153442, 1.440000057220459, 1.5399999618530273, 1.649999976158142, 1.75, 1.8600000143051147, 1.9700000286102295, 2.069999933242798, 2.180000066757202, 2.2799999713897705, 2.390000104904175, 2.5, 2.5999999046325684, 2.7100000381469727, 2.809999942779541, 2.9200000762939453, 3.0299999713897705], "MaxHealth": [606.0, 670.0, 734.0, 797.0, 861.0, 925.0, 988.0, 1052.0, 1116.0, 1179.0, 1243.0, 1307.0, 1370.0, 1434.0, 1498.0, 1561.0, 1625.0, 1688.0, 1752.0, 1816.0], "MaxMoveSpeed": [695.0], "VisionRadius": [5000.0], "CXPBounty": [550.0], "CXPSpawnTime": [1.5], "GainXPFromKills": [1.0], "MaxCardLevel": [20.0], "MaxLevel": [20.0], "XPBounty": [55.0, 66.96094512939453, 78.8006591796875, 90.35697174072266, 101.83509063720703, 135.3509063720703, 148.71578979492188, 162.11434936523438, 175.35400390625, 182.0854949951172, 220.5879669189453, 228.08668518066406, 235.84031677246094, 243.85751342773438, 252.1472625732422, 297.96435546875, 308.0934143066406, 318.5668029785156, 329.396240234375, 340.59381103515625], "XPToLevel": [110.0, 133.92189025878906, 157.601318359375, 180.7139434814453, 203.67018127441406, 225.5848388671875, 247.8596649169922, 270.1905822753906, 292.2566833496094, 303.475830078125, 315.12567138671875, 325.8381042480469, 336.91473388671875, 348.3678894042969, 360.21038818359375, 372.4554443359375, 385.11676025390625, 398.2085266113281, 411.74530029296875, 425.74224853515625]}}