{"Abilities": {"Alternate": {"Cooldown": [8.0, 8.0, 8.0, 8.0], "Cost": [-100.0, -110.0, -120.0, -130.0], "ARC": [2.0892856121063232, 2.0892856121063232, 2.0892856121063232, 2.0892856121063232], "BasePower": [117.0, 175.5, 234.0, 292.5], "Slow": [-100.0, -140.0, -180.0, -220.0]}, "Primary": {"Cooldown": [6.0, 6.0, 6.0, 6.0], "Cost": [-110.0, -120.0, -130.0, -140.0], "Range": [1750.0, 1750.0, 1750.0, 1750.0], "ARC": [3.551785707473755, 3.551785707473755, 3.551785707473755, 3.551785707473755], "BasePower": [140.39999389648438, 239.85000610351562, 339.29998779296875, 438.75]}, "Secondary": {"Cooldown": [16.0, 16.0, 16.0, 16.0], "Cost": [-110.0, -110.0, -110.0, -110.0], "ARC": [1.6714285612106323, 1.6714285612106323, 1.6714285612106323, 1.6714285612106323], "BasePower": [93.5999984741211, 140.39999389648438, 187.1999969482422, 234.0]}, "Ultimate": {"Cooldown": [105.0, 95.0, 85.0], "Cost": [-125.0, -200.0, -275.0], "ARC": [5.223214149475098, 5.223214149475098, 5.223214149475098], "BasePower": [409.5, 555.75, 702.0], "DamageDuration": [2.799999952316284, 2.799999952316284, 2.799999952316284], "SplitDamage": [0.5, 0.5, 0.5]}}, "Stats": {"AbilityPenetrationRating": [0.0], "AttackRating": [0.0], "AttackSpeedRating": [100.0], "BaseAttackTime": [0.949999988079071], "BasicPenetrationRating": [0.0], "CleaveRating": [0.10000000149011612], "CriticalDamageBonus": [1.0], "LeftClickARC": [1.0], "LeftClickBasePower": [52.91999816894531, 54.959999084472656, 57.0, 59.040000915527344, 61.08000183105469, 63.119998931884766, 65.16000366210938, 67.19999694824219, 69.23999786376953, 71.27999877929688, 73.31999969482422, 75.36000061035156, 77.4000015258789, 79.44000244140625, 81.4800033569336, 83.5199966430664, 85.55999755859375, 87.5999984741211, 89.63999938964844, 91.68000030517578], "Energy": [390.0, 417.0, 444.0, 471.0, 498.0, 525.0, 552.0, 579.0, 606.0, 633.0, 660.0, 687.0, 714.0, 741.0, 768.0, 795.0, 822.0, 849.0, 876.0, 903.0], "EnergyRegenRate": [1.7000000476837158, 1.7899999618530273, 1.8799999952316284, 1.9700000286102295, 2.059999942779541, 2.1500000953674316, 2.240000009536743, 2.3299999237060547, 2.4200000762939453, 2.509999990463257, 2.5999999046325684, 2.690000057220459, 2.7799999713897705, 2.869999885559082, 2.9600000381469727, 3.049999952316284, 3.140000104904175, 3.2300000190734863, 3.319999933242798, 3.4100000858306885], "MaxEnergy": [390.0, 417.0, 444.0, 471.0, 498.0, 525.0, 552.0, 579.0, 606.0, 633.0, 660.0, 687.0, 714.0, 741.0, 768.0, 795.0, 822.0, 849.0, 876.0, 903.0], "AbilityResistanceRating": [25.0], "BasicResistanceRating": [19.200000762939453, 21.225000381469727, 23.25, 25.274999618530273, 27.299999237060547, 29.325000762939453, 31.350000381469727, 33.375, 35.400001525878906, 37.42499923706055, 39.45000076293945, 41.474998474121094, 43.5, 45.525001525878906, 47.54999923706055, 49.57500076293945, 51.599998474121094, 53.625, 55.650001525878906, 57.67499923706055], "CriticallyWoundedThresholdPCT": [0.25], "Health": [577.5999755859375, 640.0, 702.4000244140625, 764.7999877929688, 827.2000122070312, 889.5999755859375, 952.0, 1014.4000244140625, 1076.800048828125, 1139.199951171875, 1201.5999755859375, 1264.0, 1326.4000244140625, 1388.800048828125, 1451.199951171875, 1513.5999755859375, 1576.0, 1638.4000244140625, 1700.800048828125, 1763.199951171875], "HealthRegenRate": [0.9626666903495789, 1.0666667222976685, 1.1706666946411133, 1.274666666984558, 1.378666639328003, 1.4826666116714478, 1.5866667032241821, 1.690666675567627, 1.7946666479110718, 1.8986666202545166, 2.002666711807251, 2.1066665649414062, 2.2106666564941406, 2.314666748046875, 2.4186666011810303, 2.5226666927337646, 2.626666784286499, 2.7306666374206543, 2.8346667289733887, 2.938666582107544], "MaxHealth": [577.5999755859375, 640.0, 702.4000244140625, 764.7999877929688, 827.2000122070312, 889.5999755859375, 952.0, 1014.4000244140625, 1076.800048828125, 1139.199951171875, 1201.5999755859375, 1264.0, 1326.4000244140625, 1388.800048828125, 1451.199951171875, 1513.5999755859375, 1576.0, 1638.4000244140625, 1700.800048828125, 1763.199951171875], "MaxMoveSpeed": [695.0], "VisionRadius": [5000.0], "CXPBounty": [455.0], "CXPSpawnTime": [1.5], "GainXPFromKills": [1.0], "MaxCardLevel": [20.0], "MaxLevel": [20.0], "XPBounty": [55.0, 66.96094512939453, 78.8006591796875, 90.35697174072266, 101.83509063720703, 135.3509063720703, 148.71578979492188, 162.11434936523438, 175.35400390625, 182.0854949951172, 220.5879669189453, 228.08668518066406, 235.84031677246094, 243.85751342773438, 252.1472625732422, 297.96435546875, 308.0934143066406, 318.5668029785156, 329.396240234375, 340.59381103515625], "XPToLevel": [110.0, 133.92189025878906, 157.601318359375, 180.7139434814453, 203.67018127441406, 225.5848388671875, 247.8596649169922, 270.1905822753906, 292.2566833496094, 303.475830078125, 315.12567138671875, 325.8381042480469, 336.91473388671875, 348.3678894042969, 360.21038818359375, 372.4554443359375, 385.11676025390625, 398.2085266113281, 411.74530029296875, 425.74224853515625]}}