{"Abilities": {"Alternate": {"Cooldown": [14.0, 12.0, 10.0, 8.0], "Cost": [-50.0, -50.0, -50.0, -50.0], "Bounty.CXP": [0.0, 0.0, 0.0, 0.0], "Health.Multiplier.Statue": [0.4000000059604645, 0.6000000238418579, 0.800000011920929, 1.0], "Lifespan.Statue": [7.0, 7.0, 7.0, 7.0], "ARC": [0.0, 0.0, 0.0, 0.0], "BasePower": [0.0, 0.0, 0.0, 0.0]}, "Primary": {"Cooldown": [22.0, 20.0, 18.0, 16.0], "Cost": [-75.0, -75.0, -75.0, -75.0], "Range": [1500.0, 1500.0, 1500.0, 1500.0], "Range.Duration": [0.6100000143051147, 0.6399999856948853, 0.6700000166893005, 0.699999988079071], "Range.Force": [1885.245849609375, 1953.125, 2014.9254150390625, 2071.428466796875], "ARC": [0.0, 0.0, 0.0, 0.0], "BasePower": [0.0, 0.0, 0.0, 0.0], "StandingCastTime": [0.25, 0.25, 0.25, 0.25], "WallDuration": [7.0, 7.0, 7.0, 7.0]}, "Secondary": {"Cooldown": [10.0, 10.0, 10.0, 10.0], "Cost": [-90.0, -100.0, -110.0, -120.0], "Root.Duration": [0.75, 1.0, 1.25, 1.5], "ARC": [1.0399999618530273, 1.0399999618530273, 1.0399999618530273, 1.0399999618530273], "BasePower": [88.0, 117.0, 146.0, 176.0], "CloneDamageRadius": [300.0, 300.0, 300.0, 300.0], "CloneDuration": [4.0, 4.0, 4.0, 4.0], "Range": [1400.0, 1400.0, 1400.0, 1400.0], "ReactivateLockout": [0.75, 0.75, 0.75, 0.75], "RingDuration": [2.0, 2.0, 2.0, 2.0], "RingRadius": [300.0, 300.0, 300.0, 300.0], "Slow": [-80.0, -140.0, -200.0, -260.0], "SlowDuration": [2.0, 2.0, 2.0, 2.0]}, "Ultimate": {"Cooldown": [140.0, 125.0, 110.0], "Cost": [-100.0, -150.0, -200.0], "Radius.Chain": [500.0, 500.0, 500.0], "Radius.Initial": [700.0, 700.0, 700.0], "Slow.Duration.Initial": [1.5, 1.5, 1.5], "Slow.Initial": [-0.20000000298023224, -0.20000000298023224, -0.20000000298023224], "Stun.Duration.Chain": [0.5, 0.5, 0.5], "Stun.Duration.Initial": [1.0, 1.0, 1.0], "ARC": [1.7599999904632568, 1.7599999904632568, 1.7599999904632568], "ARC.Chain.Hero": [0.699999988079071, 0.699999988079071, 0.699999988079071], "ARC.Chain.NonHero": [0.25999999046325684, 0.25999999046325684, 0.25999999046325684], "BasePower": [158.0, 207.0, 256.0], "BasePower.Chain.Hero": [63.0, 83.0, 102.0], "BasePower.Chain.NonHero": [24.0, 31.0, 38.0], "ExplosionRadius": [600.0, 600.0, 600.0], "IceDuration": [2.0, 2.0, 2.0], "IceExplosionARC": [0.25, 0.25, 0.25], "IceExplosionBasePower": [30.0, 50.0, 70.0], "IceExplosionDuration": [0.25, 0.25, 0.25], "IceRamp": [1.5, 1.5, 1.5], "InitialRadius": [1200.0, 1200.0, 1200.0], "Slow": [-250.0, -250.0, -250.0]}}, "Stats": {"AbilityPenetrationRating": [0.0], "AttackRating": [0.0], "AttackSpeedRating": [100.0, 100.80000305175781, 101.5, 102.30000305175781, 103.0, 103.80000305175781, 104.5, 105.30000305175781, 106.0, 106.80000305175781, 107.5, 108.30000305175781, 109.0, 109.80000305175781, 110.5, 111.30000305175781, 112.0, 112.80000305175781, 113.5, 114.30000305175781], "BaseAttackTime": [0.8999999761581421], "BasicPenetrationRating": [0.0], "CleaveRating": [0.20000000298023224], "CriticalDamageBonus": [1.0], "LeftClickARC": [1.0], "LeftClickBasePower": [66.69999694824219, 69.4000015258789, 72.0999984741211, 74.80000305175781, 77.5, 80.19999694824219, 82.9000015258789, 85.5999984741211, 88.30000305175781, 91.0, 93.69999694824219, 96.4000015258789, 99.0999984741211, 101.80000305175781, 104.5, 107.19999694824219, 109.9000015258789, 112.5999984741211, 115.30000305175781, 118.0], "Energy": [337.0, 361.0, 385.0, 409.0, 433.0, 457.0, 481.0, 505.0, 529.0, 553.0, 577.0, 601.0, 625.0, 649.0, 673.0, 697.0, 721.0, 745.0, 769.0, 793.0], "EnergyRegenRate": [1.5199999809265137, 1.600000023841858, 1.6799999475479126, 1.7599999904632568, 1.840000033378601, 1.9199999570846558, 2.0, 2.0799999237060547, 2.1600000858306885, 2.240000009536743, 2.319999933242798, 2.4000000953674316, 2.4800000190734863, 2.559999942779541, 2.640000104904175, 2.7200000286102295, 2.799999952316284, 2.880000114440918, 2.9600000381469727, 3.0399999618530273], "MaxEnergy": [337.0, 361.0, 385.0, 409.0, 433.0, 457.0, 481.0, 505.0, 529.0, 553.0, 577.0, 601.0, 625.0, 649.0, 673.0, 697.0, 721.0, 745.0, 769.0, 793.0], "AbilityResistanceRating": [30.0], "BasicResistanceRating": [23.399999618530273, 25.600000381469727, 27.700000762939453, 29.899999618530273, 32.099998474121094, 34.20000076293945, 36.400001525878906, 38.5, 40.70000076293945, 42.900001525878906, 45.0, 47.20000076293945, 49.29999923706055, 51.5, 53.70000076293945, 55.79999923706055, 58.0, 60.099998474121094, 62.29999923706055, 64.5], "CriticallyWoundedThresholdPCT": [0.25], "Health": [702.0, 770.0, 839.0, 908.0, 976.0, 1045.0, 1114.0, 1182.0, 1251.0, 1320.0, 1388.0, 1457.0, 1525.0, 1594.0, 1663.0, 1731.0, 1800.0, 1869.0, 1937.0, 2006.0], "HealthRegenRate": [1.1699999570846558, 1.2899999618530273, 1.409999966621399, 1.5299999713897705, 1.659999966621399, 1.7799999713897705, 1.899999976158142, 2.0199999809265137, 2.140000104904175, 2.259999990463257, 2.390000104904175, 2.509999990463257, 2.630000114440918, 2.75, 2.869999885559082, 2.990000009536743, 3.109999895095825, 3.240000009536743, 3.359999895095825, 3.4800000190734863], "MaxHealth": [702.0, 770.0, 839.0, 908.0, 976.0, 1045.0, 1114.0, 1182.0, 1251.0, 1320.0, 1388.0, 1457.0, 1525.0, 1594.0, 1663.0, 1731.0, 1800.0, 1869.0, 1937.0, 2006.0], "MaxMoveSpeed": [680.0], "VisionRadius": [5000.0], "CXPBounty": [550.0], "CXPSpawnTime": [1.5], "GainXPFromKills": [1.0], "MaxCardLevel": [20.0], "MaxLevel": [20.0], "XPBounty": [38.5, 51.10177230834961, 65.11422729492188, 80.37014770507812, 97.01132202148438, 114.57335662841797, 133.71376037597656, 154.2930450439453, 176.12310791015625, 192.4675750732422, 209.80735778808594, 227.22921752929688, 245.59310913085938, 264.94293212890625, 285.32452392578125, 306.7856750488281, 329.3761901855469, 353.1480712890625, 378.1555480957031, 404.45513916015625], "XPToLevel": [110.0, 133.92189025878906, 157.601318359375, 180.7139434814453, 203.67018127441406, 225.5848388671875, 247.8596649169922, 270.1905822753906, 292.2566833496094, 303.475830078125, 315.12567138671875, 325.8381042480469, 336.91473388671875, 348.3678894042969, 360.21038818359375, 372.4554443359375, 385.11676025390625, 398.2085266113281, 411.74530029296875, 425.74224853515625]}}