{"Abilities": {"Alternate": {"Cooldown": [14.0, 12.0, 10.0, 8.0], "Cost": [-50.0, -50.0, -50.0, -50.0], "Bounty.CXP": [0.0, 0.0, 0.0, 0.0], "Health.Multiplier.Statue": [0.4000000059604645, 0.6000000238418579, 0.800000011920929, 1.0], "Lifespan.Statue": [7.0, 7.0, 7.0, 7.0], "ARC": [0.0, 0.0, 0.0, 0.0], "BasePower": [0.0, 0.0, 0.0, 0.0]}, "Primary": {"Cooldown": [22.0, 20.0, 18.0, 16.0], "Cost": [-75.0, -75.0, -75.0, -75.0], "Range": [1500.0, 1500.0, 1500.0, 1500.0], "Range.Duration": [0.6100000143051147, 0.6399999856948853, 0.6700000166893005, 0.699999988079071], "Range.Force": [1885.245849609375, 1953.125, 2014.9254150390625, 2071.428466796875], "ARC": [0.0, 0.0, 0.0, 0.0], "BasePower": [0.0, 0.0, 0.0, 0.0], "StandingCastTime": [0.25, 0.25, 0.25, 0.25], "WallDuration": [7.0, 7.0, 7.0, 7.0]}, "Secondary": {"Cooldown": [8.0, 8.0, 8.0, 8.0], "Cost": [-90.0, -100.0, -110.0, -120.0], "Root.Duration": [0.75, 1.0, 1.25, 1.5], "ARC": [1.0399999618530273, 1.0399999618530273, 1.0399999618530273, 1.0399999618530273], "BasePower": [88.0, 117.0, 146.0, 176.0], "CloneDamageRadius": [300.0, 300.0, 300.0, 300.0], "CloneDuration": [4.0, 4.0, 4.0, 4.0], "Range": [1400.0, 1400.0, 1400.0, 1400.0], "ReactivateLockout": [0.75, 0.75, 0.75, 0.75], "RingDuration": [2.0, 2.0, 2.0, 2.0], "RingRadius": [300.0, 300.0, 300.0, 300.0], "Slow": [-80.0, -140.0, -200.0, -260.0], "SlowDuration": [2.0, 2.0, 2.0, 2.0]}, "Ultimate": {"Cooldown": [140.0, 125.0, 110.0], "Cost": [-100.0, -150.0, -200.0], "Radius.Chain": [500.0, 500.0, 500.0], "Radius.Initial": [700.0, 700.0, 700.0], "Slow.Duration.Initial": [1.5, 1.5, 1.5], "Slow.Initial": [-0.20000000298023224, -0.20000000298023224, -0.20000000298023224], "Stun.Duration.Chain": [0.5, 0.5, 0.5], "Stun.Duration.Initial": [1.0, 1.0, 1.0], "ARC": [2.0899999141693115, 2.0899999141693115, 2.0899999141693115], "ARC.Chain.Hero": [0.8399999737739563, 0.8399999737739563, 0.8399999737739563], "ARC.Chain.NonHero": [0.41999998688697815, 0.41999998688697815, 0.41999998688697815], "BasePower": [187.0, 246.0, 304.0], "BasePower.Chain.Hero": [75.0, 98.0, 122.0], "BasePower.Chain.NonHero": [37.0, 49.0, 61.0], "ExplosionRadius": [600.0, 600.0, 600.0], "IceDuration": [2.0, 2.0, 2.0], "IceExplosionARC": [0.25, 0.25, 0.25], "IceExplosionBasePower": [55.0, 90.0, 125.0], "IceExplosionDuration": [0.25, 0.25, 0.25], "IceRamp": [1.5, 1.5, 1.5], "InitialRadius": [1200.0, 1200.0, 1200.0], "Slow": [-250.0, -250.0, -250.0]}}, "Stats": {"AbilityPenetrationRating": [0.0], "AttackRating": [0.0], "AttackSpeedRating": [100.0, 100.80000305175781, 101.5, 102.30000305175781, 103.0, 103.80000305175781, 104.5, 105.30000305175781, 106.0, 106.80000305175781, 107.5, 108.30000305175781, 109.0, 109.80000305175781, 110.5, 111.30000305175781, 112.0, 112.80000305175781, 113.5, 114.30000305175781], "BaseAttackTime": [0.8999999761581421], "BasicPenetrationRating": [0.0], "CleaveRating": [0.20000000298023224], "CriticalDamageBonus": [1.0], "LeftClickARC": [1.0], "LeftClickBasePower": [64.0999984741211, 67.0, 69.80000305175781, 72.69999694824219, 75.5, 78.4000015258789, 81.19999694824219, 84.0999984741211, 86.9000015258789, 89.80000305175781, 92.5999984741211, 95.5, 98.30000305175781, 101.19999694824219, 104.0, 106.9000015258789, 109.69999694824219, 112.5999984741211, 115.4000015258789, 118.30000305175781], "Energy": [337.0, 361.0, 385.0, 409.0, 433.0, 457.0, 481.0, 505.0, 529.0, 553.0, 577.0, 601.0, 625.0, 649.0, 673.0, 697.0, 721.0, 745.0, 769.0, 793.0], "EnergyRegenRate": [1.5199999809265137, 1.600000023841858, 1.6799999475479126, 1.7599999904632568, 1.840000033378601, 1.9199999570846558, 2.0, 2.0799999237060547, 2.1600000858306885, 2.240000009536743, 2.319999933242798, 2.4000000953674316, 2.4800000190734863, 2.559999942779541, 2.640000104904175, 2.7200000286102295, 2.799999952316284, 2.880000114440918, 2.9600000381469727, 3.0399999618530273], "MaxEnergy": [337.0, 361.0, 385.0, 409.0, 433.0, 457.0, 481.0, 505.0, 529.0, 553.0, 577.0, 601.0, 625.0, 649.0, 673.0, 697.0, 721.0, 745.0, 769.0, 793.0], "AbilityResistanceRating": [30.0], "BasicResistanceRating": [33.099998474121094, 34.900001525878906, 36.79999923706055, 38.70000076293945, 40.599998474121094, 42.5, 44.400001525878906, 46.20000076293945, 48.099998474121094, 50.0, 51.900001525878906, 53.79999923706055, 55.599998474121094, 57.5, 59.400001525878906, 61.29999923706055, 63.20000076293945, 65.0999984741211, 66.9000015258789, 68.80000305175781], "CriticallyWoundedThresholdPCT": [0.25], "Health": [702.0, 770.0, 839.0, 908.0, 976.0, 1045.0, 1114.0, 1182.0, 1251.0, 1320.0, 1388.0, 1457.0, 1525.0, 1594.0, 1663.0, 1731.0, 1800.0, 1869.0, 1937.0, 2006.0], "HealthRegenRate": [1.1699999570846558, 1.2899999618530273, 1.409999966621399, 1.5299999713897705, 1.659999966621399, 1.7799999713897705, 1.899999976158142, 2.0199999809265137, 2.140000104904175, 2.259999990463257, 2.390000104904175, 2.509999990463257, 2.630000114440918, 2.75, 2.869999885559082, 2.990000009536743, 3.109999895095825, 3.240000009536743, 3.359999895095825, 3.4800000190734863], "MaxHealth": [702.0, 770.0, 839.0, 908.0, 976.0, 1045.0, 1114.0, 1182.0, 1251.0, 1320.0, 1388.0, 1457.0, 1525.0, 1594.0, 1663.0, 1731.0, 1800.0, 1869.0, 1937.0, 2006.0], "MaxMoveSpeed": [725.0], "VisionRadius": [5000.0], "CXPBounty": [550.0], "CXPSpawnTime": [1.5], "GainXPFromKills": [1.0], "MaxCardLevel": [20.0], "MaxLevel": [20.0], "XPBounty": [55.0, 66.96094512939453, 78.8006591796875, 90.35697174072266, 101.83509063720703, 135.3509063720703, 148.71578979492188, 162.11434936523438, 175.35400390625, 182.0854949951172, 220.5879669189453, 228.08668518066406, 235.84031677246094, 243.85751342773438, 252.1472625732422, 297.96435546875, 308.0934143066406, 318.5668029785156, 329.396240234375, 340.59381103515625], "XPToLevel": [110.0, 133.92189025878906, 157.601318359375, 180.7139434814453, 203.67018127441406, 225.5848388671875, 247.8596649169922, 270.1905822753906, 292.2566833496094, 303.475830078125, 315.12567138671875, 325.8381042480469, 336.91473388671875, 348.3678894042969, 360.21038818359375, 372.4554443359375, 385.11676025390625, 398.2085266113281, 411.74530029296875, 425.74224853515625]}}