{"Abilities": {"Alternate": {"Cooldown": [16.0, 14.0, 12.0, 10.0], "Cost": [-45.0, -45.0, -45.0, -45.0], "Bounty.CXP": [40.0, 40.0, 40.0, 40.0], "Health.Multiplier.Statue": [0.4000000059604645, 0.6000000238418579, 0.800000011920929, 1.0], "Lifespan.Statue": [7.0, 7.0, 7.0, 7.0], "ARC": [0.0, 0.0, 0.0, 0.0], "BasePower": [0.0, 0.0, 0.0, 0.0]}, "Primary": {"Cooldown": [22.0, 20.0, 18.0, 16.0], "Cost": [-80.0, -80.0, -80.0, -80.0], "Range": [1500.0, 1500.0, 1500.0, 1500.0], "Range.Duration": [0.699999988079071, 0.7300000190734863, 0.7599999904632568, 0.7900000214576721], "Range.Force": [2071.428466796875, 2123.28759765625, 2171.052734375, 2215.18994140625], "ARC": [0.3499999940395355, 0.3499999940395355, 0.3499999940395355, 0.3499999940395355], "BasePower": [40.0, 80.0, 120.0, 160.0], "StandingCastTime": [0.25, 0.25, 0.25, 0.25], "WallDuration": [7.0, 7.0, 7.0, 7.0]}, "Secondary": {"Cooldown": [14.0, 14.0, 14.0, 14.0], "Cost": [-60.0, -65.0, -70.0, -75.0], "Root.Duration": [0.75, 1.0, 1.25, 1.5], "ARC": [0.6000000238418579, 0.6000000238418579, 0.6000000238418579, 0.6000000238418579], "BasePower": [75.0, 125.0, 175.0, 225.0], "CloneDamageRadius": [300.0, 300.0, 300.0, 300.0], "CloneDuration": [4.0, 4.0, 4.0, 4.0], "Range": [1400.0, 1400.0, 1400.0, 1400.0], "ReactivateLockout": [0.75, 0.75, 0.75, 0.75], "RingDuration": [4.0, 4.0, 4.0, 4.0], "RingRadius": [300.0, 300.0, 300.0, 300.0], "Slow": [-80.0, -140.0, -200.0, -260.0], "SlowDuration": [2.0, 2.0, 2.0, 2.0]}, "Ultimate": {"Cooldown": [130.0, 110.0, 90.0], "Cost": [-75.0, -75.0, -75.0], "Radius.Chain": [500.0, 500.0, 500.0], "Radius.Initial": [700.0, 700.0, 700.0], "Slow.Duration.Initial": [1.5, 1.5, 1.5], "Slow.Initial": [-300.0, -300.0, -300.0], "Stun.Duration.Chain": [0.5, 0.5, 0.5], "Stun.Duration.Initial": [1.0, 1.0, 1.0], "ARC": [0.75, 0.75, 0.75], "ARC.Chain.Hero": [0.20000000298023224, 0.20000000298023224, 0.20000000298023224], "ARC.Chain.NonHero": [0.10000000149011612, 0.10000000149011612, 0.10000000149011612], "BasePower": [160.0, 200.0, 240.0], "BasePower.Chain.Hero": [56.0, 86.0, 116.0], "BasePower.Chain.NonHero": [28.0, 43.0, 58.0], "ExplosionRadius": [600.0, 600.0, 600.0], "IceDuration": [2.0, 2.0, 2.0], "IceExplosionARC": [0.25, 0.25, 0.25], "IceExplosionBasePower": [55.0, 90.0, 125.0], "IceExplosionDuration": [0.25, 0.25, 0.25], "IceRamp": [1.5, 1.5, 1.5], "InitialRadius": [1200.0, 1200.0, 1200.0], "Slow": [-400.0, -400.0, -400.0]}}, "Stats": {"AbilityPenetrationRating": [0.0], "AttackRating": [0.0], "AttackSpeedRating": [100.0, 101.4000015258789, 102.80000305175781, 104.19999694824219, 105.5999984741211, 107.0, 108.4000015258789, 109.80000305175781, 111.19999694824219, 112.5999984741211, 114.0, 115.4000015258789, 116.80000305175781, 118.19999694824219, 119.5999984741211, 121.0, 122.4000015258789, 123.80000305175781, 125.19999694824219, 126.5999984741211], "BaseAttackTime": [1.2000000476837158], "BasicPenetrationRating": [0.0], "CleaveRating": [0.10000000149011612], "CriticalDamageBonus": [1.5], "LeftClickARC": [0.5], "LeftClickBasePower": [58.0, 59.0, 60.0, 61.0, 62.0, 63.0, 64.0, 65.0, 66.0, 67.0, 68.0, 69.0, 70.0, 71.0, 72.0, 73.0, 74.0, 75.0, 76.0, 77.0], "Energy": [200.0, 236.0, 272.0, 308.0, 344.0, 380.0, 416.0, 452.0, 488.0, 524.0, 560.0, 596.0, 632.0, 668.0, 704.0, 740.0, 776.0, 812.0, 848.0, 884.0], "EnergyRegenRate": [0.699999988079071, 0.7900000214576721, 0.8799999952316284, 0.9700000286102295, 1.059999942779541, 1.149999976158142, 1.2400000095367432, 1.3300000429153442, 1.4199999570846558, 1.5099999904632568, 1.600000023841858, 1.690000057220459, 1.7799999713897705, 1.8700000047683716, 1.9600000381469727, 2.049999952316284, 2.140000104904175, 2.2300000190734863, 2.319999933242798, 2.4100000858306885], "MaxEnergy": [200.0, 236.0, 272.0, 308.0, 344.0, 380.0, 416.0, 452.0, 488.0, 524.0, 560.0, 596.0, 632.0, 668.0, 704.0, 740.0, 776.0, 812.0, 848.0, 884.0], "AbilityResistanceRating": [20.0, 20.75, 21.5, 22.25, 23.0, 23.75, 24.5, 25.25, 26.0, 26.75, 27.5, 28.25, 29.0, 29.75, 30.5, 31.25, 32.0, 32.75, 33.5, 34.25], "BasicResistanceRating": [14.0, 15.25, 16.5, 17.75, 19.0, 20.25, 21.5, 22.75, 24.0, 25.25, 26.5, 27.75, 29.0, 30.25, 31.5, 32.75, 34.0, 35.25, 36.5, 37.75], "CriticallyWoundedThresholdPCT": [0.25], "Health": [506.0, 574.2639770507812, 642.5280151367188, 710.7919921875, 779.0560302734375, 847.3200073242188, 915.583984375, 983.8480224609375, 1052.112060546875, 1120.3759765625, 1188.6400146484375, 1256.904052734375, 1325.16796875, 1393.4320068359375, 1461.696044921875, 1529.9599609375, 1598.2239990234375, 1666.488037109375, 1734.751953125, 1803.0159912109375], "HealthRegenRate": [2.0, 2.299999952316284, 2.5999999046325684, 2.9000000953674316, 3.200000047683716, 3.5, 3.799999952316284, 4.099999904632568, 4.400000095367432, 4.699999809265137, 5.0, 5.300000190734863, 5.599999904632568, 5.900000095367432, 6.199999809265137, 6.5, 6.800000190734863, 7.099999904632568, 7.400000095367432, 7.699999809265137], "MaxHealth": [506.0, 574.2639770507812, 642.5280151367188, 710.7919921875, 779.0560302734375, 847.3200073242188, 915.583984375, 983.8480224609375, 1052.112060546875, 1120.3759765625, 1188.6400146484375, 1256.904052734375, 1325.16796875, 1393.4320068359375, 1461.696044921875, 1529.9599609375, 1598.2239990234375, 1666.488037109375, 1734.751953125, 1803.0159912109375], "MaxMoveSpeed": [720.0], "VisionRadius": [5000.0], "CXPBounty": [675.0], "CXPSpawnTime": [1.5], "GainXPFromKills": [1.0], "MaxCardLevel": [20.0], "MaxLevel": [15.0], "XPBounty": [49.5, 65.25, 83.25, 101.25, 121.5, 144.0, 166.5, 189.0, 213.75, 238.5, 263.25, 285.75, 306.0, 324.0, 338.8500061035156, 551.4072875976562, 651.6632080078125, 770.1473999023438, 910.1741943359375, 1075.660400390625], "XPToLevel": [110.0, 145.0, 185.0, 225.0, 270.0, 320.0, 370.0, 420.0, 475.0, 530.0, 585.0, 635.0, 680.0, 720.0, 753.0, 1225.349609375, 1448.140380859375, 1711.438720703125, 2022.609375, 2390.3564453125]}}