{"Abilities": {"Alternate": {"Cooldown": [14.0, 12.0, 10.0, 8.0], "Cost": [-50.0, -50.0, -50.0, -50.0], "Bounty.CXP": [0.0, 0.0, 0.0, 0.0], "Health.Multiplier.Statue": [0.4000000059604645, 0.6000000238418579, 0.800000011920929, 1.0], "Lifespan.Statue": [7.0, 7.0, 7.0, 7.0], "ARC": [0.0, 0.0, 0.0, 0.0], "BasePower": [0.0, 0.0, 0.0, 0.0]}, "Primary": {"Cooldown": [22.0, 20.0, 18.0, 16.0], "Cost": [-75.0, -75.0, -75.0, -75.0], "Range": [1500.0, 1500.0, 1500.0, 1500.0], "Range.Duration": [0.699999988079071, 0.7300000190734863, 0.7599999904632568, 0.7900000214576721], "Range.Force": [2071.428466796875, 2123.28759765625, 2171.052734375, 2215.18994140625], "ARC": [0.0, 0.0, 0.0, 0.0], "BasePower": [0.0, 0.0, 0.0, 0.0], "StandingCastTime": [0.25, 0.25, 0.25, 0.25], "WallDuration": [7.0, 7.0, 7.0, 7.0]}, "Secondary": {"Cooldown": [8.0, 8.0, 8.0, 8.0], "Cost": [-90.0, -100.0, -110.0, -120.0], "Root.Duration": [0.75, 1.0, 1.25, 1.5], "ARC": [1.0446428060531616, 1.0446428060531616, 1.0446428060531616, 1.0446428060531616], "BasePower": [87.75, 117.0, 146.25, 175.5], "CloneDamageRadius": [300.0, 300.0, 300.0, 300.0], "CloneDuration": [4.0, 4.0, 4.0, 4.0], "Range": [1400.0, 1400.0, 1400.0, 1400.0], "ReactivateLockout": [0.75, 0.75, 0.75, 0.75], "RingDuration": [2.0, 2.0, 2.0, 2.0], "RingRadius": [300.0, 300.0, 300.0, 300.0], "Slow": [-80.0, -140.0, -200.0, -260.0], "SlowDuration": [2.0, 2.0, 2.0, 2.0]}, "Ultimate": {"Cooldown": [130.0, 110.0, 90.0], "Cost": [-100.0, -150.0, -200.0], "Radius.Chain": [500.0, 500.0, 500.0], "Radius.Initial": [700.0, 700.0, 700.0], "Slow.Duration.Initial": [1.5, 1.5, 1.5], "Slow.Initial": [-250.0, -250.0, -250.0], "Stun.Duration.Chain": [0.5, 0.5, 0.5], "Stun.Duration.Initial": [1.0, 1.0, 1.0], "ARC": [2.0892856121063232, 2.0892856121063232, 2.0892856121063232], "ARC.Chain.Hero": [0.8357142806053162, 0.8357142806053162, 0.8357142806053162], "ARC.Chain.NonHero": [0.4178571403026581, 0.4178571403026581, 0.4178571403026581], "BasePower": [187.1999969482422, 245.6999969482422, 304.20001220703125], "BasePower.Chain.Hero": [74.87999725341797, 98.27999877929688, 121.68000030517578], "BasePower.Chain.NonHero": [37.439998626708984, 49.13999938964844, 60.84000015258789], "ExplosionRadius": [600.0, 600.0, 600.0], "IceDuration": [2.0, 2.0, 2.0], "IceExplosionARC": [0.25, 0.25, 0.25], "IceExplosionBasePower": [55.0, 90.0, 125.0], "IceExplosionDuration": [0.25, 0.25, 0.25], "IceRamp": [1.5, 1.5, 1.5], "InitialRadius": [1200.0, 1200.0, 1200.0], "Slow": [-250.0, -250.0, -250.0]}}, "Stats": {"AbilityPenetrationRating": [0.0], "AttackRating": [0.0], "AttackSpeedRating": [100.0, 100.75, 101.5, 102.25, 103.0, 103.75, 104.5, 105.25, 106.0, 106.75, 107.5, 108.25, 109.0, 109.75, 110.5, 111.25, 112.0, 112.75, 113.5, 114.25], "BaseAttackTime": [0.8999999761581421], "BasicPenetrationRating": [0.0], "CleaveRating": [0.20000000298023224], "CriticalDamageBonus": [1.0], "LeftClickARC": [1.0], "LeftClickBasePower": [64.125, 66.9749984741211, 69.82499694824219, 72.67500305175781, 75.5250015258789, 78.375, 81.2249984741211, 84.07499694824219, 86.92500305175781, 89.7750015258789, 92.625, 95.4749984741211, 98.32499694824219, 101.17500305175781, 104.0250015258789, 106.875, 109.7249984741211, 112.57499694824219, 115.42500305175781, 118.2750015258789], "Energy": [336.7200012207031, 360.7200012207031, 384.7200012207031, 408.7200012207031, 432.7200012207031, 456.7200012207031, 480.7200012207031, 504.7200012207031, 528.719970703125, 552.719970703125, 576.719970703125, 600.719970703125, 624.719970703125, 648.719970703125, 672.719970703125, 696.719970703125, 720.719970703125, 744.719970703125, 768.719970703125, 792.719970703125], "EnergyRegenRate": [1.5224000215530396, 1.6023999452590942, 1.6823999881744385, 1.7624000310897827, 1.8423999547958374, 1.9223999977111816, 2.0023999214172363, 2.08240008354187, 2.162400007247925, 2.2423999309539795, 2.3224000930786133, 2.402400016784668, 2.4823999404907227, 2.5624001026153564, 2.642400026321411, 2.722399950027466, 2.8024001121520996, 2.8824000358581543, 2.962399959564209, 3.0423998832702637], "MaxEnergy": [336.7200012207031, 360.7200012207031, 384.7200012207031, 408.7200012207031, 432.7200012207031, 456.7200012207031, 480.7200012207031, 504.7200012207031, 528.719970703125, 552.719970703125, 576.719970703125, 600.719970703125, 624.719970703125, 648.719970703125, 672.719970703125, 696.719970703125, 720.719970703125, 744.719970703125, 768.719970703125, 792.719970703125], "AbilityResistanceRating": [25.0], "BasicResistanceRating": [38.279998779296875, 40.52909851074219, 42.7781982421875, 45.02730178833008, 47.27640151977539, 49.5255012512207, 51.774600982666016, 54.02370071411133, 56.27280044555664, 58.52190017700195, 60.770999908447266, 63.02009963989258, 65.26920318603516, 67.51830291748047, 69.76740264892578, 72.0165023803711, 74.2656021118164, 76.51470184326172, 78.76380157470703, 81.01290130615234], "CriticallyWoundedThresholdPCT": [0.25], "Health": [701.7839965820312, 770.4240112304688, 839.0640258789062, 907.7039794921875, 976.343994140625, 1044.9840087890625, 1113.6240234375, 1182.2640380859375, 1250.904052734375, 1319.5439453125, 1388.1839599609375, 1456.823974609375, 1525.4639892578125, 1594.10400390625, 1662.7440185546875, 1731.384033203125, 1800.0240478515625, 1868.6639404296875, 1937.303955078125, 2005.9439697265625], "HealthRegenRate": [1.1696399450302124, 1.2911900281906128, 1.4127399921417236, 1.5342899560928345, 1.6558400392532349, 1.7773900032043457, 1.8989399671554565, 2.0204899311065674, 2.1420400142669678, 2.263590097427368, 2.3851399421691895, 2.50669002532959, 2.6282401084899902, 2.7497899532318115, 2.871340036392212, 2.992889881134033, 3.1144399642944336, 3.235990047454834, 3.3575398921966553, 3.4790899753570557], "MaxHealth": [701.7839965820312, 770.4240112304688, 839.0640258789062, 907.7039794921875, 976.343994140625, 1044.9840087890625, 1113.6240234375, 1182.2640380859375, 1250.904052734375, 1319.5439453125, 1388.1839599609375, 1456.823974609375, 1525.4639892578125, 1594.10400390625, 1662.7440185546875, 1731.384033203125, 1800.0240478515625, 1868.6639404296875, 1937.303955078125, 2005.9439697265625], "MaxMoveSpeed": [725.0], "VisionRadius": [5000.0], "CXPBounty": [455.0], "CXPSpawnTime": [1.5], "GainXPFromKills": [1.0], "MaxCardLevel": [20.0], "MaxLevel": [20.0], "XPBounty": [55.0, 66.96094512939453, 78.8006591796875, 90.35697174072266, 101.83509063720703, 135.3509063720703, 148.71578979492188, 162.11434936523438, 175.35400390625, 182.0854949951172, 220.5879669189453, 228.08668518066406, 235.84031677246094, 243.85751342773438, 252.1472625732422, 297.96435546875, 308.0934143066406, 318.5668029785156, 329.396240234375, 340.59381103515625], "XPToLevel": [110.0, 133.92189025878906, 157.601318359375, 180.7139434814453, 203.67018127441406, 225.5848388671875, 247.8596649169922, 270.1905822753906, 292.2566833496094, 303.475830078125, 315.12567138671875, 325.8381042480469, 336.91473388671875, 348.3678894042969, 360.21038818359375, 372.4554443359375, 385.11676025390625, 398.2085266113281, 411.74530029296875, 425.74224853515625]}}