{"Abilities": {"Alternate": {"Cooldown": [12.0, 12.0, 12.0, 12.0], "Cost": [-50.0, -50.0, -50.0, -50.0], "DamageReductionPCT": [0.10000000149011612, 0.20000000298023224, 0.30000001192092896, 0.4000000059604645], "ARC": [0.0, 0.0, 0.0, 0.0], "BasePower": [0.0, 0.0, 0.0, 0.0]}, "Primary": {"Cooldown": [7.0, 7.0, 7.0, 7.0], "Cost": [-80.0, -90.0, -100.0, -110.0], "ARC.PerTick": [0.1599999964237213, 0.1599999964237213, 0.1599999964237213, 0.1599999964237213], "Damage.PerTick": [9.0, 13.0, 18.0, 22.0], "Duration": [4.0, 4.0, 4.0, 4.0], "Heal.ARC.PerTick": [0.1599999964237213, 0.1599999964237213, 0.1599999964237213, 0.1599999964237213], "Heal.ARC.Total": [1.25, 1.25, 1.25, 1.25], "Heal.Base.PerTick": [9.0, 13.0, 18.0, 22.0], "Heal.Base.Total": [70.0, 105.0, 140.0, 175.0], "Range.Cast": [800.0, 800.0, 800.0, 800.0], "Range.Tether": [1400.0, 1400.0, 1400.0, 1400.0], "TickRate": [0.5, 0.5, 0.5, 0.5], "ARC": [1.25, 1.25, 1.25, 1.25], "BasePower": [70.0, 105.0, 140.0, 175.0]}, "Secondary": {"Cooldown": [10.0, 10.0, 10.0, 10.0], "Cost": [-90.0, -90.0, -90.0, -90.0], "Duration.Stun": [1.25, 1.5, 1.75, 2.0], "Radius": [450.0, 450.0, 450.0, 450.0], "ARC": [1.6699999570846558, 1.6699999570846558, 1.6699999570846558, 1.6699999570846558], "BasePower": [70.0, 117.0, 164.0, 211.0]}, "Ultimate": {"Cooldown": [120.0, 110.0, 100.0], "Cost": [-100.0, -100.0, -100.0], "Duration": [5.0, 5.0, 5.0], "Range.Cast": [1300.0, 1300.0, 1300.0], "Range.Eligible": [5000.0, 5000.0, 5000.0], "RedirectPCT": [0.15000000596046448, 0.20000000298023224, 0.25], "ARC": [2.609999895095825, 2.609999895095825, 2.609999895095825], "BasePower": [439.0, 585.0, 731.0]}}, "Stats": {"AbilityPenetrationRating": [0.0], "AttackRating": [0.0], "AttackSpeedRating": [100.0, 100.80000305175781, 101.5, 102.30000305175781, 103.0, 103.80000305175781, 104.5, 105.30000305175781, 106.0, 106.80000305175781, 107.5, 108.30000305175781, 109.0, 109.80000305175781, 110.5, 111.30000305175781, 112.0, 112.80000305175781, 113.5, 114.30000305175781], "BaseAttackTime": [0.8999999761581421], "BasicPenetrationRating": [0.0], "CleaveRating": [0.20000000298023224], "CriticalDamageBonus": [1.0], "LeftClickARC": [1.0], "LeftClickBasePower": [67.5, 70.30000305175781, 73.19999694824219, 76.0, 78.9000015258789, 81.80000305175781, 84.5999984741211, 87.4000015258789, 90.30000305175781, 93.19999694824219, 96.0, 98.80000305175781, 101.69999694824219, 104.5999984741211, 107.4000015258789, 110.30000305175781, 113.0999984741211, 115.9000015258789, 118.80000305175781, 121.5999984741211], "Energy": [309.0, 328.0, 347.0, 366.0, 385.0, 404.0, 423.0, 442.0, 462.0, 481.0, 500.0, 519.0, 538.0, 557.0, 576.0, 595.0, 614.0, 633.0, 652.0, 671.0], "EnergyRegenRate": [1.4299999475479126, 1.4900000095367432, 1.559999942779541, 1.6200000047683716, 1.6799999475479126, 1.75, 1.809999942779541, 1.8700000047683716, 1.940000057220459, 2.0, 2.069999933242798, 2.130000114440918, 2.190000057220459, 2.259999990463257, 2.319999933242798, 2.380000114440918, 2.450000047683716, 2.509999990463257, 2.569999933242798, 2.640000104904175], "MaxEnergy": [309.0, 328.0, 347.0, 366.0, 385.0, 404.0, 423.0, 442.0, 462.0, 481.0, 500.0, 519.0, 538.0, 557.0, 576.0, 595.0, 614.0, 633.0, 652.0, 671.0], "AbilityResistanceRating": [25.0], "BasicResistanceRating": [27.799999237060547, 29.399999618530273, 31.100000381469727, 32.70000076293945, 34.29999923706055, 35.900001525878906, 37.5, 39.099998474121094, 40.70000076293945, 42.29999923706055, 43.900001525878906, 45.5, 47.099998474121094, 48.70000076293945, 50.29999923706055, 51.900001525878906, 53.5, 55.20000076293945, 56.79999923706055, 58.400001525878906], "CriticallyWoundedThresholdPCT": [0.25], "Health": [702.0, 775.0, 848.0, 921.0, 994.0, 1066.0, 1139.0, 1212.0, 1285.0, 1358.0, 1431.0, 1504.0, 1577.0, 1650.0, 1723.0, 1796.0, 1869.0, 1942.0, 2015.0, 2087.0], "HealthRegenRate": [1.1699999570846558, 1.2899999618530273, 1.409999966621399, 1.5299999713897705, 1.659999966621399, 1.7799999713897705, 1.899999976158142, 2.0199999809265137, 2.140000104904175, 2.259999990463257, 2.390000104904175, 2.509999990463257, 2.630000114440918, 2.75, 2.869999885559082, 2.990000009536743, 3.109999895095825, 3.240000009536743, 3.359999895095825, 3.4800000190734863], "MaxHealth": [702.0, 775.0, 848.0, 921.0, 994.0, 1066.0, 1139.0, 1212.0, 1285.0, 1358.0, 1431.0, 1504.0, 1577.0, 1650.0, 1723.0, 1796.0, 1869.0, 1942.0, 2015.0, 2087.0], "MaxMoveSpeed": [715.0], "VisionRadius": [5000.0], "CXPBounty": [550.0], "CXPSpawnTime": [1.5], "GainXPFromKills": [1.0], "MaxCardLevel": [20.0], "MaxLevel": [20.0], "XPBounty": [55.0, 66.96094512939453, 78.8006591796875, 90.35697174072266, 101.83509063720703, 135.3509063720703, 148.71578979492188, 162.11434936523438, 175.35400390625, 182.0854949951172, 220.5879669189453, 228.08668518066406, 235.84031677246094, 243.85751342773438, 252.1472625732422, 297.96435546875, 308.0934143066406, 318.5668029785156, 329.396240234375, 340.59381103515625], "XPToLevel": [110.0, 133.92189025878906, 157.601318359375, 180.7139434814453, 203.67018127441406, 225.5848388671875, 247.8596649169922, 270.1905822753906, 292.2566833496094, 303.475830078125, 315.12567138671875, 325.8381042480469, 336.91473388671875, 348.3678894042969, 360.21038818359375, 372.4554443359375, 385.11676025390625, 398.2085266113281, 411.74530029296875, 425.74224853515625]}}