{"Abilities": {"Alternate": {"Cooldown": [12.0, 10.0, 8.0, 6.0], "Cost": [-50.0, -50.0, -50.0, -50.0], "Shield.Duration": [3.0, 3.0, 3.0, 3.0], "Shield.MagnitudePCT": [0.4000000059604645, 0.6000000238418579, 0.800000011920929, 1.0], "ARC": [0.0, 0.0, 0.0, 0.0], "BasePower": [0.0, 0.0, 0.0, 0.0]}, "Primary": {"Cooldown": [7.0, 7.0, 7.0, 7.0], "Cost": [-80.0, -90.0, -100.0, -110.0], "ARC.PerHit": [1.25, 1.25, 1.25, 1.25], "Damage.PerHit": [70.0, 105.0, 140.0, 175.0], "Hit.Count": [2.0, 2.0, 2.0, 2.0], "ARC": [2.490000009536743, 2.490000009536743, 2.490000009536743, 2.490000009536743], "BasePower": [140.0, 210.0, 280.0, 350.0]}, "Secondary": {"Cooldown": [14.0, 14.0, 14.0, 14.0], "Cost": [-90.0, -90.0, -90.0, -90.0], "Duration.Stun": [1.399999976158142, 1.600000023841858, 1.7999999523162842, 2.0], "Radius": [450.0, 450.0, 450.0, 450.0], "ARC": [1.25, 1.25, 1.25, 1.25], "BasePower": [59.0, 94.0, 129.0, 164.0]}, "Ultimate": {"Cooldown": [120.0, 110.0, 100.0], "Cost": [-100.0, -100.0, -100.0], "Juggernaut.Duration": [4.0, 5.0, 6.0], "Shield.Duration": [4.0, 5.0, 6.0], "Shield.Magnitude": [300.0, 500.0, 700.0], "ARC": [0.0, 0.0, 0.0], "BasePower": [0.0, 0.0, 0.0]}}, "Stats": {"AbilityPenetrationRating": [0.0], "AttackRating": [0.0], "AttackSpeedRating": [100.0, 100.80000305175781, 101.5, 102.30000305175781, 103.0, 103.80000305175781, 104.5, 105.30000305175781, 106.0, 106.80000305175781, 107.5, 108.30000305175781, 109.0, 109.80000305175781, 110.5, 111.30000305175781, 112.0, 112.80000305175781, 113.5, 114.30000305175781], "BaseAttackTime": [0.8999999761581421], "BasicPenetrationRating": [0.0], "CleaveRating": [0.20000000298023224], "CriticalDamageBonus": [1.0], "LeftClickARC": [1.0], "LeftClickBasePower": [70.19999694824219, 72.9000015258789, 75.5999984741211, 78.30000305175781, 81.0, 83.69999694824219, 86.4000015258789, 89.0999984741211, 91.80000305175781, 94.5, 97.19999694824219, 99.9000015258789, 102.5999984741211, 105.30000305175781, 108.0, 110.69999694824219, 113.4000015258789, 116.0999984741211, 118.80000305175781, 121.5], "Energy": [309.0, 328.0, 347.0, 366.0, 385.0, 404.0, 423.0, 442.0, 462.0, 481.0, 500.0, 519.0, 538.0, 557.0, 576.0, 595.0, 614.0, 633.0, 652.0, 671.0], "EnergyRegenRate": [1.4299999475479126, 1.4900000095367432, 1.559999942779541, 1.6200000047683716, 1.6799999475479126, 1.75, 1.809999942779541, 1.8700000047683716, 1.940000057220459, 2.0, 2.069999933242798, 2.130000114440918, 2.190000057220459, 2.259999990463257, 2.319999933242798, 2.380000114440918, 2.450000047683716, 2.509999990463257, 2.569999933242798, 2.640000104904175], "MaxEnergy": [309.0, 328.0, 347.0, 366.0, 385.0, 404.0, 423.0, 442.0, 462.0, 481.0, 500.0, 519.0, 538.0, 557.0, 576.0, 595.0, 614.0, 633.0, 652.0, 671.0], "AbilityResistanceRating": [30.0], "BasicResistanceRating": [19.700000762939453, 21.600000381469727, 23.399999618530273, 25.299999237060547, 27.100000381469727, 28.899999618530273, 30.799999237060547, 32.599998474121094, 34.5, 36.29999923706055, 38.20000076293945, 40.0, 41.900001525878906, 43.70000076293945, 45.5, 47.400001525878906, 49.20000076293945, 51.099998474121094, 52.900001525878906, 54.79999923706055], "CriticallyWoundedThresholdPCT": [0.25], "Health": [702.0, 775.0, 848.0, 921.0, 994.0, 1066.0, 1139.0, 1212.0, 1285.0, 1358.0, 1431.0, 1504.0, 1577.0, 1650.0, 1723.0, 1796.0, 1869.0, 1942.0, 2015.0, 2087.0], "HealthRegenRate": [1.1699999570846558, 1.2899999618530273, 1.409999966621399, 1.5299999713897705, 1.659999966621399, 1.7799999713897705, 1.899999976158142, 2.0199999809265137, 2.140000104904175, 2.259999990463257, 2.390000104904175, 2.509999990463257, 2.630000114440918, 2.75, 2.869999885559082, 2.990000009536743, 3.109999895095825, 3.240000009536743, 3.359999895095825, 3.4800000190734863], "MaxHealth": [702.0, 775.0, 848.0, 921.0, 994.0, 1066.0, 1139.0, 1212.0, 1285.0, 1358.0, 1431.0, 1504.0, 1577.0, 1650.0, 1723.0, 1796.0, 1869.0, 1942.0, 2015.0, 2087.0], "MaxMoveSpeed": [675.0], "VisionRadius": [5000.0], "CXPBounty": [550.0], "CXPSpawnTime": [1.5], "GainXPFromKills": [1.0], "MaxCardLevel": [20.0], "MaxLevel": [20.0], "XPBounty": [38.5, 51.10177230834961, 65.11422729492188, 80.37014770507812, 97.01132202148438, 114.57335662841797, 133.71376037597656, 154.2930450439453, 176.12310791015625, 192.4675750732422, 209.80735778808594, 227.22921752929688, 245.59310913085938, 264.94293212890625, 285.32452392578125, 306.7856750488281, 329.3761901855469, 353.1480712890625, 378.1555480957031, 404.45513916015625], "XPToLevel": [110.0, 133.92189025878906, 157.601318359375, 180.7139434814453, 203.67018127441406, 225.5848388671875, 247.8596649169922, 270.1905822753906, 292.2566833496094, 303.475830078125, 315.12567138671875, 325.8381042480469, 336.91473388671875, 348.3678894042969, 360.21038818359375, 372.4554443359375, 385.11676025390625, 398.2085266113281, 411.74530029296875, 425.74224853515625]}}