{"Abilities": {"Alternate": {"Cooldown": [14.0, 12.0, 10.0, 8.0], "Cost": [-45.0, -45.0, -45.0, -45.0], "ARC": [0.0, 0.0, 0.0, 0.0], "BasePower": [0.0, 0.0, 0.0, 0.0]}, "Primary": {"Cooldown": [22.0, 20.0, 18.0, 16.0], "Cost": [-60.0, -60.0, -60.0, -60.0], "ARC": [0.0, 0.0, 0.0, 0.0], "BasePower": [0.0, 0.0, 0.0, 0.0]}, "Secondary": {"Cooldown": [8.0, 8.0, 8.0, 8.0], "Cost": [-100.0, -100.0, -100.0, -100.0], "ARC": [1.8803571462631226, 1.8803571462631226, 1.8803571462631226, 1.8803571462631226], "BasePower": [87.75, 140.39999389648438, 193.0500030517578, 245.6999969482422]}, "Ultimate": {"Cooldown": [130.0, 110.0, 90.0], "Cost": [-100.0, -150.0, -200.0], "ARC": [2.0892856121063232, 2.0892856121063232, 2.0892856121063232], "BasePower": [187.1999969482422, 245.6999969482422, 304.20001220703125]}}, "Stats": {"AbilityPenetrationRating": [0.0], "AttackRating": [0.0], "AttackSpeedRating": [100.0, 100.75, 101.5, 102.25, 103.0, 103.75, 104.5, 105.25, 106.0, 106.75, 107.5, 108.25, 109.0, 109.75, 110.5, 111.25, 112.0, 112.75, 113.5, 114.25], "BaseAttackTime": [0.8999999761581421], "BasicPenetrationRating": [0.0], "CleaveRating": [0.20000000298023224], "CriticalDamageBonus": [1.0], "LeftClickARC": [1.0], "LeftClickBasePower": [67.5, 70.3499984741211, 73.19999694824219, 76.05000305175781, 78.9000015258789, 81.75, 84.5999984741211, 87.44999694824219, 90.30000305175781, 93.1500015258789, 96.0, 98.8499984741211, 101.69999694824219, 104.55000305175781, 107.4000015258789, 110.25, 113.0999984741211, 115.94999694824219, 118.80000305175781, 121.6500015258789], "Energy": [276.0, 291.0, 306.0, 321.0, 336.0, 351.0, 366.0, 381.0, 396.0, 411.0, 426.0, 441.0, 456.0, 471.0, 486.0, 501.0, 516.0, 531.0, 546.0, 561.0], "EnergyRegenRate": [1.3200000524520874, 1.3700000047683716, 1.4199999570846558, 1.4700000286102295, 1.5199999809265137, 1.5700000524520874, 1.6200000047683716, 1.6699999570846558, 1.7200000286102295, 1.7699999809265137, 1.8200000524520874, 1.8700000047683716, 1.9199999570846558, 1.9700000286102295, 2.0199999809265137, 2.069999933242798, 2.119999885559082, 2.1700000762939453, 2.2200000286102295, 2.2699999809265137], "MaxEnergy": [276.0, 291.0, 306.0, 321.0, 336.0, 351.0, 366.0, 381.0, 396.0, 411.0, 426.0, 441.0, 456.0, 471.0, 486.0, 501.0, 516.0, 531.0, 546.0, 561.0], "AbilityResistanceRating": [25.0], "BasicResistanceRating": [31.31999969482422, 33.385501861572266, 35.45100021362305, 37.51649856567383, 39.582000732421875, 41.647499084472656, 43.7130012512207, 45.778499603271484, 47.84400177001953, 49.90950012207031, 51.974998474121094, 54.04050064086914, 56.10599899291992, 58.17150115966797, 60.23699951171875, 62.3025016784668, 64.36799621582031, 66.43350219726562, 68.4990005493164, 70.56449890136719], "CriticallyWoundedThresholdPCT": [0.25], "Health": [701.7839965820312, 774.7139892578125, 847.6439819335938, 920.573974609375, 993.5040283203125, 1066.4339599609375, 1139.364013671875, 1212.2939453125, 1285.2239990234375, 1358.154052734375, 1431.083984375, 1504.0140380859375, 1576.9439697265625, 1649.8740234375, 1722.803955078125, 1795.7340087890625, 1868.6639404296875, 1941.593994140625, 2014.5240478515625, 2087.4541015625], "HealthRegenRate": [1.1696399450302124, 1.2983399629592896, 1.4270399808883667, 1.5557399988174438, 1.684440016746521, 1.8131400346755981, 1.9418400526046753, 2.070539951324463, 2.19923996925354, 2.327939987182617, 2.4566400051116943, 2.5853400230407715, 2.7140400409698486, 2.842740058898926, 2.971440076828003, 3.10014009475708, 3.2288401126861572, 3.3575398921966553, 3.4862399101257324, 3.6149399280548096], "MaxHealth": [701.7839965820312, 774.7139892578125, 847.6439819335938, 920.573974609375, 993.5040283203125, 1066.4339599609375, 1139.364013671875, 1212.2939453125, 1285.2239990234375, 1358.154052734375, 1431.083984375, 1504.0140380859375, 1576.9439697265625, 1649.8740234375, 1722.803955078125, 1795.7340087890625, 1868.6639404296875, 1941.593994140625, 2014.5240478515625, 2087.4541015625], "MaxMoveSpeed": [710.0], "VisionRadius": [5000.0], "CXPBounty": [455.0], "CXPSpawnTime": [1.5], "GainXPFromKills": [1.0], "MaxCardLevel": [20.0], "MaxLevel": [20.0], "XPBounty": [55.0, 66.96094512939453, 78.8006591796875, 90.35697174072266, 101.83509063720703, 135.3509063720703, 148.71578979492188, 162.11434936523438, 175.35400390625, 182.0854949951172, 220.5879669189453, 228.08668518066406, 235.84031677246094, 243.85751342773438, 252.1472625732422, 297.96435546875, 308.0934143066406, 318.5668029785156, 329.396240234375, 340.59381103515625], "XPToLevel": [110.0, 133.92189025878906, 157.601318359375, 180.7139434814453, 203.67018127441406, 225.5848388671875, 247.8596649169922, 270.1905822753906, 292.2566833496094, 303.475830078125, 315.12567138671875, 325.8381042480469, 336.91473388671875, 348.3678894042969, 360.21038818359375, 372.4554443359375, 385.11676025390625, 398.2085266113281, 411.74530029296875, 425.74224853515625]}}