{"Abilities": {"Alternate": {"Cooldown": [4.0, 4.0, 4.0, 4.0], "Cost": [-50.0, -60.0, -70.0, -80.0], "ARC": [2.0892856121063232, 2.0892856121063232, 2.0892856121063232, 2.0892856121063232], "BasePower": [128.6999969482422, 187.1999969482422, 245.6999969482422, 304.20001220703125], "MovementSpeed": [-275.0, -275.0, -275.0, -275.0]}, "Primary": {"Cooldown": [8.0, 8.0, 8.0, 8.0], "Cost": [-50.0, -50.0, -50.0, -50.0], "CheatDeath.FadeTime": [0.25, 0.25, 0.25, 0.25], "CheatDeath.Threshold": [0.3499999940395355, 0.3499999940395355, 0.3499999940395355, 0.3499999940395355], "ARC": [0.0, 0.0, 0.0, 0.0], "BasePower": [0.0, 0.0, 0.0, 0.0], "Duration": [8.0, 13.0, 18.0, 23.0], "FadeTime": [1.75, 1.75, 1.75, 1.75], "StealthAttackMultiplier": [0.5, 0.75, 1.0, 1.25]}, "Secondary": {"Cooldown": [12.0, 10.0, 8.0, 6.0], "Cost": [0.0, 0.0, 0.0, 0.0], "HealthRegen.Magnitude": [6.0, 8.0, 10.0, 12.0], "ARC": [0.0, 0.0, 0.0, 0.0], "BasePower": [0.0, 0.0, 0.0, 0.0]}, "Ultimate": {"Cooldown": [110.0, 100.0, 90.0], "Cost": [-100.0, -100.0, -100.0], "ARC": [2.0892856121063232, 2.0892856121063232, 2.0892856121063232], "BasePower": [146.25, 204.75, 263.25], "Duration": [5.0, 6.0, 7.0]}, "Passive": {"MovementSpeed": [70.0, 70.0, 70.0, 70.0]}}, "Stats": {"AbilityPenetrationRating": [0.0], "AttackRating": [0.0], "AttackSpeedRating": [100.0, 102.69999694824219, 105.4000015258789, 108.0999984741211, 110.80000305175781, 113.5, 116.19999694824219, 118.9000015258789, 121.5999984741211, 124.30000305175781, 127.0, 129.6999969482422, 132.39999389648438, 135.10000610351562, 137.8000030517578, 140.5, 143.1999969482422, 145.89999389648438, 148.60000610351562, 151.3000030517578], "BaseAttackTime": [0.800000011920929], "BasicPenetrationRating": [0.0], "CleaveRating": [0.05000000074505806], "CriticalDamageBonus": [1.0], "LeftClickARC": [1.0], "LeftClickBasePower": [59.400001525878906, 63.45000076293945, 67.5, 71.55000305175781, 75.5999984741211, 79.6500015258789, 83.69999694824219, 87.75, 91.80000305175781, 95.8499984741211, 99.9000015258789, 103.94999694824219, 108.0, 112.05000305175781, 116.0999984741211, 120.1500015258789, 124.19999694824219, 128.25, 132.3000030517578, 136.35000610351562], "Energy": [248.39999389648438, 263.3999938964844, 278.3999938964844, 293.3999938964844, 308.3999938964844, 323.3999938964844, 338.3999938964844, 353.3999938964844, 368.3999938964844, 383.3999938964844, 398.3999938964844, 413.3999938964844, 428.3999938964844, 443.3999938964844, 458.3999938964844, 473.3999938964844, 488.3999938964844, 503.3999938964844, 518.4000244140625, 533.4000244140625], "EnergyRegenRate": [1.2280000448226929, 1.277999997138977, 1.3279999494552612, 1.378000020980835, 1.4279999732971191, 1.4780000448226929, 1.527999997138977, 1.5779999494552612, 1.628000020980835, 1.6779999732971191, 1.7280000448226929, 1.777999997138977, 1.8279999494552612, 1.878000020980835, 1.9279999732971191, 1.9780000448226929, 2.0280001163482666, 2.078000068664551, 2.128000020980835, 2.177999973297119], "MaxEnergy": [248.39999389648438, 263.3999938964844, 278.3999938964844, 293.3999938964844, 308.3999938964844, 323.3999938964844, 338.3999938964844, 353.3999938964844, 368.3999938964844, 383.3999938964844, 398.3999938964844, 413.3999938964844, 428.3999938964844, 443.3999938964844, 458.3999938964844, 473.3999938964844, 488.3999938964844, 503.3999938964844, 518.4000244140625, 533.4000244140625], "AbilityResistanceRating": [25.0], "BasicResistanceRating": [25.200000762939453, 28.440000534057617, 31.68000030517578, 34.91999816894531, 38.15999984741211, 41.400001525878906, 44.63999938964844, 47.880001068115234, 51.119998931884766, 54.36000061035156, 57.599998474121094, 60.84000015258789, 64.08000183105469, 67.31999969482422, 70.55999755859375, 73.80000305175781, 77.04000091552734, 80.27999877929688, 83.5199966430664, 86.76000213623047], "CriticallyWoundedThresholdPCT": [0.25], "Health": [548.719970703125, 611.1199951171875, 673.52001953125, 735.9199829101562, 798.3200073242188, 860.719970703125, 923.1199951171875, 985.52001953125, 1047.9200439453125, 1110.3199462890625, 1172.719970703125, 1235.1199951171875, 1297.52001953125, 1359.9200439453125, 1422.3199462890625, 1484.719970703125, 1547.1199951171875, 1609.52001953125, 1671.9200439453125, 1734.3199462890625], "HealthRegenRate": [0.9145333170890808, 1.0185333490371704, 1.1225333213806152, 1.22653329372406, 1.3305333852767944, 1.4345333576202393, 1.538533329963684, 1.642533302307129, 1.7465332746505737, 1.850533366203308, 1.954533338546753, 2.0585334300994873, 2.1625332832336426, 2.266533374786377, 2.3705332279205322, 2.4745333194732666, 2.578533411026001, 2.6825332641601562, 2.7865333557128906, 2.890533447265625], "MaxHealth": [548.719970703125, 611.1199951171875, 673.52001953125, 735.9199829101562, 798.3200073242188, 860.719970703125, 923.1199951171875, 985.52001953125, 1047.9200439453125, 1110.3199462890625, 1172.719970703125, 1235.1199951171875, 1297.52001953125, 1359.9200439453125, 1422.3199462890625, 1484.719970703125, 1547.1199951171875, 1609.52001953125, 1671.9200439453125, 1734.3199462890625], "MaxMoveSpeed": [680.0], "VisionRadius": [5000.0], "CXPBounty": [455.0], "CXPSpawnTime": [1.5], "GainXPFromKills": [1.0], "MaxCardLevel": [20.0], "MaxLevel": [20.0], "XPBounty": [55.0, 66.96094512939453, 78.8006591796875, 90.35697174072266, 101.83509063720703, 135.3509063720703, 148.71578979492188, 162.11434936523438, 175.35400390625, 182.0854949951172, 220.5879669189453, 228.08668518066406, 235.84031677246094, 243.85751342773438, 252.1472625732422, 297.96435546875, 308.0934143066406, 318.5668029785156, 329.396240234375, 340.59381103515625], "XPToLevel": [110.0, 133.92189025878906, 157.601318359375, 180.7139434814453, 203.67018127441406, 225.5848388671875, 247.8596649169922, 270.1905822753906, 292.2566833496094, 303.475830078125, 315.12567138671875, 325.8381042480469, 336.91473388671875, 348.3678894042969, 360.21038818359375, 372.4554443359375, 385.11676025390625, 398.2085266113281, 411.74530029296875, 425.74224853515625]}}