{"Abilities": {"Alternate": {"Cooldown": [4.0, 4.0, 4.0, 4.0], "Cost": [-50.0, -60.0, -70.0, -80.0], "Slow.Duration": [1.5, 1.5, 1.5, 1.5], "ARC": [2.0899999141693115, 2.0899999141693115, 2.0899999141693115, 2.0899999141693115], "BasePower": [129.0, 187.0, 246.0, 304.0], "MovementSpeed": [-0.6499999761581421, -0.6499999761581421, -0.6499999761581421, -0.6499999761581421]}, "Primary": {"Cooldown": [8.0, 8.0, 8.0, 8.0], "Cost": [-30.0, -30.0, -30.0, -30.0], "CheatDeath.FadeTime": [0.25, 0.25, 0.25, 0.25], "CheatDeath.Threshold": [0.3499999940395355, 0.3499999940395355, 0.3499999940395355, 0.3499999940395355], "ARC": [0.0, 0.0, 0.0, 0.0], "BasePower": [0.0, 0.0, 0.0, 0.0], "Duration": [8.0, 13.0, 18.0, 23.0], "FadeTime": [1.75, 1.75, 1.75, 1.75], "StealthAttackMultiplier": [0.5, 0.75, 1.0, 1.25]}, "Secondary": {"Cooldown": [14.0, 13.0, 12.0, 11.0], "Cost": [0.0, 0.0, 0.0, 0.0], "HealthRegen.Magnitude": [8.0, 12.0, 16.0, 20.0], "ARC": [0.0, 0.0, 0.0, 0.0], "BasePower": [0.0, 0.0, 0.0, 0.0]}, "Ultimate": {"Cooldown": [110.0, 100.0, 90.0], "Cost": [-100.0, -100.0, -100.0], "Slow.Duration": [2.0, 2.0, 2.0], "Slow.Magnitude": [-0.30000001192092896, -0.30000001192092896, -0.30000001192092896], "ARC": [2.0899999141693115, 2.0899999141693115, 2.0899999141693115], "BasePower": [146.0, 205.0, 263.0], "Duration": [5.0, 6.0, 7.0]}, "Passive": {"MovementSpeed": [0.15000000596046448, 0.15000000596046448, 0.15000000596046448, 0.15000000596046448]}}, "Stats": {"AbilityPenetrationRating": [0.0], "AttackRating": [0.0], "AttackSpeedRating": [100.0, 102.5, 105.0, 107.4000015258789, 109.9000015258789, 112.4000015258789, 114.80000305175781, 117.30000305175781, 119.80000305175781, 122.30000305175781, 124.80000305175781, 127.19999694824219, 129.6999969482422, 132.1999969482422, 134.6999969482422, 137.10000610351562, 139.60000610351562, 142.10000610351562, 144.60000610351562, 147.0], "BaseAttackTime": [0.800000011920929], "BasicPenetrationRating": [0.0], "CleaveRating": [0.05000000074505806], "CriticalDamageBonus": [1.0], "LeftClickARC": [1.0], "LeftClickBasePower": [61.599998474121094, 64.4000015258789, 67.19999694824219, 70.0, 72.80000305175781, 75.5999984741211, 78.4000015258789, 81.19999694824219, 84.0999984741211, 86.9000015258789, 89.69999694824219, 92.5, 95.30000305175781, 98.0999984741211, 100.9000015258789, 103.69999694824219, 106.5999984741211, 109.4000015258789, 112.19999694824219, 115.0], "Energy": [248.0, 263.0, 278.0, 293.0, 308.0, 323.0, 338.0, 353.0, 368.0, 383.0, 398.0, 413.0, 428.0, 443.0, 458.0, 473.0, 488.0, 503.0, 518.0, 533.0], "EnergyRegenRate": [1.2300000190734863, 1.2799999713897705, 1.3300000429153442, 1.3799999952316284, 1.4299999475479126, 1.4800000190734863, 1.5299999713897705, 1.5800000429153442, 1.6299999952316284, 1.6799999475479126, 1.7300000190734863, 1.7799999713897705, 1.8300000429153442, 1.8799999952316284, 1.9299999475479126, 1.9800000190734863, 2.0299999713897705, 2.0799999237060547, 2.130000114440918, 2.180000066757202], "MaxEnergy": [248.0, 263.0, 278.0, 293.0, 308.0, 323.0, 338.0, 353.0, 368.0, 383.0, 398.0, 413.0, 428.0, 443.0, 458.0, 473.0, 488.0, 503.0, 518.0, 533.0], "AbilityResistanceRating": [30.0], "BasicResistanceRating": [14.300000190734863, 17.299999237060547, 20.200000762939453, 23.200000762939453, 26.200000762939453, 29.200000762939453, 32.099998474121094, 35.099998474121094, 38.099998474121094, 41.099998474121094, 44.0, 47.0, 50.0, 53.0, 55.900001525878906, 58.900001525878906, 61.900001525878906, 64.9000015258789, 67.80000305175781, 70.80000305175781], "CriticallyWoundedThresholdPCT": [0.25], "Health": [583.0, 645.0, 708.0, 770.0, 833.0, 895.0, 957.0, 1020.0, 1082.0, 1145.0, 1207.0, 1269.0, 1332.0, 1394.0, 1457.0, 1519.0, 1581.0, 1644.0, 1706.0, 1769.0], "HealthRegenRate": [0.9700000286102295, 1.0800000429153442, 1.1799999475479126, 1.2799999713897705, 1.3899999856948853, 1.4900000095367432, 1.600000023841858, 1.7000000476837158, 1.7999999523162842, 1.909999966621399, 2.009999990463257, 2.119999885559082, 2.2200000286102295, 2.319999933242798, 2.430000066757202, 2.5299999713897705, 2.640000104904175, 2.740000009536743, 2.8399999141693115, 2.950000047683716], "MaxHealth": [583.0, 645.0, 708.0, 770.0, 833.0, 895.0, 957.0, 1020.0, 1082.0, 1145.0, 1207.0, 1269.0, 1332.0, 1394.0, 1457.0, 1519.0, 1581.0, 1644.0, 1706.0, 1769.0], "MaxMoveSpeed": [640.0], "VisionRadius": [5000.0], "CXPBounty": [550.0], "CXPSpawnTime": [1.5], "GainXPFromKills": [1.0], "MaxCardLevel": [20.0], "MaxLevel": [20.0], "XPBounty": [38.5, 51.10177230834961, 65.11422729492188, 80.37014770507812, 97.01132202148438, 114.57335662841797, 133.71376037597656, 154.2930450439453, 176.12310791015625, 192.4675750732422, 209.80735778808594, 227.22921752929688, 245.59310913085938, 264.94293212890625, 285.32452392578125, 306.7856750488281, 329.3761901855469, 353.1480712890625, 378.1555480957031, 404.45513916015625], "XPToLevel": [110.0, 133.92189025878906, 157.601318359375, 180.7139434814453, 203.67018127441406, 225.5848388671875, 247.8596649169922, 270.1905822753906, 292.2566833496094, 303.475830078125, 315.12567138671875, 325.8381042480469, 336.91473388671875, 348.3678894042969, 360.21038818359375, 372.4554443359375, 385.11676025390625, 398.2085266113281, 411.74530029296875, 425.74224853515625]}}