{"Abilities": {"Alternate": {"Cooldown": [4.0, 4.0, 4.0, 4.0], "Cost": [-50.0, -60.0, -70.0, -80.0], "Slow.Duration": [1.0, 1.0, 1.0, 1.0], "ARC": [2.0899999141693115, 2.0899999141693115, 2.0899999141693115, 2.0899999141693115], "BasePower": [129.0, 187.0, 246.0, 304.0], "MovementSpeed": [-0.4000000059604645, -0.4000000059604645, -0.4000000059604645, -0.4000000059604645]}, "Primary": {"Cooldown": [8.0, 8.0, 8.0, 8.0], "Cost": [-60.0, -60.0, -60.0, -60.0], "CheatDeath.FadeTime": [0.25, 0.25, 0.25, 0.25], "CheatDeath.Threshold": [0.3499999940395355, 0.3499999940395355, 0.3499999940395355, 0.3499999940395355], "ARC": [0.0, 0.0, 0.0, 0.0], "BasePower": [0.0, 0.0, 0.0, 0.0], "Duration": [8.0, 13.0, 18.0, 23.0], "FadeTime": [1.75, 1.75, 1.75, 1.75], "StealthAttackMultiplier": [0.5, 0.75, 1.0, 1.25]}, "Secondary": {"Cooldown": [14.0, 13.0, 12.0, 11.0], "Cost": [0.0, 0.0, 0.0, 0.0], "HealthRegen.Magnitude": [8.0, 12.0, 16.0, 20.0], "ARC": [0.0, 0.0, 0.0, 0.0], "BasePower": [0.0, 0.0, 0.0, 0.0]}, "Ultimate": {"Cooldown": [110.0, 100.0, 90.0], "Cost": [-100.0, -100.0, -100.0], "Slow.Duration": [2.0, 2.0, 2.0], "Slow.Magnitude": [-0.30000001192092896, -0.30000001192092896, -0.30000001192092896], "ARC": [2.0899999141693115, 2.0899999141693115, 2.0899999141693115], "BasePower": [146.0, 205.0, 263.0], "Duration": [5.0, 6.0, 7.0]}, "Passive": {"MovementSpeed": [0.10000000149011612, 0.10000000149011612, 0.10000000149011612, 0.10000000149011612]}}, "Stats": {"AbilityPenetrationRating": [0.0], "AttackRating": [0.0], "AttackSpeedRating": [100.0, 102.5, 105.0, 107.4000015258789, 109.9000015258789, 112.4000015258789, 114.80000305175781, 117.30000305175781, 119.80000305175781, 122.30000305175781, 124.80000305175781, 127.19999694824219, 129.6999969482422, 132.1999969482422, 134.6999969482422, 137.10000610351562, 139.60000610351562, 142.10000610351562, 144.60000610351562, 147.0], "BaseAttackTime": [0.800000011920929], "BasicPenetrationRating": [0.0], "CleaveRating": [0.05000000074505806], "CriticalDamageBonus": [1.0], "LeftClickARC": [1.0], "LeftClickBasePower": [56.400001525878906, 59.5, 62.5, 65.5, 68.5999984741211, 71.5999984741211, 74.69999694824219, 77.69999694824219, 80.69999694824219, 83.80000305175781, 86.80000305175781, 89.80000305175781, 92.9000015258789, 95.9000015258789, 99.0, 102.0, 105.0, 108.0999984741211, 111.0999984741211, 114.0999984741211], "Energy": [248.0, 263.0, 278.0, 293.0, 308.0, 323.0, 338.0, 353.0, 368.0, 383.0, 398.0, 413.0, 428.0, 443.0, 458.0, 473.0, 488.0, 503.0, 518.0, 533.0], "EnergyRegenRate": [1.2300000190734863, 1.2799999713897705, 1.3300000429153442, 1.3799999952316284, 1.4299999475479126, 1.4800000190734863, 1.5299999713897705, 1.5800000429153442, 1.6299999952316284, 1.6799999475479126, 1.7300000190734863, 1.7799999713897705, 1.8300000429153442, 1.8799999952316284, 1.9299999475479126, 1.9800000190734863, 2.0299999713897705, 2.0799999237060547, 2.130000114440918, 2.180000066757202], "MaxEnergy": [248.0, 263.0, 278.0, 293.0, 308.0, 323.0, 338.0, 353.0, 368.0, 383.0, 398.0, 413.0, 428.0, 443.0, 458.0, 473.0, 488.0, 503.0, 518.0, 533.0], "AbilityResistanceRating": [30.0], "BasicResistanceRating": [20.200000762939453, 22.799999237060547, 25.299999237060547, 27.899999618530273, 30.5, 33.099998474121094, 35.70000076293945, 38.29999923706055, 40.900001525878906, 43.5, 46.099998474121094, 48.70000076293945, 51.29999923706055, 53.900001525878906, 56.400001525878906, 59.0, 61.599998474121094, 64.19999694824219, 66.80000305175781, 69.4000015258789], "CriticallyWoundedThresholdPCT": [0.25], "Health": [583.0, 645.0, 708.0, 770.0, 833.0, 895.0, 957.0, 1020.0, 1082.0, 1145.0, 1207.0, 1269.0, 1332.0, 1394.0, 1457.0, 1519.0, 1581.0, 1644.0, 1706.0, 1769.0], "HealthRegenRate": [0.9700000286102295, 1.0800000429153442, 1.1799999475479126, 1.2799999713897705, 1.3899999856948853, 1.4900000095367432, 1.600000023841858, 1.7000000476837158, 1.7999999523162842, 1.909999966621399, 2.009999990463257, 2.119999885559082, 2.2200000286102295, 2.319999933242798, 2.430000066757202, 2.5299999713897705, 2.640000104904175, 2.740000009536743, 2.8399999141693115, 2.950000047683716], "MaxHealth": [583.0, 645.0, 708.0, 770.0, 833.0, 895.0, 957.0, 1020.0, 1082.0, 1145.0, 1207.0, 1269.0, 1332.0, 1394.0, 1457.0, 1519.0, 1581.0, 1644.0, 1706.0, 1769.0], "MaxMoveSpeed": [680.0], "VisionRadius": [5000.0], "CXPBounty": [550.0], "CXPSpawnTime": [1.5], "GainXPFromKills": [1.0], "MaxCardLevel": [20.0], "MaxLevel": [20.0], "XPBounty": [55.0, 66.96094512939453, 78.8006591796875, 90.35697174072266, 101.83509063720703, 135.3509063720703, 148.71578979492188, 162.11434936523438, 175.35400390625, 182.0854949951172, 220.5879669189453, 228.08668518066406, 235.84031677246094, 243.85751342773438, 252.1472625732422, 297.96435546875, 308.0934143066406, 318.5668029785156, 329.396240234375, 340.59381103515625], "XPToLevel": [110.0, 133.92189025878906, 157.601318359375, 180.7139434814453, 203.67018127441406, 225.5848388671875, 247.8596649169922, 270.1905822753906, 292.2566833496094, 303.475830078125, 315.12567138671875, 325.8381042480469, 336.91473388671875, 348.3678894042969, 360.21038818359375, 372.4554443359375, 385.11676025390625, 398.2085266113281, 411.74530029296875, 425.74224853515625]}}