{"Abilities": {"Alternate": {"Cooldown": [8.0, 8.0, 8.0, 8.0], "Cost": [-75.0, -85.0, -95.0, -105.0], "ARC": [1.6714285612106323, 1.6714285612106323, 1.6714285612106323, 1.6714285612106323], "Armor.Energy": [20.0, 40.0, 60.0, 80.0], "Armor.Physical": [20.0, 40.0, 60.0, 80.0], "BasePower": [87.75, 134.5500030517578, 181.35000610351562, 228.14999389648438], "Duration": [2.5, 2.5, 2.5, 2.5]}, "Primary": {"Cooldown": [12.0, 12.0, 12.0, 12.0], "Cost": [-100.0, -100.0, -100.0, -100.0], "ARC": [1.6714285612106323, 1.6714285612106323, 1.6714285612106323, 1.6714285612106323], "BasePower": [70.19999694824219, 117.0, 163.8000030517578, 210.60000610351562], "Duration": [1.75, 2.25, 2.75, 3.25]}, "Secondary": {"Cooldown": [1.0, 1.0, 1.0, 1.0], "Cost": [0.0, 0.0, 0.0, 0.0], "ARC": [0.0, 0.0, 0.0, 0.0], "BasePower": [0.0, 0.0, 0.0, 0.0], "LifeSteal": [7.5, 10.0, 12.5, 15.0], "LifeSteal.Personal": [7.5, 10.0, 12.5, 15.0]}, "Ultimate": {"Cooldown": [85.0, 75.0, 65.0], "Cost": [-100.0, -100.0, -100.0], "ARC": [3.1339285373687744, 3.1339285373687744, 3.1339285373687744], "BasePower": [210.60000610351562, 298.3500061035156, 386.1000061035156], "Duration": [0.550000011920929, 0.550000011920929, 0.550000011920929], "Slow": [-250.0, -250.0, -250.0], "SlowDuration": [2.0, 2.0, 2.0]}}, "Stats": {"AbilityPenetrationRating": [0.0], "AttackRating": [0.0], "AttackSpeedRating": [100.0, 102.25, 104.5, 106.75, 109.0, 111.25, 113.5, 115.75, 118.0, 120.25, 122.5, 124.75, 127.0, 129.25, 131.5, 133.75, 136.0, 138.25, 140.5, 142.75], "BaseAttackTime": [0.8500000238418579], "BasicPenetrationRating": [0.0], "CleaveRating": [0.10000000149011612], "CriticalDamageBonus": [1.0], "LeftClickARC": [1.0], "LeftClickBasePower": [59.400001525878906, 63.247501373291016, 67.09500122070312, 70.94249725341797, 74.79000091552734, 78.63749694824219, 82.48500061035156, 86.3324966430664, 90.18000030517578, 94.02749633789062, 97.875, 101.72250366210938, 105.56999969482422, 109.4175033569336, 113.26499938964844, 117.11250305175781, 120.95999908447266, 124.80750274658203, 128.65499877929688, 132.50250244140625], "Energy": [303.6000061035156, 320.8500061035156, 338.1000061035156, 355.3500061035156, 372.6000061035156, 389.8500061035156, 407.1000061035156, 424.3500061035156, 441.6000061035156, 458.8500061035156, 476.1000061035156, 493.3500061035156, 510.6000061035156, 527.8499755859375, 545.0999755859375, 562.3499755859375, 579.5999755859375, 596.8499755859375, 614.0999755859375, 631.3499755859375], "EnergyRegenRate": [1.4119999408721924, 1.469499945640564, 1.5269999504089355, 1.5844999551773071, 1.6419999599456787, 1.6994999647140503, 1.7569999694824219, 1.8144999742507935, 1.871999979019165, 1.9294999837875366, 1.9869999885559082, 2.0445001125335693, 2.1019999980926514, 2.1594998836517334, 2.2170000076293945, 2.2744998931884766, 2.3320000171661377, 2.3894999027252197, 2.447000026702881, 2.504499912261963], "MaxEnergy": [303.6000061035156, 320.8500061035156, 338.1000061035156, 355.3500061035156, 372.6000061035156, 389.8500061035156, 407.1000061035156, 424.3500061035156, 441.6000061035156, 458.8500061035156, 476.1000061035156, 493.3500061035156, 510.6000061035156, 527.8499755859375, 545.0999755859375, 562.3499755859375, 579.5999755859375, 596.8499755859375, 614.0999755859375, 631.3499755859375], "AbilityResistanceRating": [25.0], "BasicResistanceRating": [25.200000762939453, 28.115999221801758, 31.031999588012695, 33.948001861572266, 36.86399841308594, 39.779998779296875, 42.69599914550781, 45.61199951171875, 48.52799987792969, 51.444000244140625, 54.36000061035156, 57.2760009765625, 60.19200134277344, 63.108001708984375, 66.02400207519531, 68.94000244140625, 71.85600280761719, 74.77200317382812, 77.68800354003906, 80.60399627685547], "CriticallyWoundedThresholdPCT": [0.25], "Health": [685.9000244140625, 763.9000244140625, 841.9000244140625, 919.9000244140625, 997.9000244140625, 1075.9000244140625, 1153.9000244140625, 1231.9000244140625, 1309.9000244140625, 1387.9000244140625, 1465.9000244140625, 1543.9000244140625, 1621.9000244140625, 1699.9000244140625, 1777.9000244140625, 1855.9000244140625, 1933.9000244140625, 2011.9000244140625, 2089.89990234375, 2167.89990234375], "HealthRegenRate": [1.1431666612625122, 1.2731666564941406, 1.403166651725769, 1.5331666469573975, 1.6631666421890259, 1.7931666374206543, 1.9231666326522827, 2.053166627883911, 2.183166742324829, 2.313166618347168, 2.443166732788086, 2.573166608810425, 2.7031667232513428, 2.8331665992736816, 2.9631667137145996, 3.0931665897369385, 3.2231667041778564, 3.3531665802001953, 3.4831666946411133, 3.613166570663452], "MaxHealth": [685.9000244140625, 763.9000244140625, 841.9000244140625, 919.9000244140625, 997.9000244140625, 1075.9000244140625, 1153.9000244140625, 1231.9000244140625, 1309.9000244140625, 1387.9000244140625, 1465.9000244140625, 1543.9000244140625, 1621.9000244140625, 1699.9000244140625, 1777.9000244140625, 1855.9000244140625, 1933.9000244140625, 2011.9000244140625, 2089.89990234375, 2167.89990234375], "MaxMoveSpeed": [715.0], "VisionRadius": [5000.0], "CXPBounty": [455.0], "CXPSpawnTime": [1.5], "GainXPFromKills": [1.0], "MaxCardLevel": [20.0], "MaxLevel": [20.0], "XPBounty": [55.0, 66.96094512939453, 78.8006591796875, 90.35697174072266, 101.83509063720703, 135.3509063720703, 148.71578979492188, 162.11434936523438, 175.35400390625, 182.0854949951172, 220.5879669189453, 228.08668518066406, 235.84031677246094, 243.85751342773438, 252.1472625732422, 297.96435546875, 308.0934143066406, 318.5668029785156, 329.396240234375, 340.59381103515625], "XPToLevel": [110.0, 133.92189025878906, 157.601318359375, 180.7139434814453, 203.67018127441406, 225.5848388671875, 247.8596649169922, 270.1905822753906, 292.2566833496094, 303.475830078125, 315.12567138671875, 325.8381042480469, 336.91473388671875, 348.3678894042969, 360.21038818359375, 372.4554443359375, 385.11676025390625, 398.2085266113281, 411.74530029296875, 425.74224853515625]}}