{"Abilities": {"Alternate": {"Cooldown": [10.0, 10.0, 10.0, 10.0], "Cost": [-50.0, -55.0, -60.0, -65.0], "ARC": [1.6699999570846558, 1.6699999570846558, 1.6699999570846558, 1.6699999570846558], "Armor.Energy": [20.0, 40.0, 60.0, 80.0], "Armor.Physical": [20.0, 40.0, 60.0, 80.0], "BasePower": [105.0, 152.0, 199.0, 246.0], "Duration": [5.0, 5.0, 5.0, 5.0]}, "Primary": {"Cooldown": [12.0, 12.0, 12.0, 12.0], "Cost": [-75.0, -75.0, -75.0, -75.0], "Range": [1300.0, 1300.0, 1300.0, 1300.0], "ARC": [1.6699999570846558, 1.6699999570846558, 1.6699999570846558, 1.6699999570846558], "BasePower": [99.0, 146.0, 193.0, 240.0], "Duration": [2.0, 2.5, 3.0, 3.5]}, "Secondary": {"Cooldown": [1.0, 1.0, 1.0, 1.0], "Cost": [0.0, 0.0, 0.0, 0.0], "ARC": [0.0, 0.0, 0.0, 0.0], "BasePower": [0.0, 0.0, 0.0, 0.0], "LifeSteal": [7.5, 10.0, 12.5, 15.0], "LifeSteal.Personal": [7.5, 10.0, 12.5, 15.0]}, "Ultimate": {"Cooldown": [80.0, 65.0, 50.0], "Cost": [-75.0, -75.0, -75.0], "ARC": [3.3399999141693115, 3.3399999141693115, 3.3399999141693115], "BasePower": [234.0, 328.0, 421.0], "Duration": [0.550000011920929, 0.550000011920929, 0.550000011920929], "Slow": [-0.4000000059604645, -0.4000000059604645, -0.4000000059604645], "SlowDuration": [2.0, 2.0, 2.0]}}, "Stats": {"AbilityPenetrationRating": [0.0], "AttackRating": [0.0], "AttackSpeedRating": [100.0, 100.9000015258789, 101.80000305175781, 102.69999694824219, 103.5999984741211, 104.5, 105.4000015258789, 106.30000305175781, 107.19999694824219, 108.0999984741211, 109.0, 109.9000015258789, 110.80000305175781, 111.69999694824219, 112.5999984741211, 113.5, 114.4000015258789, 115.30000305175781, 116.19999694824219, 117.0999984741211], "BaseAttackTime": [0.8500000238418579], "BasicPenetrationRating": [0.0], "CleaveRating": [0.10000000149011612], "CriticalDamageBonus": [1.0], "LeftClickARC": [1.0], "LeftClickBasePower": [64.80000305175781, 68.4000015258789, 71.9000015258789, 75.5, 79.0, 82.5999984741211, 86.19999694824219, 89.69999694824219, 93.30000305175781, 96.9000015258789, 100.4000015258789, 104.0, 107.5999984741211, 111.0999984741211, 114.69999694824219, 118.19999694824219, 121.80000305175781, 125.4000015258789, 128.89999389648438, 132.5], "Energy": [304.0, 321.0, 338.0, 355.0, 373.0, 390.0, 407.0, 424.0, 442.0, 459.0, 476.0, 493.0, 511.0, 528.0, 545.0, 562.0, 580.0, 597.0, 614.0, 631.0], "EnergyRegenRate": [1.409999966621399, 1.4700000286102295, 1.5299999713897705, 1.5800000429153442, 1.6399999856948853, 1.7000000476837158, 1.7599999904632568, 1.809999942779541, 1.8700000047683716, 1.9299999475479126, 1.9900000095367432, 2.0399999618530273, 2.0999999046325684, 2.1600000858306885, 2.2200000286102295, 2.2699999809265137, 2.3299999237060547, 2.390000104904175, 2.450000047683716, 2.5], "MaxEnergy": [304.0, 321.0, 338.0, 355.0, 373.0, 390.0, 407.0, 424.0, 442.0, 459.0, 476.0, 493.0, 511.0, 528.0, 545.0, 562.0, 580.0, 597.0, 614.0, 631.0], "AbilityResistanceRating": [30.0], "BasicResistanceRating": [17.899999618530273, 21.200000762939453, 24.5, 27.899999618530273, 31.200000762939453, 34.599998474121094, 37.900001525878906, 41.29999923706055, 44.599998474121094, 48.0, 51.29999923706055, 54.70000076293945, 58.0, 61.400001525878906, 64.69999694824219, 68.0999984741211, 71.4000015258789, 74.80000305175781, 78.0999984741211, 81.5], "CriticallyWoundedThresholdPCT": [0.25], "Health": [686.0, 760.0, 834.0, 908.0, 982.0, 1056.0, 1131.0, 1205.0, 1279.0, 1353.0, 1427.0, 1501.0, 1575.0, 1649.0, 1723.0, 1797.0, 1872.0, 1946.0, 2020.0, 2094.0], "HealthRegenRate": [1.1399999856948853, 1.2699999809265137, 1.3899999856948853, 1.5099999904632568, 1.6399999856948853, 1.7599999904632568, 1.8799999952316284, 2.009999990463257, 2.130000114440918, 2.25, 2.380000114440918, 2.5, 2.630000114440918, 2.75, 2.869999885559082, 3.0, 3.119999885559082, 3.240000009536743, 3.369999885559082, 3.490000009536743], "MaxHealth": [686.0, 760.0, 834.0, 908.0, 982.0, 1056.0, 1131.0, 1205.0, 1279.0, 1353.0, 1427.0, 1501.0, 1575.0, 1649.0, 1723.0, 1797.0, 1872.0, 1946.0, 2020.0, 2094.0], "MaxMoveSpeed": [675.0], "VisionRadius": [5000.0], "CXPBounty": [550.0], "CXPSpawnTime": [1.5], "GainXPFromKills": [1.0], "MaxCardLevel": [20.0], "MaxLevel": [20.0], "XPBounty": [38.5, 51.10177230834961, 65.11422729492188, 80.37014770507812, 97.01132202148438, 114.57335662841797, 133.71376037597656, 154.2930450439453, 176.12310791015625, 192.4675750732422, 209.80735778808594, 227.22921752929688, 245.59310913085938, 264.94293212890625, 285.32452392578125, 306.7856750488281, 329.3761901855469, 353.1480712890625, 378.1555480957031, 404.45513916015625], "XPToLevel": [110.0, 133.92189025878906, 157.601318359375, 180.7139434814453, 203.67018127441406, 225.5848388671875, 247.8596649169922, 270.1905822753906, 292.2566833496094, 303.475830078125, 315.12567138671875, 325.8381042480469, 336.91473388671875, 348.3678894042969, 360.21038818359375, 372.4554443359375, 385.11676025390625, 398.2085266113281, 411.74530029296875, 425.74224853515625]}}