{"Abilities": {"Alternate": {"Cooldown": [10.0, 10.0, 10.0, 10.0], "Cost": [-75.0, -85.0, -95.0, -105.0], "ARC": [1.6699999570846558, 1.6699999570846558, 1.6699999570846558, 1.6699999570846558], "Armor.Energy": [20.0, 40.0, 60.0, 80.0], "Armor.Physical": [20.0, 40.0, 60.0, 80.0], "BasePower": [88.0, 135.0, 181.0, 228.0], "Duration": [2.5, 2.5, 2.5, 2.5]}, "Primary": {"Cooldown": [12.0, 12.0, 12.0, 12.0], "Cost": [-100.0, -100.0, -100.0, -100.0], "Range": [1300.0, 1300.0, 1300.0, 1300.0], "ARC": [1.6699999570846558, 1.6699999570846558, 1.6699999570846558, 1.6699999570846558], "BasePower": [70.0, 117.0, 164.0, 211.0], "Duration": [1.75, 2.25, 2.75, 3.25]}, "Secondary": {"Cooldown": [1.0, 1.0, 1.0, 1.0], "Cost": [0.0, 0.0, 0.0, 0.0], "ARC": [0.0, 0.0, 0.0, 0.0], "BasePower": [0.0, 0.0, 0.0, 0.0], "LifeSteal": [7.5, 10.0, 12.5, 15.0], "LifeSteal.Personal": [7.5, 10.0, 12.5, 15.0]}, "Ultimate": {"Cooldown": [110.0, 95.0, 80.0], "Cost": [-100.0, -100.0, -100.0], "ARC": [3.130000114440918, 3.130000114440918, 3.130000114440918], "BasePower": [211.0, 298.0, 386.0], "Duration": [0.550000011920929, 0.550000011920929, 0.550000011920929], "Slow": [-0.30000001192092896, -0.30000001192092896, -0.30000001192092896], "SlowDuration": [2.0, 2.0, 2.0]}}, "Stats": {"AbilityPenetrationRating": [0.0], "AttackRating": [0.0], "AttackSpeedRating": [100.0, 100.9000015258789, 101.80000305175781, 102.69999694824219, 103.5999984741211, 104.5, 105.4000015258789, 106.30000305175781, 107.19999694824219, 108.0999984741211, 109.0, 109.9000015258789, 110.80000305175781, 111.69999694824219, 112.5999984741211, 113.5, 114.4000015258789, 115.30000305175781, 116.19999694824219, 117.0999984741211], "BaseAttackTime": [0.8500000238418579], "BasicPenetrationRating": [0.0], "CleaveRating": [0.10000000149011612], "CriticalDamageBonus": [1.0], "LeftClickARC": [1.0], "LeftClickBasePower": [59.400001525878906, 63.20000076293945, 67.0999984741211, 70.9000015258789, 74.80000305175781, 78.5999984741211, 82.5, 86.30000305175781, 90.19999694824219, 94.0, 97.9000015258789, 101.69999694824219, 105.5999984741211, 109.4000015258789, 113.30000305175781, 117.0999984741211, 121.0, 124.80000305175781, 128.6999969482422, 132.5], "Energy": [304.0, 321.0, 338.0, 355.0, 373.0, 390.0, 407.0, 424.0, 442.0, 459.0, 476.0, 493.0, 511.0, 528.0, 545.0, 562.0, 580.0, 597.0, 614.0, 631.0], "EnergyRegenRate": [1.409999966621399, 1.4700000286102295, 1.5299999713897705, 1.5800000429153442, 1.6399999856948853, 1.7000000476837158, 1.7599999904632568, 1.809999942779541, 1.8700000047683716, 1.9299999475479126, 1.9900000095367432, 2.0399999618530273, 2.0999999046325684, 2.1600000858306885, 2.2200000286102295, 2.2699999809265137, 2.3299999237060547, 2.390000104904175, 2.450000047683716, 2.5], "MaxEnergy": [304.0, 321.0, 338.0, 355.0, 373.0, 390.0, 407.0, 424.0, 442.0, 459.0, 476.0, 493.0, 511.0, 528.0, 545.0, 562.0, 580.0, 597.0, 614.0, 631.0], "AbilityResistanceRating": [30.0], "BasicResistanceRating": [25.200000762939453, 28.100000381469727, 31.0, 33.900001525878906, 36.900001525878906, 39.79999923706055, 42.70000076293945, 45.599998474121094, 48.5, 51.400001525878906, 54.400001525878906, 57.29999923706055, 60.20000076293945, 63.099998474121094, 66.0, 68.9000015258789, 71.9000015258789, 74.80000305175781, 77.69999694824219, 80.5999984741211], "CriticallyWoundedThresholdPCT": [0.25], "Health": [686.0, 760.0, 834.0, 908.0, 982.0, 1056.0, 1131.0, 1205.0, 1279.0, 1353.0, 1427.0, 1501.0, 1575.0, 1649.0, 1723.0, 1797.0, 1872.0, 1946.0, 2020.0, 2094.0], "HealthRegenRate": [1.1399999856948853, 1.2699999809265137, 1.3899999856948853, 1.5099999904632568, 1.6399999856948853, 1.7599999904632568, 1.8799999952316284, 2.009999990463257, 2.130000114440918, 2.25, 2.380000114440918, 2.5, 2.630000114440918, 2.75, 2.869999885559082, 3.0, 3.119999885559082, 3.240000009536743, 3.369999885559082, 3.490000009536743], "MaxHealth": [686.0, 760.0, 834.0, 908.0, 982.0, 1056.0, 1131.0, 1205.0, 1279.0, 1353.0, 1427.0, 1501.0, 1575.0, 1649.0, 1723.0, 1797.0, 1872.0, 1946.0, 2020.0, 2094.0], "MaxMoveSpeed": [715.0], "VisionRadius": [5000.0], "CXPBounty": [550.0], "CXPSpawnTime": [1.5], "GainXPFromKills": [1.0], "MaxCardLevel": [20.0], "MaxLevel": [20.0], "XPBounty": [55.0, 66.96094512939453, 78.8006591796875, 90.35697174072266, 101.83509063720703, 135.3509063720703, 148.71578979492188, 162.11434936523438, 175.35400390625, 182.0854949951172, 220.5879669189453, 228.08668518066406, 235.84031677246094, 243.85751342773438, 252.1472625732422, 297.96435546875, 308.0934143066406, 318.5668029785156, 329.396240234375, 340.59381103515625], "XPToLevel": [110.0, 133.92189025878906, 157.601318359375, 180.7139434814453, 203.67018127441406, 225.5848388671875, 247.8596649169922, 270.1905822753906, 292.2566833496094, 303.475830078125, 315.12567138671875, 325.8381042480469, 336.91473388671875, 348.3678894042969, 360.21038818359375, 372.4554443359375, 385.11676025390625, 398.2085266113281, 411.74530029296875, 425.74224853515625]}}