{"Abilities": {"Alternate": {"Cooldown": [5.0, 5.0, 5.0, 5.0], "Cost": [-75.0, -85.0, -95.0, -105.0], "Range": [1100.0, 1100.0, 1100.0, 1100.0], "ARC": [1.0, 1.0, 1.0, 1.0], "BasePower": [75.0, 125.0, 175.0, 225.0]}, "Primary": {"Cooldown": [15.0, 15.0, 15.0, 15.0], "Cost": [-80.0, -90.0, -100.0, -110.0], "Duration.DoT": [8.0, 8.0, 8.0, 8.0], "Mark.Bonus.Duration": [12.0, 12.0, 12.0, 12.0], "Radius": [500.0, 500.0, 500.0, 500.0], "Range": [1100.0, 1100.0, 1100.0, 1100.0], "Slow.Duration": [1.5, 1.5, 1.5, 1.5], "Slow.Magnitude": [-81.75, -81.75, -81.75, -81.75], "TickRate.DoT": [2.0, 2.0, 2.0, 2.0], "ARC": [0.11999999731779099, 0.11999999731779099, 0.11999999731779099, 0.11999999731779099], "BasePower": [20.0, 32.0, 44.0, 56.0]}, "Secondary": {"Cooldown": [15.0, 15.0, 15.0, 15.0], "Cost": [-100.0, -120.0, -140.0, -160.0], "Duration": [2.5, 3.0, 3.5, 4.0], "Movespeed.Max": [150.0, 150.0, 150.0, 150.0], "Movespeed.Stacks.Max": [10.0, 10.0, 10.0, 10.0], "Regen.Duration": [4.0, 4.0, 4.0, 4.0], "Regen.Magnitude": [6.480000019073486, 13.079999923706055, 19.68000030517578, 26.280000686645508], "Regen.Stacks.Max": [5.0, 5.0, 5.0, 5.0], "ARC": [0.26750001311302185, 0.26750001311302185, 0.26750001311302185, 0.26750001311302185], "BasePower": [43.20000076293945, 59.70000076293945, 76.19999694824219, 92.69999694824219]}, "Ultimate": {"Cooldown": [90.0, 80.0, 70.0], "Cost": [-100.0, -100.0, -100.0], "ARC": [0.9810000061988831, 0.9810000061988831, 0.9810000061988831], "BasePower": [192.60000610351562, 279.79998779296875, 367.0]}}, "Stats": {"AbilityPenetrationRating": [0.0], "AttackRating": [0.0], "AttackSpeedRating": [100.0], "BaseAttackTime": [1.2000000476837158], "BasicPenetrationRating": [0.0], "CleaveRating": [0.0], "CriticalDamageBonus": [1.5], "LeftClickARC": [0.30000001192092896], "LeftClickBasePower": [56.709999084472656, 58.4379997253418, 60.16600036621094, 61.89400100708008, 63.62200164794922, 65.3499984741211, 67.0780029296875, 68.80599975585938, 70.53399658203125, 72.26200103759766, 73.98999786376953, 75.71800231933594, 77.44599914550781, 79.17400360107422, 80.9020004272461, 82.62999725341797, 84.35800170898438, 86.08599853515625, 87.81400299072266, 89.54199981689453], "Energy": [280.0, 348.0, 416.0, 484.0, 552.0, 620.0, 688.0, 756.0, 824.0, 892.0, 960.0, 1028.0, 1096.0, 1164.0, 1232.0, 1300.0, 1368.0, 1436.0, 1504.0, 1572.0], "EnergyRegenRate": [1.4040000438690186, 1.6928999423980713, 1.9817999601364136, 2.270699977874756, 2.5596001148223877, 2.8485000133514404, 3.137399911880493, 3.426300048828125, 3.7151999473571777, 4.0040998458862305, 4.293000221252441, 4.581900119781494, 4.870800018310547, 5.1596999168396, 5.448599815368652, 5.737500190734863, 6.026400089263916, 6.315299987792969, 6.6041998863220215, 6.893099784851074], "MaxEnergy": [280.0, 348.0, 416.0, 484.0, 552.0, 620.0, 688.0, 756.0, 824.0, 892.0, 960.0, 1028.0, 1096.0, 1164.0, 1232.0, 1300.0, 1368.0, 1436.0, 1504.0, 1572.0], "AbilityResistanceRating": [21.399999618530273, 22.209999084472656, 23.020000457763672, 23.829999923706055, 24.639999389648438, 25.450000762939453, 26.260000228881836, 27.06999969482422, 27.8799991607666, 28.690000534057617, 29.5, 30.309999465942383, 31.1200008392334, 31.93000030517578, 32.7400016784668, 33.54999923706055, 34.36000061035156, 35.16999816894531, 35.97999954223633, 36.790000915527344], "BasicResistanceRating": [8.720000267028809, 9.789999961853027, 10.859999656677246, 11.930000305175781, 13.0, 14.069999694824219, 15.140000343322754, 16.209999084472656, 17.280000686645508, 18.350000381469727, 19.420000076293945, 20.489999771118164, 21.559999465942383, 22.6299991607666, 23.700000762939453, 24.770000457763672, 25.84000015258789, 26.90999984741211, 27.979999542236328, 29.049999237060547], "CriticallyWoundedThresholdPCT": [0.25], "Health": [520.0, 589.4219970703125, 658.843994140625, 728.2659912109375, 797.68798828125, 867.1099853515625, 936.531982421875, 1005.9539794921875, 1075.3759765625, 1144.7979736328125, 1214.219970703125, 1283.6419677734375, 1353.06396484375, 1422.4859619140625, 1491.907958984375, 1561.3299560546875, 1630.751953125, 1700.1739501953125, 1769.595947265625, 1839.0179443359375], "HealthRegenRate": [1.3624999523162842, 1.5785000324249268, 1.7944999933242798, 2.010499954223633, 2.2265000343322754, 2.442500114440918, 2.6584999561309814, 2.874500036239624, 3.0905001163482666, 3.30649995803833, 3.5225000381469727, 3.7385001182556152, 3.9544999599456787, 4.170499801635742, 4.386499881744385, 4.602499961853027, 4.81850004196167, 5.0345001220703125, 5.250500202178955, 5.4664998054504395], "MaxHealth": [520.0, 589.4219970703125, 658.843994140625, 728.2659912109375, 797.68798828125, 867.1099853515625, 936.531982421875, 1005.9539794921875, 1075.3759765625, 1144.7979736328125, 1214.219970703125, 1283.6419677734375, 1353.06396484375, 1422.4859619140625, 1491.907958984375, 1561.3299560546875, 1630.751953125, 1700.1739501953125, 1769.595947265625, 1839.0179443359375], "MaxMoveSpeed": [720.0], "VisionRadius": [5000.0], "CXPBounty": [675.0], "CXPSpawnTime": [1.5], "GainXPFromKills": [1.0], "MaxCardLevel": [20.0], "MaxLevel": [15.0], "XPBounty": [49.5, 65.25, 83.25, 101.25, 121.5, 144.0, 166.5, 189.0, 213.75, 238.5, 263.25, 285.75, 306.0, 324.0, 338.8500061035156, 551.4072875976562, 651.6632080078125, 770.1473999023438, 910.1741943359375, 1075.660400390625], "XPToLevel": [110.0, 145.0, 185.0, 225.0, 270.0, 320.0, 370.0, 420.0, 475.0, 530.0, 585.0, 635.0, 680.0, 720.0, 753.0, 1225.349609375, 1448.140380859375, 1711.438720703125, 2022.609375, 2390.3564453125]}}