{"Abilities": {"Alternate": {"Cooldown": [3.0, 3.0, 3.0, 3.0], "Cost": [-80.0, -85.0, -90.0, -95.0], "Range": [1100.0, 1100.0, 1100.0, 1100.0], "ARC": [1.8799999952316284, 1.8799999952316284, 1.8799999952316284, 1.8799999952316284], "BasePower": [88.0, 140.0, 193.0, 246.0]}, "Primary": {"Cooldown": [11.0, 11.0, 11.0, 11.0], "Cost": [-110.0, -120.0, -130.0, -140.0], "Duration.DoT": [8.0, 8.0, 8.0, 8.0], "Radius": [500.0, 500.0, 500.0, 500.0], "Range": [1100.0, 1100.0, 1100.0, 1100.0], "Slow.Duration": [1.5, 1.5, 1.5, 1.5], "Slow.Magnitude": [-75.0, -75.0, -75.0, -75.0], "TickRate.DoT": [2.0, 2.0, 2.0, 2.0], "ARC": [0.5799999833106995, 0.5799999833106995, 0.5799999833106995, 0.5799999833106995], "BasePower": [21.0, 37.0, 54.0, 70.0]}, "Secondary": {"Cooldown": [8.0, 8.0, 8.0, 8.0], "Cost": [-80.0, -80.0, -80.0, -80.0], "Duration": [2.5, 3.0, 3.5, 4.0], "Movespeed.Max": [250.0, 250.0, 250.0, 250.0], "Movespeed.Stacks.Max": [10.0, 10.0, 10.0, 10.0], "Regen.Duration": [4.0, 4.0, 4.0, 4.0], "Regen.Magnitude": [6.0, 12.0, 18.0, 24.0], "Regen.Stacks.Max": [5.0, 5.0, 5.0, 5.0], "ARC": [1.6699999570846558, 1.6699999570846558, 1.6699999570846558, 1.6699999570846558], "BasePower": [94.0, 140.0, 187.0, 234.0]}, "Ultimate": {"Cooldown": [100.0, 90.0, 80.0], "Cost": [-100.0, -140.0, -180.0], "ARC": [4.179999828338623, 4.179999828338623, 4.179999828338623], "BasePower": [263.0, 380.0, 497.0]}}, "Stats": {"AbilityPenetrationRating": [0.0], "AttackRating": [0.0], "AttackSpeedRating": [100.0], "BaseAttackTime": [0.949999988079071], "BasicPenetrationRating": [0.0], "CleaveRating": [0.0], "CriticalDamageBonus": [1.0], "LeftClickARC": [1.0], "LeftClickBasePower": [52.900001525878906, 55.0, 57.0, 59.0, 61.099998474121094, 63.099998474121094, 65.19999694824219, 67.19999694824219, 69.19999694824219, 71.30000305175781, 73.30000305175781, 75.4000015258789, 77.4000015258789, 79.4000015258789, 81.5, 83.5, 85.5999984741211, 87.5999984741211, 89.5999984741211, 91.69999694824219], "Energy": [390.0, 416.0, 442.0, 468.0, 494.0, 521.0, 547.0, 573.0, 599.0, 625.0, 651.0, 677.0, 703.0, 729.0, 755.0, 782.0, 808.0, 834.0, 860.0, 886.0], "EnergyRegenRate": [1.7000000476837158, 1.7899999618530273, 1.8700000047683716, 1.9600000381469727, 2.049999952316284, 2.130000114440918, 2.2200000286102295, 2.309999942779541, 2.4000000953674316, 2.4800000190734863, 2.569999933242798, 2.6600000858306885, 2.740000009536743, 2.8299999237060547, 2.9200000762939453, 3.009999990463257, 3.0899999141693115, 3.180000066757202, 3.2699999809265137, 3.3499999046325684], "MaxEnergy": [390.0, 416.0, 442.0, 468.0, 494.0, 521.0, 547.0, 573.0, 599.0, 625.0, 651.0, 677.0, 703.0, 729.0, 755.0, 782.0, 808.0, 834.0, 860.0, 886.0], "AbilityResistanceRating": [25.0], "BasicResistanceRating": [19.200000762939453, 21.200000762939453, 23.299999237060547, 25.299999237060547, 27.299999237060547, 29.299999237060547, 31.399999618530273, 33.400001525878906, 35.400001525878906, 37.400001525878906, 39.5, 41.5, 43.5, 45.5, 47.599998474121094, 49.599998474121094, 51.599998474121094, 53.599998474121094, 55.70000076293945, 57.70000076293945], "CriticallyWoundedThresholdPCT": [0.25], "Health": [606.0, 670.0, 734.0, 797.0, 861.0, 925.0, 988.0, 1052.0, 1116.0, 1179.0, 1243.0, 1307.0, 1370.0, 1434.0, 1498.0, 1561.0, 1625.0, 1688.0, 1752.0, 1816.0], "HealthRegenRate": [1.0099999904632568, 1.1200000047683716, 1.2200000286102295, 1.3300000429153442, 1.440000057220459, 1.5399999618530273, 1.649999976158142, 1.75, 1.8600000143051147, 1.9700000286102295, 2.069999933242798, 2.180000066757202, 2.2799999713897705, 2.390000104904175, 2.5, 2.5999999046325684, 2.7100000381469727, 2.809999942779541, 2.9200000762939453, 3.0299999713897705], "MaxHealth": [606.0, 670.0, 734.0, 797.0, 861.0, 925.0, 988.0, 1052.0, 1116.0, 1179.0, 1243.0, 1307.0, 1370.0, 1434.0, 1498.0, 1561.0, 1625.0, 1688.0, 1752.0, 1816.0], "MaxMoveSpeed": [695.0], "VisionRadius": [5000.0], "CXPBounty": [550.0], "CXPSpawnTime": [1.5], "GainXPFromKills": [1.0], "MaxCardLevel": [20.0], "MaxLevel": [20.0], "XPBounty": [55.0, 66.96094512939453, 78.8006591796875, 90.35697174072266, 101.83509063720703, 135.3509063720703, 148.71578979492188, 162.11434936523438, 175.35400390625, 182.0854949951172, 220.5879669189453, 228.08668518066406, 235.84031677246094, 243.85751342773438, 252.1472625732422, 297.96435546875, 308.0934143066406, 318.5668029785156, 329.396240234375, 340.59381103515625], "XPToLevel": [110.0, 133.92189025878906, 157.601318359375, 180.7139434814453, 203.67018127441406, 225.5848388671875, 247.8596649169922, 270.1905822753906, 292.2566833496094, 303.475830078125, 315.12567138671875, 325.8381042480469, 336.91473388671875, 348.3678894042969, 360.21038818359375, 372.4554443359375, 385.11676025390625, 398.2085266113281, 411.74530029296875, 425.74224853515625]}}