{"Abilities": {"Alternate": {"Cooldown": [3.0, 3.0, 3.0, 3.0], "Cost": [-80.0, -85.0, -90.0, -95.0], "Range": [1100.0, 1100.0, 1100.0, 1100.0], "ARC": [1.8803571462631226, 1.8803571462631226, 1.8803571462631226, 1.8803571462631226], "BasePower": [87.75, 140.39999389648438, 193.0500030517578, 245.6999969482422]}, "Primary": {"Cooldown": [11.0, 11.0, 11.0, 11.0], "Cost": [-110.0, -120.0, -130.0, -140.0], "Duration.DoT": [8.0, 8.0, 8.0, 8.0], "Radius": [500.0, 500.0, 500.0, 500.0], "Range": [1100.0, 1100.0, 1100.0, 1100.0], "Slow.Duration": [1.5, 1.5, 1.5, 1.5], "Slow.Magnitude": [-75.0, -75.0, -75.0, -75.0], "TickRate.DoT": [2.0, 2.0, 2.0, 2.0], "ARC": [0.5849999785423279, 0.5849999785423279, 0.5849999785423279, 0.5849999785423279], "BasePower": [21.059999465942383, 37.439998626708984, 53.81999969482422, 70.19999694824219]}, "Secondary": {"Cooldown": [8.0, 8.0, 8.0, 8.0], "Cost": [-80.0, -80.0, -80.0, -80.0], "Duration": [2.5, 3.0, 3.5, 4.0], "Movespeed.Max": [250.0, 250.0, 250.0, 250.0], "Movespeed.Stacks.Max": [10.0, 10.0, 10.0, 10.0], "Regen.Duration": [4.0, 4.0, 4.0, 4.0], "Regen.Magnitude": [6.0, 12.0, 18.0, 24.0], "Regen.Stacks.Max": [5.0, 5.0, 5.0, 5.0], "ARC": [1.6714285612106323, 1.6714285612106323, 1.6714285612106323, 1.6714285612106323], "BasePower": [93.5999984741211, 140.39999389648438, 187.1999969482422, 234.0]}, "Ultimate": {"Cooldown": [100.0, 90.0, 80.0], "Cost": [-100.0, -140.0, -180.0], "ARC": [4.1785712242126465, 4.1785712242126465, 4.1785712242126465], "BasePower": [263.25, 380.25, 497.25]}}, "Stats": {"AbilityPenetrationRating": [0.0], "AttackRating": [0.0], "AttackSpeedRating": [100.0], "BaseAttackTime": [0.949999988079071], "BasicPenetrationRating": [0.0], "CleaveRating": [0.0], "CriticalDamageBonus": [1.0], "LeftClickARC": [1.0], "LeftClickBasePower": [52.91999816894531, 54.959999084472656, 57.0, 59.040000915527344, 61.08000183105469, 63.119998931884766, 65.16000366210938, 67.19999694824219, 69.23999786376953, 71.27999877929688, 73.31999969482422, 75.36000061035156, 77.4000015258789, 79.44000244140625, 81.4800033569336, 83.5199966430664, 85.55999755859375, 87.5999984741211, 89.63999938964844, 91.68000030517578], "Energy": [390.0, 416.1000061035156, 442.20001220703125, 468.29998779296875, 494.3999938964844, 520.5, 546.5999755859375, 572.7000122070312, 598.7999877929688, 624.9000244140625, 651.0, 677.0999755859375, 703.2000122070312, 729.2999877929688, 755.4000244140625, 781.5, 807.5999755859375, 833.7000122070312, 859.7999877929688, 885.9000244140625], "EnergyRegenRate": [1.7000000476837158, 1.7869999408721924, 1.8739999532699585, 1.9609999656677246, 2.0480000972747803, 2.134999990463257, 2.2219998836517334, 2.309000015258789, 2.3959999084472656, 2.4830000400543213, 2.569999933242798, 2.6570000648498535, 2.74399995803833, 2.8310000896453857, 2.9179999828338623, 3.005000114440918, 3.0920000076293945, 3.178999900817871, 3.2660000324249268, 3.3529999256134033], "MaxEnergy": [390.0, 416.1000061035156, 442.20001220703125, 468.29998779296875, 494.3999938964844, 520.5, 546.5999755859375, 572.7000122070312, 598.7999877929688, 624.9000244140625, 651.0, 677.0999755859375, 703.2000122070312, 729.2999877929688, 755.4000244140625, 781.5, 807.5999755859375, 833.7000122070312, 859.7999877929688, 885.9000244140625], "AbilityResistanceRating": [25.0], "BasicResistanceRating": [19.200000762939453, 21.225000381469727, 23.25, 25.274999618530273, 27.299999237060547, 29.325000762939453, 31.350000381469727, 33.375, 35.400001525878906, 37.42499923706055, 39.45000076293945, 41.474998474121094, 43.5, 45.525001525878906, 47.54999923706055, 49.57500076293945, 51.599998474121094, 53.625, 55.650001525878906, 57.67499923706055], "CriticallyWoundedThresholdPCT": [0.25], "Health": [606.47998046875, 670.1279907226562, 733.7760009765625, 797.4240112304688, 861.072021484375, 924.719970703125, 988.3679809570312, 1052.0159912109375, 1115.6639404296875, 1179.31201171875, 1242.9599609375, 1306.6080322265625, 1370.2559814453125, 1433.904052734375, 1497.552001953125, 1561.199951171875, 1624.8480224609375, 1688.4959716796875, 1752.14404296875, 1815.7919921875], "HealthRegenRate": [1.0108000040054321, 1.1168800592422485, 1.2229599952697754, 1.3290400505065918, 1.4351199865341187, 1.541200041770935, 1.647279977798462, 1.7533600330352783, 1.8594399690628052, 1.9655200242996216, 2.0715999603271484, 2.177680015563965, 2.2837600708007812, 2.3898398876190186, 2.495919942855835, 2.6019999980926514, 2.7080800533294678, 2.814160108566284, 2.9202399253845215, 3.026319980621338], "MaxHealth": [606.47998046875, 670.1279907226562, 733.7760009765625, 797.4240112304688, 861.072021484375, 924.719970703125, 988.3679809570312, 1052.0159912109375, 1115.6639404296875, 1179.31201171875, 1242.9599609375, 1306.6080322265625, 1370.2559814453125, 1433.904052734375, 1497.552001953125, 1561.199951171875, 1624.8480224609375, 1688.4959716796875, 1752.14404296875, 1815.7919921875], "MaxMoveSpeed": [695.0], "VisionRadius": [5000.0], "CXPBounty": [455.0], "CXPSpawnTime": [1.5], "GainXPFromKills": [1.0], "MaxCardLevel": [20.0], "MaxLevel": [20.0], "XPBounty": [55.0, 66.96094512939453, 78.8006591796875, 90.35697174072266, 101.83509063720703, 135.3509063720703, 148.71578979492188, 162.11434936523438, 175.35400390625, 182.0854949951172, 220.5879669189453, 228.08668518066406, 235.84031677246094, 243.85751342773438, 252.1472625732422, 297.96435546875, 308.0934143066406, 318.5668029785156, 329.396240234375, 340.59381103515625], "XPToLevel": [110.0, 133.92189025878906, 157.601318359375, 180.7139434814453, 203.67018127441406, 225.5848388671875, 247.8596649169922, 270.1905822753906, 292.2566833496094, 303.475830078125, 315.12567138671875, 325.8381042480469, 336.91473388671875, 348.3678894042969, 360.21038818359375, 372.4554443359375, 385.11676025390625, 398.2085266113281, 411.74530029296875, 425.74224853515625]}}