{"Abilities": {"Alternate": {"Cooldown": [7.0, 7.0, 7.0, 7.0], "Cost": [-80.0, -100.0, -120.0, -140.0], "ARC.PerTick": [0.25999999046325684, 0.25999999046325684, 0.25999999046325684, 0.25999999046325684], "ARC.Total": [2.0899999141693115, 2.0899999141693115, 2.0899999141693115, 2.0899999141693115], "Damage.PerTick": [15.0, 22.0, 29.0, 37.0], "Damage.Total": [117.0, 176.0, 234.0, 293.0], "Duration": [4.0, 4.0, 4.0, 4.0], "Radius": [400.0, 400.0, 400.0, 400.0], "Range": [1300.0, 1300.0, 1300.0, 1300.0], "Slow.Duration": [2.0, 2.0, 2.0, 2.0], "Slow.Magnitude": [-0.25, -0.30000001192092896, -0.3499999940395355, -0.4000000059604645], "TickRate": [0.5, 0.5, 0.5, 0.5], "ARC": [1.0399999618530273, 1.0399999618530273, 1.0399999618530273, 1.0399999618530273], "BasePower": [59.0, 88.0, 117.0, 146.0]}, "Primary": {"Cooldown": [1.0, 1.0, 1.0, 1.0], "Cost": [-35.0, -41.0, -47.0, -53.0], "ARC.PerTick": [0.14000000059604645, 0.14000000059604645, 0.14000000059604645, 0.14000000059604645], "Damage.PerTick": [8.774999618530273, 12.675000190734863, 16.575000762939453, 20.475000381469727], "Duration": [3.0, 3.0, 3.0, 3.0], "TickRate": [0.5, 0.5, 0.5, 0.5], "ARC": [0.8399999737739563, 0.8399999737739563, 0.8399999737739563, 0.8399999737739563], "BasePower": [53.0, 76.0, 99.0, 123.0]}, "Secondary": {"Cooldown": [14.0, 14.0, 14.0, 14.0], "Cost": [-80.0, -100.0, -120.0, -140.0], "Duration": [1.2000000476837158, 1.399999976158142, 1.600000023841858, 1.7999999523162842], "Target.Count": [3.0, 5.0, 7.0, 9.0], "ARC": [1.6699999570846558, 1.6699999570846558, 1.6699999570846558, 1.6699999570846558], "BasePower": [82.0, 129.0, 176.0, 222.0]}, "Ultimate": {"Cooldown": [1.0, 1.0, 1.0], "Cost": [0.0, 0.0, 0.0], "HealPCT": [0.30000001192092896, 0.30000001192092896, 0.30000001192092896], "Health.Reduction": [1.0, 1.0, 1.0], "ManaMult": [1.0, 0.75, 0.5], "ManaRegen.MissingManaMult": [0.03500000014901161, 0.03500000014901161, 0.03500000014901161], "MaxMana.Bonus": [0.0, 0.0, 0.0], "ARC": [0.0, 0.0, 0.0], "BasePower": [0.0, 0.0, 0.0]}}, "Stats": {"AbilityPenetrationRating": [0.0], "AttackRating": [0.0], "AttackSpeedRating": [100.0, 101.0999984741211, 102.19999694824219, 103.30000305175781, 104.4000015258789, 105.5, 106.5999984741211, 107.69999694824219, 108.80000305175781, 109.9000015258789, 111.0, 112.0999984741211, 113.19999694824219, 114.30000305175781, 115.4000015258789, 116.5, 117.5999984741211, 118.69999694824219, 119.80000305175781, 120.9000015258789], "BaseAttackTime": [0.8999999761581421], "BasicPenetrationRating": [0.0], "CleaveRating": [0.0], "CriticalDamageBonus": [1.0], "LeftClickARC": [1.0], "LeftClickBasePower": [52.900001525878906, 54.099998474121094, 55.400001525878906, 56.599998474121094, 57.79999923706055, 59.0, 60.29999923706055, 61.5, 62.70000076293945, 63.900001525878906, 65.19999694824219, 66.4000015258789, 67.5999984741211, 68.80000305175781, 70.0999984741211, 71.30000305175781, 72.5, 73.69999694824219, 75.0, 76.19999694824219], "Energy": [293.0, 318.0, 344.0, 369.0, 395.0, 420.0, 446.0, 471.0, 497.0, 522.0, 548.0, 573.0, 599.0, 624.0, 650.0, 675.0, 701.0, 726.0, 752.0, 777.0], "EnergyRegenRate": [1.0800000429153442, 1.159999966621399, 1.2400000095367432, 1.3300000429153442, 1.4199999570846558, 1.5, 1.590000033378601, 1.6699999570846558, 1.75, 1.840000033378601, 1.9199999570846558, 2.009999990463257, 2.0899999141693115, 2.180000066757202, 2.259999990463257, 2.3499999046325684, 2.430000066757202, 2.5199999809265137, 2.5999999046325684, 2.690000057220459], "MaxEnergy": [293.0, 318.0, 344.0, 369.0, 395.0, 420.0, 446.0, 471.0, 497.0, 522.0, 548.0, 573.0, 599.0, 624.0, 650.0, 675.0, 701.0, 726.0, 752.0, 777.0], "AbilityResistanceRating": [30.0], "BasicResistanceRating": [15.0, 16.5, 18.0, 19.5, 21.0, 22.5, 24.0, 25.5, 27.100000381469727, 28.600000381469727, 30.100000381469727, 31.600000381469727, 33.099998474121094, 34.599998474121094, 36.099998474121094, 37.599998474121094, 39.099998474121094, 40.70000076293945, 42.20000076293945, 43.70000076293945], "CriticallyWoundedThresholdPCT": [0.25], "Health": [595.0, 642.0, 689.0, 735.0, 782.0, 829.0, 876.0, 923.0, 969.0, 1016.0, 1063.0, 1110.0, 1157.0, 1203.0, 1250.0, 1297.0, 1344.0, 1391.0, 1437.0, 1484.0], "HealthRegenRate": [0.9900000095367432, 1.0700000524520874, 1.149999976158142, 1.2300000190734863, 1.2999999523162842, 1.3799999952316284, 1.4600000381469727, 1.5399999618530273, 1.6200000047683716, 1.690000057220459, 1.7699999809265137, 1.850000023841858, 1.9299999475479126, 2.009999990463257, 2.0799999237060547, 2.1600000858306885, 2.240000009536743, 2.319999933242798, 2.4000000953674316, 2.4700000286102295], "MaxHealth": [595.0, 642.0, 689.0, 735.0, 782.0, 829.0, 876.0, 923.0, 969.0, 1016.0, 1063.0, 1110.0, 1157.0, 1203.0, 1250.0, 1297.0, 1344.0, 1391.0, 1437.0, 1484.0], "MaxMoveSpeed": [655.0], "VisionRadius": [5000.0], "CXPBounty": [550.0], "CXPSpawnTime": [1.5], "GainXPFromKills": [1.0], "MaxCardLevel": [20.0], "MaxLevel": [20.0], "XPBounty": [38.5, 51.10177230834961, 65.11422729492188, 80.37014770507812, 97.01132202148438, 114.57335662841797, 133.71376037597656, 154.2930450439453, 176.12310791015625, 192.4675750732422, 209.80735778808594, 227.22921752929688, 245.59310913085938, 264.94293212890625, 285.32452392578125, 306.7856750488281, 329.3761901855469, 353.1480712890625, 378.1555480957031, 404.45513916015625], "XPToLevel": [110.0, 133.92189025878906, 157.601318359375, 180.7139434814453, 203.67018127441406, 225.5848388671875, 247.8596649169922, 270.1905822753906, 292.2566833496094, 303.475830078125, 315.12567138671875, 325.8381042480469, 336.91473388671875, 348.3678894042969, 360.21038818359375, 372.4554443359375, 385.11676025390625, 398.2085266113281, 411.74530029296875, 425.74224853515625]}}