{"Abilities": {"Alternate": {"Cooldown": [7.0, 7.0, 7.0, 7.0], "Cost": [-80.0, -100.0, -120.0, -140.0], "ARC.PerTick": [0.2611607015132904, 0.2611607015132904, 0.2611607015132904, 0.2611607015132904], "ARC.Total": [2.0892856121063232, 2.0892856121063232, 2.0892856121063232, 2.0892856121063232], "Damage.PerTick": [14.625, 21.9375, 29.25, 36.5625], "Damage.Total": [117.0, 175.5, 234.0, 292.5], "Duration": [4.0, 4.0, 4.0, 4.0], "Radius": [400.0, 400.0, 400.0, 400.0], "Range": [1300.0, 1300.0, 1300.0, 1300.0], "TickRate": [0.5, 0.5, 0.5, 0.5], "ARC": [1.0446428060531616, 1.0446428060531616, 1.0446428060531616, 1.0446428060531616], "BasePower": [58.5, 87.75, 117.0, 146.25]}, "Primary": {"Cooldown": [1.0, 1.0, 1.0, 1.0], "Cost": [-60.0, -70.0, -80.0, -90.0], "ARC.PerTick": [0.1190476194024086, 0.1190476194024086, 0.1190476194024086, 0.1190476194024086], "Damage.PerTick": [6.824999809265137, 10.158333778381348, 13.491666793823242, 16.825000762939453], "Duration": [3.0, 3.0, 3.0, 3.0], "TickRate": [0.5, 0.5, 0.5, 0.5], "ARC": [0.20892857015132904, 0.20892857015132904, 0.20892857015132904, 0.20892857015132904], "BasePower": [40.95000076293945, 64.3499984741211, 87.75, 111.1500015258789]}, "Secondary": {"Cooldown": [14.0, 14.0, 14.0, 14.0], "Cost": [-80.0, -100.0, -120.0, -140.0], "Duration": [1.0, 1.25, 1.5, 1.75], "Target.Count": [3.0, 5.0, 7.0, 9.0], "ARC": [0.0, 0.0, 0.0, 0.0], "BasePower": [0.0, 0.0, 0.0, 0.0]}, "Ultimate": {"Cooldown": [1.0, 1.0, 1.0], "Cost": [0.0, 0.0, 0.0], "Health.Reduction": [1.0, 1.0, 1.0], "ManaMult": [1.0, 0.800000011920929, 0.6000000238418579], "ManaRegen.MissingManaMult": [0.029999999329447746, 0.03999999910593033, 0.05000000074505806], "MaxMana.Bonus": [0.0, 0.0, 0.0], "ARC": [0.0, 0.0, 0.0], "BasePower": [0.0, 0.0, 0.0]}}, "Stats": {"AbilityPenetrationRating": [0.0], "AttackRating": [0.0], "AttackSpeedRating": [100.0, 101.0999984741211, 102.19999694824219, 103.30000305175781, 104.4000015258789, 105.5, 106.5999984741211, 107.69999694824219, 108.80000305175781, 109.9000015258789, 111.0, 112.0999984741211, 113.19999694824219, 114.30000305175781, 115.4000015258789, 116.5, 117.5999984741211, 118.69999694824219, 119.80000305175781, 120.9000015258789], "BaseAttackTime": [0.8999999761581421], "BasicPenetrationRating": [0.0], "CleaveRating": [0.0], "CriticalDamageBonus": [1.0], "LeftClickARC": [1.0], "LeftClickBasePower": [52.91999816894531, 54.14400100708008, 55.36800003051758, 56.59199905395508, 57.816001892089844, 59.040000915527344, 60.263999938964844, 61.487998962402344, 62.71200180053711, 63.93600082397461, 65.16000366210938, 66.38400268554688, 67.60800170898438, 68.83200073242188, 70.05599975585938, 71.27999877929688, 72.50399780273438, 73.72799682617188, 74.9520034790039, 76.1760025024414], "Energy": [292.5, 318.0, 343.5, 369.0, 394.5, 420.0, 445.5, 471.0, 496.5, 522.0, 547.5, 573.0, 598.5, 624.0, 649.5, 675.0, 700.5, 726.0, 751.5, 777.0], "EnergyRegenRate": [1.0750000476837158, 1.159999966621399, 1.2450000047683716, 1.3300000429153442, 1.4149999618530273, 1.5, 1.5850000381469727, 1.6699999570846558, 1.7549999952316284, 1.840000033378601, 1.9249999523162842, 2.009999990463257, 2.0950000286102295, 2.180000066757202, 2.265000104904175, 2.3499999046325684, 2.434999942779541, 2.5199999809265137, 2.6050000190734863, 2.690000057220459], "MaxEnergy": [292.5, 318.0, 343.5, 369.0, 394.5, 420.0, 445.5, 471.0, 496.5, 522.0, 547.5, 573.0, 598.5, 624.0, 649.5, 675.0, 700.5, 726.0, 751.5, 777.0], "AbilityResistanceRating": [25.0], "BasicResistanceRating": [19.200000762939453, 20.415000915527344, 21.6299991607666, 22.844999313354492, 24.059999465942383, 25.274999618530273, 26.489999771118164, 27.704999923706055, 28.920000076293945, 30.135000228881836, 31.350000381469727, 32.564998626708984, 33.779998779296875, 34.994998931884766, 36.209999084472656, 37.42499923706055, 38.63999938964844, 39.85499954223633, 41.06999969482422, 42.28499984741211], "CriticallyWoundedThresholdPCT": [0.25], "Health": [566.0479736328125, 612.8480224609375, 659.6480102539062, 706.447998046875, 753.2479858398438, 800.0479736328125, 846.8480224609375, 893.6480102539062, 940.447998046875, 987.2479858398438, 1034.0479736328125, 1080.8480224609375, 1127.64794921875, 1174.447998046875, 1221.248046875, 1268.0479736328125, 1314.8480224609375, 1361.64794921875, 1408.447998046875, 1455.248046875], "HealthRegenRate": [0.9626666903495789, 1.0666667222976685, 1.1706666946411133, 1.274666666984558, 1.378666639328003, 1.4826666116714478, 1.5866667032241821, 1.690666675567627, 1.7946666479110718, 1.8986666202545166, 2.002666711807251, 2.1066665649414062, 2.2106666564941406, 2.314666748046875, 2.4186666011810303, 2.5226666927337646, 2.626666784286499, 2.7306666374206543, 2.8346667289733887, 2.938666582107544], "MaxHealth": [566.0479736328125, 612.8480224609375, 659.6480102539062, 706.447998046875, 753.2479858398438, 800.0479736328125, 846.8480224609375, 893.6480102539062, 940.447998046875, 987.2479858398438, 1034.0479736328125, 1080.8480224609375, 1127.64794921875, 1174.447998046875, 1221.248046875, 1268.0479736328125, 1314.8480224609375, 1361.64794921875, 1408.447998046875, 1455.248046875], "MaxMoveSpeed": [695.0], "VisionRadius": [5000.0], "CXPBounty": [455.0], "CXPSpawnTime": [1.5], "GainXPFromKills": [1.0], "MaxCardLevel": [20.0], "MaxLevel": [20.0], "XPBounty": [55.0, 66.96094512939453, 78.8006591796875, 90.35697174072266, 101.83509063720703, 135.3509063720703, 148.71578979492188, 162.11434936523438, 175.35400390625, 182.0854949951172, 220.5879669189453, 228.08668518066406, 235.84031677246094, 243.85751342773438, 252.1472625732422, 297.96435546875, 308.0934143066406, 318.5668029785156, 329.396240234375, 340.59381103515625], "XPToLevel": [110.0, 133.92189025878906, 157.601318359375, 180.7139434814453, 203.67018127441406, 225.5848388671875, 247.8596649169922, 270.1905822753906, 292.2566833496094, 303.475830078125, 315.12567138671875, 325.8381042480469, 336.91473388671875, 348.3678894042969, 360.21038818359375, 372.4554443359375, 385.11676025390625, 398.2085266113281, 411.74530029296875, 425.74224853515625]}}