{"Abilities": {"Alternate": {"Cooldown": [0.0, 0.0, 0.0, 0.0]}, "Primary": {"Cooldown": [0.800000011920929, 0.800000011920929, 0.800000011920929, 0.800000011920929]}, "Secondary": {"Cooldown": [0.0, 0.0, 0.0, 0.0]}, "Ultimate": {"Cooldown": [0.0, 0.0, 0.0]}}, "Stats": {"AttackRating": [10.0, 15.0, 20.0, 25.0, 30.0, 35.0, 40.0, 45.0, 50.0, 55.0, 60.0, 65.0, 70.0, 75.0, 80.0, 80.0, 80.0, 80.0, 80.0, 80.0], "AttackSpeedRating": [100.0], "BaseAttackTime": [1.0], "Energy": [0.0], "EnergyRegenRate": [0.0], "MaxEnergy": [0.0], "CriticallyWoundedThresholdPCT": [0.0], "Health": [3591.0, 5386.5, 7182.0, 8977.5, 10773.0, 12568.5, 14364.0, 16159.5, 17955.0, 19750.5, 21546.0, 23341.5, 25137.0, 26932.5, 28728.0, 28728.0, 28728.0, 28728.0, 28728.0, 28728.0], "HealthRegenRate": [69.0], "MaxHealth": [3591.0, 5386.5, 7182.0, 8977.5, 10773.0, 12568.5, 14364.0, 16159.5, 17955.0, 19750.5, 21546.0, 23341.5, 25137.0, 26932.5, 28728.0, 28728.0, 28728.0, 28728.0, 28728.0, 28728.0], "MaxMoveSpeed": [3900.0], "VisionRadius": [2000.0], "BountyAssistXPRangeScalar": [1.0], "CXPBounty": [200.0, 350.0, 500.0, 650.0, 800.0, 800.0, 800.0, 800.0, 800.0, 800.0, 800.0, 800.0, 800.0, 800.0, 800.0, 800.0, 800.0, 800.0, 800.0, 800.0], "CXPSpawnTime": [0.30000001192092896, 0.5, 0.699999988079071, 0.8999999761581421, 1.100000023841858, 1.2999999523162842, 1.5, 1.7000000476837158, 1.899999976158142, 2.0999999046325684, 2.299999952316284, 2.5, 2.700000047683716, 2.9000000953674316, 3.0999999046325684, 3.0999999046325684, 3.0999999046325684, 3.0999999046325684, 3.0999999046325684, 3.0999999046325684], "GainXPFromKills": [0.0], "MaxLevel": [5.0], "RefineryPayOut": [0.0], "XPBounty": [40.0, 70.0, 100.0, 130.0, 160.0, 190.0, 220.0, 250.0, 280.0, 310.0, 340.0, 370.0, 400.0, 430.0, 460.0, 460.0, 460.0, 460.0, 460.0, 460.0], "XPToLevel": [1.0]}}