{"Abilities": {"Alternate": {"Cooldown": [0.0, 0.0, 0.0, 0.0]}, "Primary": {"Cooldown": [0.800000011920929, 0.800000011920929, 0.800000011920929, 0.800000011920929]}, "Secondary": {"Cooldown": [0.0, 0.0, 0.0, 0.0]}, "Ultimate": {"Cooldown": [0.0, 0.0, 0.0]}}, "Stats": {"AttackRating": [95.0], "AttackSpeedRating": [100.0], "BaseAttackTime": [1.25], "Energy": [0.0], "EnergyRegenRate": [0.0], "MaxEnergy": [0.0], "AbilityResistanceRating": [60.0], "BasicResistanceRating": [40.0, 43.0, 46.0, 49.0, 52.0, 55.0, 58.0, 61.0, 64.0, 67.0, 70.0, 73.0, 76.0, 79.0, 82.0, 82.0, 82.0, 82.0, 82.0, 82.0], "CriticallyWoundedThresholdPCT": [0.0], "Health": [2900.0, 3300.0, 3700.0, 4100.0, 4500.0, 4900.0, 5300.0, 5700.0, 6100.0, 6500.0, 6900.0, 7300.0, 7700.0, 8100.0, 8500.0, 8500.0, 8500.0, 8500.0, 8500.0, 8500.0], "HealthRegenRate": [50.0], "MaxHealth": [2900.0, 3300.0, 3700.0, 4100.0, 4500.0, 4900.0, 5300.0, 5700.0, 6100.0, 6500.0, 6900.0, 7300.0, 7700.0, 8100.0, 8500.0, 8500.0, 8500.0, 8500.0, 8500.0, 8500.0], "MaxMoveSpeed": [660.0], "VisionRadius": [2000.0], "BountyAssistXPRangeScalar": [1.0], "CXPBounty": [0.0], "CXPSpawnTime": [1.2999999523162842, 1.2999999523162842, 1.2999999523162842, 1.2999999523162842, 1.2999999523162842, 1.2999999523162842, 1.2999999523162842, 1.2999999523162842, 1.2999999523162842, 1.2999999523162842, 1.2999999523162842, 1.2999999523162842, 1.2999999523162842, 1.2999999523162842, 1.2999999523162842, 1.2999999523162842, 1.2999999523162842, 1.2999999523162842, 1.2999999523162842, 1.2999999523162842], "GainXPFromKills": [0.0], "MaxLevel": [15.0], "RefineryPayOut": [0.0], "XPBounty": [50.0], "XPToLevel": [1.0]}}