{"Abilities": {"Alternate": {"Cooldown": [0.0, 0.0, 0.0, 0.0]}, "Primary": {"Cooldown": [0.800000011920929, 0.800000011920929, 0.800000011920929, 0.800000011920929]}, "Secondary": {"Cooldown": [0.0, 0.0, 0.0, 0.0]}, "Ultimate": {"Cooldown": [0.0, 0.0, 0.0]}}, "Stats": {"AttackRating": [130.0], "AttackSpeedRating": [100.0], "BaseAttackTime": [0.800000011920929], "Energy": [0.0], "EnergyRegenRate": [0.0], "MaxEnergy": [0.0], "AbilityResistanceRating": [35.0], "BasicResistanceRating": [65.0], "CriticallyWoundedThresholdPCT": [0.0], "Health": [5980.0, 6353.75, 6727.5, 7101.25, 7475.0, 7848.75, 8222.5, 8596.25, 8970.0, 9343.75, 9717.5, 10091.25, 10465.0, 10838.75, 11212.5, 12000.0, 12000.0, 12000.0, 12000.0, 12000.0], "HealthRegenRate": [600.0], "MaxHealth": [5980.0, 6353.75, 6727.5, 7101.25, 7475.0, 7848.75, 8222.5, 8596.25, 8970.0, 9343.75, 9717.5, 10091.25, 10465.0, 10838.75, 11212.5, 11212.5, 11212.5, 11212.5, 11212.5, 11212.5], "MaxMoveSpeed": [3500.0], "VisionRadius": [2000.0], "BountyAssistXPRangeScalar": [1.0], "CXPBounty": [0.0], "CXPSpawnTime": [0.0], "GainXPFromKills": [0.0], "MaxLevel": [15.0], "RefineryPayOut": [0.0], "XPBounty": [200.0], "XPToLevel": [1.0]}}