{"Abilities": {"Alternate": {"Cooldown": [0.0, 0.0, 0.0, 0.0]}, "Primary": {"Cooldown": [1.0, 1.0, 1.0, 1.0]}, "Secondary": {"Cooldown": [0.0, 0.0, 0.0, 0.0]}, "Ultimate": {"Cooldown": [0.0, 0.0, 0.0]}}, "Stats": {"AttackRating": [115.0, 116.0, 117.0, 118.0, 119.0, 120.0, 121.0, 122.0, 123.0, 124.0, 125.0, 126.0, 127.0, 128.0, 129.0, 129.0, 129.0, 129.0, 129.0, 129.0], "AttackSpeedRating": [100.0], "BaseAttackTime": [0.800000011920929], "Energy": [0.0], "EnergyRegenRate": [0.0], "MaxEnergy": [0.0], "AbilityResistanceRating": [42.0, 43.0, 44.0, 45.0, 46.0, 47.0, 48.0, 49.0, 50.0, 51.0, 52.0, 53.0, 54.0, 55.0, 56.0, 56.0, 56.0, 56.0, 56.0, 56.0], "BasicResistanceRating": [0.0], "CriticallyWoundedThresholdPCT": [0.0], "Health": [1400.0, 1414.4000244140625, 1428.800048828125, 1443.199951171875, 1457.5999755859375, 1472.0, 1486.4000244140625, 1500.800048828125, 1515.199951171875, 1529.5999755859375, 1544.0, 1558.4000244140625, 1572.800048828125, 1587.199951171875, 1601.5999755859375, 1601.5999755859375, 1601.5999755859375, 1601.5999755859375, 1601.5999755859375, 1601.5999755859375], "HealthRegenRate": [0.0], "MaxHealth": [1400.0, 1414.4000244140625, 1428.800048828125, 1443.199951171875, 1457.5999755859375, 1472.0, 1486.4000244140625, 1500.800048828125, 1515.199951171875, 1529.5999755859375, 1544.0, 1558.4000244140625, 1572.800048828125, 1587.199951171875, 1601.5999755859375, 1601.5999755859375, 1601.5999755859375, 1601.5999755859375, 1601.5999755859375, 1601.5999755859375], "MaxMoveSpeed": [660.0], "VisionRadius": [2000.0], "BountyAssistXPRangeScalar": [1.0], "CXPBounty": [95.19999694824219, 95.19999694824219, 95.19999694824219, 95.19999694824219, 95.19999694824219, 95.19999694824219, 95.19999694824219, 95.19999694824219, 95.19999694824219, 95.19999694824219, 95.19999694824219, 95.19999694824219, 95.19999694824219, 95.19999694824219, 95.19999694824219, 95.19999694824219, 95.19999694824219, 95.19999694824219, 95.19999694824219, 95.19999694824219], "CXPSpawnTime": [0.30000001192092896, 0.30000001192092896, 0.30000001192092896, 0.30000001192092896, 0.30000001192092896, 0.30000001192092896, 0.30000001192092896, 0.30000001192092896, 0.30000001192092896, 0.30000001192092896, 0.30000001192092896, 0.30000001192092896, 0.30000001192092896, 0.30000001192092896, 0.30000001192092896, 0.30000001192092896, 0.30000001192092896, 0.30000001192092896, 0.30000001192092896, 0.30000001192092896], "GainXPFromKills": [0.0], "MaxLevel": [15.0], "RefineryPayOut": [0.0], "XPBounty": [24.0], "XPToLevel": [1.0]}}