{"Abilities": {"Alternate": {"Cooldown": [0.0, 0.0, 0.0, 0.0]}, "Primary": {"Cooldown": [0.800000011920929, 0.800000011920929, 0.800000011920929, 0.800000011920929]}, "Secondary": {"Cooldown": [0.0, 0.0, 0.0, 0.0]}, "Ultimate": {"Cooldown": [0.0, 0.0, 0.0]}}, "Stats": {"AttackRating": [13.0], "AttackSpeedRating": [100.0], "BaseAttackTime": [0.699999988079071], "Energy": [0.0], "EnergyRegenRate": [0.0], "MaxEnergy": [0.0], "AbilityResistanceRating": [40.0], "BasicResistanceRating": [20.0], "CriticallyWoundedThresholdPCT": [0.0], "Health": [980.0], "HealthRegenRate": [180.0], "MaxHealth": [980.0], "MaxMoveSpeed": [1000.0], "VisionRadius": [2000.0], "BountyAssistXPRangeScalar": [1.0], "CXPBounty": [150.0, 150.0, 150.0, 150.0, 150.0, 150.0, 150.0, 150.0, 150.0, 150.0, 150.0, 150.0, 150.0, 150.0, 150.0, 150.0, 150.0, 150.0, 150.0, 150.0], "CXPSpawnTime": [0.30000001192092896, 0.30000001192092896, 0.30000001192092896, 0.30000001192092896, 0.30000001192092896, 0.30000001192092896, 0.30000001192092896, 0.30000001192092896, 0.30000001192092896, 0.30000001192092896, 0.30000001192092896, 0.30000001192092896, 0.30000001192092896, 0.30000001192092896, 0.30000001192092896, 0.30000001192092896, 0.30000001192092896, 0.30000001192092896, 0.30000001192092896, 0.30000001192092896], "GainXPFromKills": [0.0], "MaxLevel": [3.0], "RefineryPayOut": [0.0], "XPBounty": [42.0], "XPToLevel": [1.0]}}