{"Abilities": {"Alternate": {"Cooldown": [0.0, 0.0, 0.0, 0.0]}, "Primary": {"Cooldown": [0.800000011920929, 0.800000011920929, 0.800000011920929, 0.800000011920929]}, "Secondary": {"Cooldown": [0.0, 0.0, 0.0, 0.0]}, "Ultimate": {"Cooldown": [0.0, 0.0, 0.0]}}, "Stats": {"AttackRating": [130.0], "AttackSpeedRating": [100.0], "BaseAttackTime": [0.800000011920929], "Energy": [0.0], "EnergyRegenRate": [0.0], "MaxEnergy": [0.0], "CriticallyWoundedThresholdPCT": [0.0], "Health": [8000.0, 8350.0, 8700.0, 9050.0, 9400.0, 9750.0, 10100.0, 10450.0, 10800.0, 11150.0, 11500.0, 11850.0, 12200.0, 12550.0, 12900.0, 12900.0, 12900.0, 12900.0, 12900.0, 12900.0], "HealthRegenRate": [600.0], "MaxHealth": [8000.0, 8350.0, 8700.0, 9050.0, 9400.0, 9750.0, 10100.0, 10450.0, 10800.0, 11150.0, 11500.0, 11850.0, 12200.0, 12550.0, 12900.0, 12900.0, 12900.0, 12900.0, 12900.0, 12900.0], "MaxMoveSpeed": [3900.0], "VisionRadius": [2000.0], "BountyAssistXPRangeScalar": [1.0], "CXPBounty": [0.0], "CXPSpawnTime": [0.30000001192092896, 0.30000001192092896, 0.30000001192092896, 0.30000001192092896, 0.30000001192092896, 0.30000001192092896, 0.30000001192092896, 0.30000001192092896, 0.30000001192092896, 0.30000001192092896, 0.30000001192092896, 0.30000001192092896, 0.30000001192092896, 0.30000001192092896, 0.30000001192092896, 0.30000001192092896, 0.30000001192092896, 0.30000001192092896, 0.30000001192092896, 0.30000001192092896], "GainXPFromKills": [0.0], "MaxLevel": [5.0], "RefineryPayOut": [0.0], "XPBounty": [600.0], "XPToLevel": [1.0]}}