{"Abilities": {"Alternate": {"Cooldown": [0.0, 0.0, 0.0, 0.0]}, "Primary": {"Cooldown": [0.800000011920929, 0.800000011920929, 0.800000011920929, 0.800000011920929]}, "Secondary": {"Cooldown": [0.0, 0.0, 0.0, 0.0]}, "Ultimate": {"Cooldown": [0.0, 0.0, 0.0]}}, "Stats": {"AttackRating": [95.0], "AttackSpeedRating": [100.0], "BaseAttackTime": [1.25], "Energy": [0.0], "EnergyRegenRate": [0.0], "MaxEnergy": [0.0], "AbilityResistanceRating": [60.0], "BasicResistanceRating": [65.0], "CriticallyWoundedThresholdPCT": [0.0], "Health": [4000.0, 4320.0, 4640.0, 4960.0, 5280.0, 5600.0, 5920.0, 6240.0, 6560.0, 6880.0, 7200.0, 7520.0, 7840.0, 8160.0, 8480.0, 8480.0, 8480.0, 8480.0, 8480.0, 8480.0], "HealthRegenRate": [50.0], "MaxHealth": [4000.0, 4320.0, 4640.0, 4960.0, 5280.0, 5600.0, 5920.0, 6240.0, 6560.0, 6880.0, 7200.0, 7520.0, 7840.0, 8160.0, 8480.0, 8480.0, 8480.0, 8480.0, 8480.0, 8480.0], "MaxMoveSpeed": [700.0], "VisionRadius": [2000.0], "BountyAssistXPRangeScalar": [1.0], "CXPBounty": [0.0], "CXPSpawnTime": [1.2999999523162842, 1.2999999523162842, 1.2999999523162842, 1.2999999523162842, 1.2999999523162842, 1.2999999523162842, 1.2999999523162842, 1.2999999523162842, 1.2999999523162842, 1.2999999523162842, 1.2999999523162842, 1.2999999523162842, 1.2999999523162842, 1.2999999523162842, 1.2999999523162842, 1.2999999523162842, 1.2999999523162842, 1.2999999523162842, 1.2999999523162842, 1.2999999523162842], "GainXPFromKills": [0.0], "MaxLevel": [15.0], "RefineryPayOut": [0.0], "XPBounty": [50.0], "XPToLevel": [1.0]}}