{"Abilities": {"Alternate": {"Cooldown": [0.0, 0.0, 0.0, 0.0]}, "Primary": {"Cooldown": [0.5, 0.5, 0.5, 0.5]}, "Secondary": {"Cooldown": [0.0, 0.0, 0.0, 0.0]}, "Ultimate": {"Cooldown": [0.0, 0.0, 0.0]}}, "Stats": {"AttackRating": [10.0, 10.399999618530273, 10.800000190734863, 11.199999809265137, 11.600000381469727, 12.0, 12.399999618530273, 12.800000190734863, 13.199999809265137, 13.600000381469727, 14.0, 14.399999618530273, 14.800000190734863, 15.199999809265137, 15.600000381469727, 15.600000381469727, 15.600000381469727, 15.600000381469727, 15.600000381469727, 15.600000381469727], "AttackSpeedRating": [100.0], "BaseAttackTime": [0.5], "Energy": [0.0], "EnergyRegenRate": [0.0], "MaxEnergy": [0.0], "AbilityResistanceRating": [0.0], "BasicResistanceRating": [0.0], "CriticallyWoundedThresholdPCT": [0.0], "Health": [620.0, 625.7000122070312, 631.4000244140625, 637.0999755859375, 642.7999877929688, 648.5, 654.2000122070312, 659.9000244140625, 665.5999755859375, 671.2999877929688, 677.0, 682.7000122070312, 688.4000244140625, 694.0999755859375, 699.7999877929688, 699.7999877929688, 699.7999877929688, 699.7999877929688, 699.7999877929688, 699.7999877929688], "HealthRegenRate": [0.0], "MaxHealth": [620.0, 625.7000122070312, 631.4000244140625, 637.0999755859375, 642.7999877929688, 648.5, 654.2000122070312, 659.9000244140625, 665.5999755859375, 671.2999877929688, 677.0, 682.7000122070312, 688.4000244140625, 694.0999755859375, 699.7999877929688, 699.7999877929688, 699.7999877929688, 699.7999877929688, 699.7999877929688, 699.7999877929688], "MaxMoveSpeed": [780.0], "VisionRadius": [2000.0], "BountyAssistXPRangeScalar": [1.0], "CXPBounty": [100.0, 100.0, 100.0, 100.0, 100.0, 100.0, 100.0, 100.0, 100.0, 100.0, 100.0, 100.0, 100.0, 100.0, 100.0, 100.0, 100.0, 100.0, 100.0, 100.0], "CXPSpawnTime": [0.30000001192092896, 0.30000001192092896, 0.30000001192092896, 0.30000001192092896, 0.30000001192092896, 0.30000001192092896, 0.30000001192092896, 0.30000001192092896, 0.30000001192092896, 0.30000001192092896, 0.30000001192092896, 0.30000001192092896, 0.30000001192092896, 0.30000001192092896, 0.30000001192092896, 0.30000001192092896, 0.30000001192092896, 0.30000001192092896, 0.30000001192092896, 0.30000001192092896], "GainXPFromKills": [0.0], "MaxLevel": [15.0], "RefineryPayOut": [0.0], "XPBounty": [18.0], "XPToLevel": [1.0]}}