{"Abilities": {"Alternate": {"Cooldown": [0.0, 0.0, 0.0, 0.0]}, "Primary": {"Cooldown": [1.0, 1.0, 1.0, 1.0]}, "Secondary": {"Cooldown": [0.0, 0.0, 0.0, 0.0]}, "Ultimate": {"Cooldown": [0.0, 0.0, 0.0]}}, "Stats": {"AttackRating": [30.0, 31.0, 32.0, 33.0, 34.0, 35.0, 36.0, 37.0, 38.0, 39.0, 40.0, 41.0, 42.0, 43.0, 44.0, 44.0, 44.0, 44.0, 44.0, 44.0], "AttackSpeedRating": [100.0], "BaseAttackTime": [1.0], "Energy": [0.0], "EnergyRegenRate": [0.0], "MaxEnergy": [0.0], "AbilityResistanceRating": [30.0, 32.0, 34.0, 36.0, 38.0, 40.0, 42.0, 44.0, 46.0, 48.0, 50.0, 52.0, 54.0, 56.0, 58.0, 58.0, 58.0, 58.0, 58.0, 58.0], "BasicResistanceRating": [0.0], "CriticallyWoundedThresholdPCT": [0.0], "Health": [340.0, 343.5, 347.0, 350.5, 354.0, 357.5, 361.0, 364.5, 368.0, 371.5, 375.0, 378.5, 382.0, 385.5, 389.0, 389.0, 389.0, 389.0, 389.0, 389.0], "HealthRegenRate": [0.0], "MaxHealth": [340.0, 343.5, 347.0, 350.5, 354.0, 357.5, 361.0, 364.5, 368.0, 371.5, 375.0, 378.5, 382.0, 385.5, 389.0, 389.0, 389.0, 389.0, 389.0, 389.0], "MaxMoveSpeed": [660.0], "VisionRadius": [2000.0], "BountyAssistXPRangeScalar": [1.0], "CXPBounty": [105.0, 105.0, 105.0, 105.0, 105.0, 105.0, 105.0, 105.0, 105.0, 105.0, 105.0, 105.0, 105.0, 105.0, 105.0, 105.0, 105.0, 105.0, 105.0, 105.0], "CXPSpawnTime": [0.30000001192092896, 0.30000001192092896, 0.30000001192092896, 0.30000001192092896, 0.30000001192092896, 0.30000001192092896, 0.30000001192092896, 0.30000001192092896, 0.30000001192092896, 0.30000001192092896, 0.30000001192092896, 0.30000001192092896, 0.30000001192092896, 0.30000001192092896, 0.30000001192092896, 0.30000001192092896, 0.30000001192092896, 0.30000001192092896, 0.30000001192092896, 0.30000001192092896], "GainXPFromKills": [0.0], "MaxLevel": [15.0], "RefineryPayOut": [0.0], "XPBounty": [24.0], "XPToLevel": [1.0]}}