{"Abilities": {"Alternate": {"Cooldown": [0.0, 0.0, 0.0, 0.0]}, "Primary": {"Cooldown": [0.800000011920929, 0.800000011920929, 0.800000011920929, 0.800000011920929]}, "Secondary": {"Cooldown": [0.0, 0.0, 0.0, 0.0]}, "Ultimate": {"Cooldown": [0.0, 0.0, 0.0]}}, "Stats": {"AttackRating": [12.0, 17.0, 22.0, 27.0, 32.0, 37.0, 42.0, 47.0, 52.0, 57.0, 62.0, 67.0, 72.0, 77.0, 82.0, 82.0, 82.0, 82.0, 82.0, 82.0], "AttackSpeedRating": [100.0], "BaseAttackTime": [1.0], "Energy": [0.0], "EnergyRegenRate": [0.0], "MaxEnergy": [0.0], "AbilityResistanceRating": [0.0], "BasicResistanceRating": [0.0], "CriticallyWoundedThresholdPCT": [0.0], "Health": [2250.0, 2812.5, 3375.0, 3937.5, 4500.0, 5062.5, 5625.0, 6187.5, 6750.0, 7312.5, 7875.0, 8437.5, 9000.0, 9562.5, 10125.0, 10125.0, 10125.0, 10125.0, 10125.0, 10125.0], "HealthRegenRate": [69.0], "MaxHealth": [2250.0, 2812.5, 3375.0, 3937.5, 4500.0, 5062.5, 5625.0, 6187.5, 6750.0, 7312.5, 7875.0, 8437.5, 9000.0, 9562.5, 10125.0, 10125.0, 10125.0, 10125.0, 10125.0, 10125.0], "MaxMoveSpeed": [3900.0], "VisionRadius": [2000.0], "BountyAssistXPRangeScalar": [1.0], "CXPBounty": [350.0, 550.0, 750.0, 950.0, 1150.0, 1150.0, 1150.0, 1150.0, 1150.0, 1150.0, 1150.0, 1150.0, 1150.0, 1150.0, 1150.0, 1150.0, 1150.0, 1150.0, 1150.0, 1150.0], "CXPSpawnTime": [0.30000001192092896, 0.550000011920929, 0.800000011920929, 1.0499999523162842, 1.2999999523162842, 1.5499999523162842, 1.7999999523162842, 2.049999952316284, 2.299999952316284, 2.549999952316284, 2.799999952316284, 3.049999952316284, 3.299999952316284, 3.549999952316284, 3.799999952316284, 3.799999952316284, 3.799999952316284, 3.799999952316284, 3.799999952316284, 3.799999952316284], "GainXPFromKills": [0.0], "MaxLevel": [3.0], "RefineryPayOut": [0.0], "XPBounty": [40.0, 70.0, 100.0, 130.0, 160.0, 190.0, 220.0, 250.0, 280.0, 310.0, 340.0, 370.0, 400.0, 430.0, 460.0, 460.0, 460.0, 460.0, 460.0, 460.0], "XPToLevel": [1.0]}}