{"Abilities": {"Alternate": {"Cooldown": [0.0, 0.0, 0.0, 0.0]}, "Primary": {"Cooldown": [0.800000011920929, 0.800000011920929, 0.800000011920929, 0.800000011920929]}, "Secondary": {"Cooldown": [0.0, 0.0, 0.0, 0.0]}, "Ultimate": {"Cooldown": [0.0, 0.0, 0.0]}}, "Stats": {"AttackRating": [130.0], "AttackSpeedRating": [100.0], "BaseAttackTime": [0.800000011920929], "Energy": [0.0], "EnergyRegenRate": [0.0], "MaxEnergy": [0.0], "AbilityResistanceRating": [0.0], "BasicResistanceRating": [0.0], "CriticallyWoundedThresholdPCT": [0.0], "Health": [9200.0, 9602.5, 10005.0, 10407.5, 10810.0, 11212.5, 11615.0, 12017.5, 12420.0, 12822.5, 13225.0, 13627.5, 14030.0, 14432.5, 14835.0, 14835.0, 14835.0, 14835.0, 14835.0, 14835.0], "HealthRegenRate": [600.0], "MaxHealth": [9200.0, 9602.5, 10005.0, 10407.5, 10810.0, 11212.5, 11615.0, 12017.5, 12420.0, 12822.5, 13225.0, 13627.5, 14030.0, 14432.5, 14835.0, 14835.0, 14835.0, 14835.0, 14835.0, 14835.0], "MaxMoveSpeed": [3500.0], "VisionRadius": [2000.0], "BountyAssistXPRangeScalar": [1.0], "CXPBounty": [0.0], "CXPSpawnTime": [0.30000001192092896, 0.30000001192092896, 0.30000001192092896, 0.30000001192092896, 0.30000001192092896, 0.30000001192092896, 0.30000001192092896, 0.30000001192092896, 0.30000001192092896, 0.30000001192092896, 0.30000001192092896, 0.30000001192092896, 0.30000001192092896, 0.30000001192092896, 0.30000001192092896, 0.30000001192092896, 0.30000001192092896, 0.30000001192092896, 0.30000001192092896, 0.30000001192092896], "GainXPFromKills": [0.0], "MaxLevel": [5.0], "RefineryPayOut": [0.0], "XPBounty": [600.0], "XPToLevel": [1.0]}}