{"Abilities": {"Alternate": {"Cooldown": [0.0, 0.0, 0.0, 0.0]}, "Primary": {"Cooldown": [0.800000011920929, 0.800000011920929, 0.800000011920929, 0.800000011920929]}, "Secondary": {"Cooldown": [0.0, 0.0, 0.0, 0.0]}, "Ultimate": {"Cooldown": [0.0, 0.0, 0.0]}}, "Stats": {"AttackRating": [5.0, 7.0, 9.0, 11.0, 13.0, 15.0, 17.0, 19.0, 21.0, 23.0, 25.0, 27.0, 29.0, 31.0, 33.0, 33.0, 33.0, 33.0, 33.0, 33.0], "AttackSpeedRating": [100.0], "BaseAttackTime": [1.0], "Energy": [0.0], "EnergyRegenRate": [0.0], "MaxEnergy": [0.0], "CriticallyWoundedThresholdPCT": [0.0], "Health": [855.0, 1068.75, 1282.5, 1496.25, 1710.0, 1923.75, 2137.5, 2351.25, 2565.0, 2778.75, 2992.5, 3206.25, 3420.0, 3633.75, 3847.5, 3847.5, 3847.5, 3847.5, 3847.5, 3847.5], "HealthRegenRate": [69.0], "MaxHealth": [855.0, 1068.75, 1282.5, 1496.25, 1710.0, 1923.75, 2137.5, 2351.25, 2565.0, 2778.75, 2992.5, 3206.25, 3420.0, 3633.75, 3847.5, 3847.5, 3847.5, 3847.5, 3847.5, 3847.5], "MaxMoveSpeed": [3900.0], "VisionRadius": [2000.0], "BountyAssistXPRangeScalar": [1.0], "CXPBounty": [150.0, 250.0, 350.0, 450.0, 450.0, 450.0, 450.0, 450.0, 450.0, 450.0, 450.0, 450.0, 450.0, 450.0, 450.0, 450.0, 450.0, 450.0, 450.0, 450.0], "CXPSpawnTime": [0.30000001192092896, 0.30000001192092896, 0.30000001192092896, 0.30000001192092896, 0.30000001192092896, 0.30000001192092896, 0.30000001192092896, 0.30000001192092896, 0.30000001192092896, 0.30000001192092896, 0.30000001192092896, 0.30000001192092896, 0.30000001192092896, 0.30000001192092896, 0.30000001192092896, 0.30000001192092896, 0.30000001192092896, 0.30000001192092896, 0.30000001192092896, 0.30000001192092896], "GainXPFromKills": [0.0], "MaxLevel": [3.0], "RefineryPayOut": [0.0], "XPBounty": [30.0, 52.5, 75.0, 97.5, 120.0, 142.5, 165.0, 187.5, 210.0, 232.5, 255.0, 277.5, 300.0, 322.5, 345.0, 345.0, 345.0, 345.0, 345.0, 345.0], "XPToLevel": [1.0]}}