{"Abilities": {"Alternate": {"Cooldown": [0.0, 0.0, 0.0, 0.0]}, "Primary": {"Cooldown": [2.0, 2.0, 2.0, 2.0]}, "Secondary": {"Cooldown": [0.0, 0.0, 0.0, 0.0]}, "Ultimate": {"Cooldown": [0.0, 0.0, 0.0]}}, "Stats": {"AttackRating": [84.0, 86.0, 88.0, 90.0, 92.0, 94.0, 96.0, 98.0, 100.0, 102.0, 104.0, 106.0, 108.0, 110.0, 112.0, 112.0, 112.0, 112.0, 112.0, 112.0], "AttackSpeedRating": [100.0], "BaseAttackTime": [2.299999952316284], "Energy": [0.0], "EnergyRegenRate": [0.0], "MaxEnergy": [0.0], "AbilityResistanceRating": [42.0, 44.0, 46.0, 48.0, 50.0, 52.0, 54.0, 56.0, 58.0, 60.0, 62.0, 64.0, 66.0, 68.0, 70.0, 70.0, 70.0, 70.0, 70.0, 70.0], "BasicResistanceRating": [0.0], "CriticallyWoundedThresholdPCT": [0.0], "Health": [620.0, 625.2999877929688, 630.5999755859375, 635.9000244140625, 641.2000122070312, 646.5, 651.7999877929688, 657.0999755859375, 662.4000244140625, 667.7000122070312, 673.0, 678.2999877929688, 683.5999755859375, 688.9000244140625, 694.2000122070312, 694.2000122070312, 694.2000122070312, 694.2000122070312, 694.2000122070312, 694.2000122070312], "HealthRegenRate": [0.0], "MaxHealth": [620.0, 625.2999877929688, 630.5999755859375, 635.9000244140625, 641.2000122070312, 646.5, 651.7999877929688, 657.0999755859375, 662.4000244140625, 667.7000122070312, 673.0, 678.2999877929688, 683.5999755859375, 688.9000244140625, 694.2000122070312, 694.2000122070312, 694.2000122070312, 694.2000122070312, 694.2000122070312, 694.2000122070312], "MaxMoveSpeed": [700.0], "VisionRadius": [2000.0], "BountyAssistXPRangeScalar": [1.0], "CXPBounty": [115.5999984741211, 115.5999984741211, 115.5999984741211, 115.5999984741211, 115.5999984741211, 115.5999984741211, 115.5999984741211, 115.5999984741211, 115.5999984741211, 115.5999984741211, 115.5999984741211, 115.5999984741211, 115.5999984741211, 115.5999984741211, 115.5999984741211, 115.5999984741211, 115.5999984741211, 115.5999984741211, 115.5999984741211, 115.5999984741211], "CXPSpawnTime": [0.6000000238418579, 0.6000000238418579, 0.6000000238418579, 0.6000000238418579, 0.6000000238418579, 0.6000000238418579, 0.6000000238418579, 0.6000000238418579, 0.6000000238418579, 0.6000000238418579, 0.6000000238418579, 0.6000000238418579, 0.6000000238418579, 0.6000000238418579, 0.6000000238418579, 0.6000000238418579, 0.6000000238418579, 0.6000000238418579, 0.6000000238418579, 0.6000000238418579], "GainXPFromKills": [0.0], "MaxLevel": [15.0], "RefineryPayOut": [0.0], "XPBounty": [24.0], "XPToLevel": [1.0]}}