{"Abilities": {"Alternate": {"Cooldown": [0.0, 0.0, 0.0, 0.0]}, "Primary": {"Cooldown": [0.800000011920929, 0.800000011920929, 0.800000011920929, 0.800000011920929]}, "Secondary": {"Cooldown": [0.0, 0.0, 0.0, 0.0]}, "Ultimate": {"Cooldown": [0.0, 0.0, 0.0]}}, "Stats": {"AttackRating": [130.0], "AttackSpeedRating": [100.0], "BaseAttackTime": [0.800000011920929], "Energy": [0.0], "EnergyRegenRate": [0.0], "MaxEnergy": [0.0], "AbilityResistanceRating": [60.0], "BasicResistanceRating": [40.0, 43.0, 46.0, 49.0, 52.0, 55.0, 58.0, 61.0, 64.0, 67.0, 70.0, 73.0, 76.0, 79.0, 82.0, 82.0, 82.0, 82.0, 82.0, 82.0], "CriticallyWoundedThresholdPCT": [0.0], "Health": [3800.0, 4200.0, 4600.0, 5000.0, 5400.0, 5800.0, 6200.0, 6600.0, 7000.0, 7400.0, 7800.0, 8200.0, 8600.0, 9000.0, 9400.0, 12000.0, 12000.0, 12000.0, 12000.0, 12000.0], "HealthRegenRate": [75.0], "MaxHealth": [3800.0, 4200.0, 4600.0, 5000.0, 5400.0, 5800.0, 6200.0, 6600.0, 7000.0, 7400.0, 7800.0, 8200.0, 8600.0, 9000.0, 9400.0, 9400.0, 9400.0, 9400.0, 9400.0, 9400.0], "MaxMoveSpeed": [3300.0], "VisionRadius": [2000.0], "BountyAssistXPRangeScalar": [1.0], "CXPBounty": [0.0], "CXPSpawnTime": [0.0], "GainXPFromKills": [0.0], "MaxLevel": [15.0], "RefineryPayOut": [0.0], "XPBounty": [200.0], "XPToLevel": [1.0]}}