{"Abilities": {"Alternate": {"Cooldown": [0.0, 0.0, 0.0, 0.0]}, "Primary": {"Cooldown": [0.800000011920929, 0.800000011920929, 0.800000011920929, 0.800000011920929]}, "Secondary": {"Cooldown": [0.0, 0.0, 0.0, 0.0]}, "Ultimate": {"Cooldown": [0.0, 0.0, 0.0]}}, "Stats": {"AttackRating": [70.0], "AttackSpeedRating": [100.0], "BaseAttackTime": [1.0], "Energy": [0.0], "EnergyRegenRate": [0.0], "MaxEnergy": [0.0], "AbilityResistanceRating": [0.0], "BasicResistanceRating": [0.0], "CriticallyWoundedThresholdPCT": [0.0], "Health": [1100.0, 1140.0, 1180.0, 1220.0, 1260.0, 1300.0, 1340.0, 1380.0, 1420.0, 1460.0, 1500.0, 1540.0, 1580.0, 1620.0, 1660.0, 1660.0, 1660.0, 1660.0, 1660.0, 1660.0], "HealthRegenRate": [350.0], "MaxHealth": [1100.0, 1140.0, 1180.0, 1220.0, 1260.0, 1300.0, 1340.0, 1380.0, 1420.0, 1460.0, 1500.0, 1540.0, 1580.0, 1620.0, 1660.0, 1660.0, 1660.0, 1660.0, 1660.0, 1660.0], "MaxMoveSpeed": [1000.0], "VisionRadius": [2000.0], "BountyAssistXPRangeScalar": [1.0], "CXPBounty": [50.0, 50.0, 50.0, 50.0, 50.0, 50.0, 50.0, 50.0, 50.0, 50.0, 50.0, 50.0, 50.0, 50.0, 50.0, 50.0, 50.0, 50.0, 50.0, 50.0], "CXPSpawnTime": [0.8999999761581421, 0.8999999761581421, 0.8999999761581421, 0.8999999761581421, 0.8999999761581421, 0.8999999761581421, 0.8999999761581421, 0.8999999761581421, 0.8999999761581421, 0.8999999761581421, 0.8999999761581421, 0.8999999761581421, 0.8999999761581421, 0.8999999761581421, 0.8999999761581421, 0.8999999761581421, 0.8999999761581421, 0.8999999761581421, 0.8999999761581421, 0.8999999761581421], "GainXPFromKills": [0.0], "MaxLevel": [15.0], "RefineryPayOut": [0.0], "XPBounty": [20.0], "XPToLevel": [1.0]}}