{"Abilities": {"Alternate": {"Cooldown": [0.0, 0.0, 0.0, 0.0]}, "Primary": {"Cooldown": [0.800000011920929, 0.800000011920929, 0.800000011920929, 0.800000011920929]}, "Secondary": {"Cooldown": [0.0, 0.0, 0.0, 0.0]}, "Ultimate": {"Cooldown": [0.0, 0.0, 0.0]}}, "Stats": {"AttackRating": [10.640000343322754], "AttackSpeedRating": [100.0], "BaseAttackTime": [1.5], "Energy": [0.0], "EnergyRegenRate": [0.0], "MaxEnergy": [0.0], "AbilityResistanceRating": [0.0], "BasicResistanceRating": [0.0], "CriticallyWoundedThresholdPCT": [0.0], "Health": [345.0], "HealthRegenRate": [89.69999694824219], "MaxHealth": [345.0], "MaxMoveSpeed": [3900.0], "VisionRadius": [2000.0], "BountyAssistXPRangeScalar": [1.0], "CXPBounty": [160.0, 160.0, 160.0, 160.0, 160.0, 160.0, 160.0, 160.0, 160.0, 160.0, 160.0, 160.0, 160.0, 160.0, 160.0, 160.0, 160.0, 160.0, 160.0, 160.0], "CXPSpawnTime": [0.30000001192092896, 0.30000001192092896, 0.30000001192092896, 0.30000001192092896, 0.30000001192092896, 0.30000001192092896, 0.30000001192092896, 0.30000001192092896, 0.30000001192092896, 0.30000001192092896, 0.30000001192092896, 0.30000001192092896, 0.30000001192092896, 0.30000001192092896, 0.30000001192092896, 0.30000001192092896, 0.30000001192092896, 0.30000001192092896, 0.30000001192092896, 0.30000001192092896], "GainXPFromKills": [0.0], "MaxLevel": [15.0], "RefineryPayOut": [0.0], "XPBounty": [36.0], "XPToLevel": [1.0]}}