{"Abilities": {"Alternate": {"Cooldown": [0.0, 0.0, 0.0, 0.0]}, "Primary": {"Cooldown": [0.800000011920929, 0.800000011920929, 0.800000011920929, 0.800000011920929]}, "Secondary": {"Cooldown": [0.0, 0.0, 0.0, 0.0]}, "Ultimate": {"Cooldown": [0.0, 0.0, 0.0]}}, "Stats": {"AttackRating": [15.199999809265137, 27.979999542236328, 40.7599983215332, 53.540000915527344, 66.31999969482422, 79.0999984741211, 91.87999725341797, 104.66000366210938, 117.44000244140625, 130.22000122070312, 143.0, 155.77999877929688, 168.55999755859375, 181.33999633789062, 194.1199951171875, 194.1199951171875, 194.1199951171875, 194.1199951171875, 194.1199951171875, 194.1199951171875], "AttackSpeedRating": [100.0], "BaseAttackTime": [1.5], "Energy": [0.0], "EnergyRegenRate": [0.0], "MaxEnergy": [0.0], "CriticallyWoundedThresholdPCT": [0.0], "Health": [644.0, 1044.0, 1444.0, 1844.0, 2244.0, 2644.0, 3044.0, 3444.0, 3844.0, 4244.0, 4644.0, 5044.0, 5444.0, 5844.0, 6244.0, 6244.0, 6244.0, 6244.0, 6244.0, 6244.0], "HealthRegenRate": [7.30019998550415, 51.040199279785156, 94.78019714355469, 138.52020263671875, 182.26019287109375, 226.0001983642578, 269.7402038574219, 313.4801940917969, 357.22021484375, 400.960205078125, 444.7001953125, 488.440185546875, 532.18017578125, 575.9202270507812, 619.6602172851562, 619.6602172851562, 619.6602172851562, 619.6602172851562, 619.6602172851562, 619.6602172851562], "MaxHealth": [1058.0, 1598.0, 2138.0, 2678.0, 3218.0, 3758.0, 4298.0, 4838.0, 5378.0, 5918.0, 6458.0, 6998.0, 7538.0, 8078.0, 8618.0, 8618.0, 8618.0, 8618.0, 8618.0, 8618.0], "MaxMoveSpeed": [3900.0], "VisionRadius": [2000.0], "BountyAssistXPRangeScalar": [0.0], "CXPBounty": [160.0, 160.0, 160.0, 160.0, 160.0, 160.0, 160.0, 160.0, 160.0, 160.0, 160.0, 160.0, 160.0, 160.0, 160.0, 160.0, 160.0, 160.0, 160.0, 160.0], "CXPSpawnTime": [0.30000001192092896, 0.30000001192092896, 0.30000001192092896, 0.30000001192092896, 0.30000001192092896, 0.30000001192092896, 0.30000001192092896, 0.30000001192092896, 0.30000001192092896, 0.30000001192092896, 0.30000001192092896, 0.30000001192092896, 0.30000001192092896, 0.30000001192092896, 0.30000001192092896, 0.30000001192092896, 0.30000001192092896, 0.30000001192092896, 0.30000001192092896, 0.30000001192092896], "GainXPFromKills": [0.0], "MaxLevel": [15.0], "RefineryPayOut": [0.0], "XPBounty": [28.799999237060547], "XPToLevel": [1.0]}}