{"Abilities": {"Alternate": {"Cooldown": [0.0, 0.0, 0.0, 0.0]}, "Primary": {"Cooldown": [0.800000011920929, 0.800000011920929, 0.800000011920929, 0.800000011920929]}, "Secondary": {"Cooldown": [0.0, 0.0, 0.0, 0.0]}, "Ultimate": {"Cooldown": [0.0, 0.0, 0.0]}}, "Stats": {"AttackRating": [40.0, 60.0, 75.0, 90.0, 105.0, 120.0, 120.0, 120.0, 120.0, 120.0, 120.0, 120.0, 120.0, 120.0, 120.0, 120.0, 120.0, 120.0, 120.0, 120.0], "AttackSpeedRating": [100.0], "BaseAttackTime": [0.800000011920929], "Energy": [0.0], "EnergyRegenRate": [0.0], "MaxEnergy": [0.0], "CriticallyWoundedThresholdPCT": [0.0], "Health": [3500.0, 7000.0, 10000.0, 13000.0, 17700.0, 22500.0, 22500.0, 22500.0, 22500.0, 22500.0, 22500.0, 22500.0, 22500.0, 22500.0, 22500.0, 22500.0, 22500.0, 22500.0, 22500.0, 22500.0], "HealthRegenRate": [350.0, 700.0, 1000.0, 1300.0, 1770.0, 2250.0, 2250.0, 2250.0, 2250.0, 2250.0, 2250.0, 2250.0, 2250.0, 2250.0, 2250.0, 2250.0, 2250.0, 2250.0, 2250.0, 2250.0], "MaxHealth": [3500.0, 7000.0, 10000.0, 13000.0, 17700.0, 22500.0, 22500.0, 22500.0, 22500.0, 22500.0, 22500.0, 22500.0, 22500.0, 22500.0, 22500.0, 22500.0, 22500.0, 22500.0, 22500.0, 22500.0], "MaxMoveSpeed": [3900.0], "VisionRadius": [2000.0], "BountyAssistXPRangeScalar": [1.0], "CXPBounty": [500.0, 500.0, 500.0, 500.0, 500.0, 500.0, 500.0, 500.0, 500.0, 500.0, 500.0, 500.0, 500.0, 500.0, 500.0, 500.0, 500.0, 500.0, 500.0, 500.0], "CXPSpawnTime": [0.30000001192092896, 0.30000001192092896, 0.30000001192092896, 0.30000001192092896, 0.30000001192092896, 0.30000001192092896, 0.30000001192092896, 0.30000001192092896, 0.30000001192092896, 0.30000001192092896, 0.30000001192092896, 0.30000001192092896, 0.30000001192092896, 0.30000001192092896, 0.30000001192092896, 0.30000001192092896, 0.30000001192092896, 0.30000001192092896, 0.30000001192092896, 0.30000001192092896], "GainXPFromKills": [0.0], "MaxLevel": [15.0], "RefineryPayOut": [0.0], "XPBounty": [66.0], "XPToLevel": [1.0]}}