{"Abilities": {"Alternate": {"Cooldown": [0.0, 0.0, 0.0, 0.0]}, "Primary": {"Cooldown": [0.800000011920929, 0.800000011920929, 0.800000011920929, 0.800000011920929]}, "Secondary": {"Cooldown": [0.0, 0.0, 0.0, 0.0]}, "Ultimate": {"Cooldown": [0.0, 0.0, 0.0]}}, "Stats": {"AttackRating": [25.200000762939453], "AttackSpeedRating": [100.0], "BaseAttackTime": [0.4000000059604645], "Energy": [0.0], "EnergyRegenRate": [0.0], "MaxEnergy": [0.0], "AbilityResistanceRating": [60.0], "BasicResistanceRating": [65.0], "CriticallyWoundedThresholdPCT": [0.0], "Health": [900.0, 1025.0, 1150.0, 1275.0, 1400.0, 1525.0, 1650.0, 1775.0, 1900.0, 2025.0, 2150.0, 2275.0, 2400.0, 2525.0, 2650.0, 2650.0, 2650.0, 2650.0, 2650.0, 2650.0], "HealthRegenRate": [1000.0], "MaxHealth": [900.0, 1025.0, 1150.0, 1275.0, 1400.0, 1525.0, 1650.0, 1775.0, 1900.0, 2025.0, 2150.0, 2275.0, 2400.0, 2525.0, 2650.0, 2650.0, 2650.0, 2650.0, 2650.0, 2650.0], "MaxMoveSpeed": [660.0], "VisionRadius": [2000.0], "BountyAssistXPRangeScalar": [1.0], "CXPBounty": [500.0, 500.0, 500.0, 500.0, 500.0, 500.0, 500.0, 500.0, 500.0, 500.0, 500.0, 500.0, 500.0, 500.0, 500.0, 500.0, 500.0, 500.0, 500.0, 500.0], "CXPSpawnTime": [1.2999999523162842, 1.2999999523162842, 1.2999999523162842, 1.2999999523162842, 1.2999999523162842, 1.2999999523162842, 1.2999999523162842, 1.2999999523162842, 1.2999999523162842, 1.2999999523162842, 1.2999999523162842, 1.2999999523162842, 1.2999999523162842, 1.2999999523162842, 1.2999999523162842, 1.2999999523162842, 1.2999999523162842, 1.2999999523162842, 1.2999999523162842, 1.2999999523162842], "GainXPFromKills": [0.0], "MaxLevel": [15.0], "RefineryPayOut": [0.0], "XPBounty": [50.0], "XPToLevel": [1.0]}}