{"Abilities": {"Alternate": {"Cooldown": [0.0, 0.0, 0.0, 0.0]}, "Primary": {"Cooldown": [0.800000011920929, 0.800000011920929, 0.800000011920929, 0.800000011920929]}, "Secondary": {"Cooldown": [0.0, 0.0, 0.0, 0.0]}, "Ultimate": {"Cooldown": [0.0, 0.0, 0.0]}}, "Stats": {"AttackRating": [18.0], "AttackSpeedRating": [100.0], "BaseAttackTime": [0.4000000059604645], "Energy": [0.0], "EnergyRegenRate": [0.0], "MaxEnergy": [0.0], "CriticallyWoundedThresholdPCT": [0.0], "Health": [1200.0, 1325.0, 1450.0, 1575.0, 1700.0, 1825.0, 1950.0, 2075.0, 2200.0, 2325.0, 2450.0, 2575.0, 2700.0, 2825.0, 2950.0, 2950.0, 2950.0, 2950.0, 2950.0, 2950.0], "HealthRegenRate": [1000.0], "MaxHealth": [1200.0, 1325.0, 1450.0, 1575.0, 1700.0, 1825.0, 1950.0, 2075.0, 2200.0, 2325.0, 2450.0, 2575.0, 2700.0, 2825.0, 2950.0, 2950.0, 2950.0, 2950.0, 2950.0, 2950.0], "MaxMoveSpeed": [780.0], "VisionRadius": [2000.0], "BountyAssistXPRangeScalar": [1.0], "CXPBounty": [800.0, 800.0, 800.0, 800.0, 800.0, 800.0, 800.0, 800.0, 800.0, 800.0, 800.0, 800.0, 800.0, 800.0, 800.0, 800.0, 800.0, 800.0, 800.0, 800.0], "CXPSpawnTime": [1.2999999523162842, 1.2999999523162842, 1.2999999523162842, 1.2999999523162842, 1.2999999523162842, 1.2999999523162842, 1.2999999523162842, 1.2999999523162842, 1.2999999523162842, 1.2999999523162842, 1.2999999523162842, 1.2999999523162842, 1.2999999523162842, 1.2999999523162842, 1.2999999523162842, 1.2999999523162842, 1.2999999523162842, 1.2999999523162842, 1.2999999523162842, 1.2999999523162842], "GainXPFromKills": [0.0], "MaxLevel": [15.0], "RefineryPayOut": [0.0], "XPBounty": [50.0], "XPToLevel": [1.0]}}