{"Abilities": {"Alternate": {"Cooldown": [0.0, 0.0, 0.0, 0.0]}, "Primary": {"Cooldown": [0.800000011920929, 0.800000011920929, 0.800000011920929, 0.800000011920929]}, "Secondary": {"Cooldown": [0.0, 0.0, 0.0, 0.0]}, "Ultimate": {"Cooldown": [0.0, 0.0, 0.0]}}, "Stats": {"AttackRating": [130.0], "AttackSpeedRating": [100.0], "BaseAttackTime": [0.800000011920929], "Energy": [0.0], "EnergyRegenRate": [0.0], "MaxEnergy": [0.0], "CriticallyWoundedThresholdPCT": [0.0], "Health": [7000.0, 7325.0, 7650.0, 7975.0, 8300.0, 8625.0, 8950.0, 9275.0, 9600.0, 9925.0, 10250.0, 10575.0, 10900.0, 11225.0, 11550.0, 12000.0, 12000.0, 12000.0, 12000.0, 12000.0], "HealthRegenRate": [600.0], "MaxHealth": [7000.0, 7325.0, 7650.0, 7975.0, 8300.0, 8625.0, 8950.0, 9275.0, 9600.0, 9925.0, 10250.0, 10575.0, 10900.0, 11225.0, 11550.0, 11550.0, 11550.0, 11550.0, 11550.0, 11550.0], "MaxMoveSpeed": [3900.0], "VisionRadius": [2000.0], "BountyAssistXPRangeScalar": [1.0], "CXPBounty": [0.0], "CXPSpawnTime": [0.0], "GainXPFromKills": [0.0], "MaxLevel": [15.0], "RefineryPayOut": [0.0], "XPBounty": [200.0], "XPToLevel": [1.0]}}