{"Abilities": {"Alternate": {"Cooldown": [0.0, 0.0, 0.0, 0.0]}, "Primary": {"Cooldown": [0.800000011920929, 0.800000011920929, 0.800000011920929, 0.800000011920929]}, "Secondary": {"Cooldown": [0.0, 0.0, 0.0, 0.0]}, "Ultimate": {"Cooldown": [0.0, 0.0, 0.0]}}, "Stats": {"AttackRating": [16.0], "AttackSpeedRating": [100.0], "BaseAttackTime": [0.75], "Energy": [0.0], "EnergyRegenRate": [0.0], "MaxEnergy": [0.0], "AbilityResistanceRating": [42.0], "BasicResistanceRating": [20.0], "CriticallyWoundedThresholdPCT": [0.0], "Health": [1190.0], "HealthRegenRate": [270.0], "MaxHealth": [1190.0], "MaxMoveSpeed": [1000.0], "VisionRadius": [2000.0], "BountyAssistXPRangeScalar": [1.0], "CXPBounty": [90.0, 90.0, 90.0, 90.0, 90.0, 90.0, 90.0, 90.0, 90.0, 90.0, 90.0, 90.0, 90.0, 90.0, 90.0, 90.0, 90.0, 90.0, 90.0, 90.0], "CXPSpawnTime": [0.8999999761581421, 0.8999999761581421, 0.8999999761581421, 0.8999999761581421, 0.8999999761581421, 0.8999999761581421, 0.8999999761581421, 0.8999999761581421, 0.8999999761581421, 0.8999999761581421, 0.8999999761581421, 0.8999999761581421, 0.8999999761581421, 0.8999999761581421, 0.8999999761581421, 0.8999999761581421, 0.8999999761581421, 0.8999999761581421, 0.8999999761581421, 0.8999999761581421], "GainXPFromKills": [0.0], "MaxLevel": [3.0], "RefineryPayOut": [16.5, 16.5, 16.5, 16.5, 16.5, 16.5, 16.5, 16.5, 16.5, 16.5, 16.5, 16.5, 16.5, 16.5, 16.5, 16.5, 16.5, 16.5, 16.5, 16.5], "XPBounty": [44.0], "XPToLevel": [1.0]}}