{"Abilities": {"Alternate": {"Cooldown": [0.0, 0.0, 0.0, 0.0]}, "Primary": {"Cooldown": [0.800000011920929, 0.800000011920929, 0.800000011920929, 0.800000011920929]}, "Secondary": {"Cooldown": [0.0, 0.0, 0.0, 0.0]}, "Ultimate": {"Cooldown": [0.0, 0.0, 0.0]}}, "Stats": {"AttackRating": [3.5999999046325684], "AttackSpeedRating": [100.0], "BaseAttackTime": [0.5], "Energy": [0.0], "EnergyRegenRate": [0.0], "MaxEnergy": [0.0], "AbilityResistanceRating": [42.0], "BasicResistanceRating": [22.0], "CriticallyWoundedThresholdPCT": [0.0], "Health": [1056.0], "HealthRegenRate": [180.0], "MaxHealth": [1056.0], "MaxMoveSpeed": [1000.0], "VisionRadius": [2000.0], "BountyAssistXPRangeScalar": [1.0], "CXPBounty": [67.5, 67.5, 67.5, 67.5, 67.5, 67.5, 67.5, 67.5, 67.5, 67.5, 67.5, 67.5, 67.5, 67.5, 67.5, 67.5, 67.5, 67.5, 67.5, 67.5], "CXPSpawnTime": [0.30000001192092896, 0.30000001192092896, 0.30000001192092896, 0.30000001192092896, 0.30000001192092896, 0.30000001192092896, 0.30000001192092896, 0.30000001192092896, 0.30000001192092896, 0.30000001192092896, 0.30000001192092896, 0.30000001192092896, 0.30000001192092896, 0.30000001192092896, 0.30000001192092896, 0.30000001192092896, 0.30000001192092896, 0.30000001192092896, 0.30000001192092896, 0.30000001192092896], "GainXPFromKills": [0.0], "MaxLevel": [3.0], "RefineryPayOut": [19.799999237060547, 19.799999237060547, 19.799999237060547, 19.799999237060547, 19.799999237060547, 19.799999237060547, 19.799999237060547, 19.799999237060547, 19.799999237060547, 19.799999237060547, 19.799999237060547, 19.799999237060547, 19.799999237060547, 19.799999237060547, 19.799999237060547, 19.799999237060547, 19.799999237060547, 19.799999237060547, 19.799999237060547, 19.799999237060547], "XPBounty": [22.0], "XPToLevel": [1.0]}}