{"Abilities": {"Alternate": {"Cooldown": [8.0, 8.0, 8.0, 8.0], "Cost": [-80.0, -90.0, -100.0, -110.0], "Charge.Count": [2.0, 2.0, 2.0, 2.0], "Charge.Refresh": [16.0, 14.0, 12.0, 10.0], "Range": [640.0, 640.0, 640.0, 640.0], "Range.Duration": [0.4000000059604645, 0.4000000059604645, 0.4000000059604645, 0.4000000059604645], "Range.Force": [1600.0, 1600.0, 1600.0, 1600.0], "Recast.Duration": [3.0, 3.0, 3.0, 3.0], "ARC": [1.2535713911056519, 1.2535713911056519, 1.2535713911056519, 1.2535713911056519], "BasePower": [70.19999694824219, 105.30000305175781, 140.39999389648438, 175.5]}, "Primary": {"Cooldown": [2.0, 2.0, 2.0, 2.0], "Cost": [-60.0, -65.0, -70.0, -75.0], "Charge.Count": [3.0, 3.0, 3.0, 3.0], "Charge.Refresh": [7.0, 7.0, 7.0, 7.0], "Range": [1500.0, 1500.0, 1500.0, 1500.0], "ARC": [1.2535713911056519, 1.2535713911056519, 1.2535713911056519, 1.2535713911056519], "BasePower": [70.19999694824219, 105.30000305175781, 140.39999389648438, 175.5]}, "Secondary": {"Cooldown": [8.0, 8.0, 8.0, 8.0], "Cost": [-110.0, -110.0, -110.0, -110.0], "Duration": [3.0999999046325684, 3.0999999046325684, 3.0999999046325684, 3.0999999046325684], "Heal.ARC": [0.0, 0.0, 0.0, 0.0], "Heal.Base": [20.0, 35.0, 50.0, 65.0], "ARC": [0.8357142806053162, 0.8357142806053162, 0.8357142806053162, 0.8357142806053162], "BasePower": [46.79999923706055, 70.19999694824219, 93.5999984741211, 117.0]}, "Ultimate": {"Cooldown": [90.0, 75.0, 60.0], "Cost": [-100.0, -150.0, -200.0], "Stacks.Max": [8.0, 8.0, 8.0], "Stacks.Timeout": [10.0, 10.0, 10.0], "ARC": [1.0446428060531616, 1.0446428060531616, 1.0446428060531616], "BasePower": [64.3499984741211, 93.5999984741211, 122.8499984741211]}}, "Stats": {"AbilityPenetrationRating": [0.0], "AttackRating": [0.0], "AttackSpeedRating": [100.0, 101.3499984741211, 102.69999694824219, 104.05000305175781, 105.4000015258789, 106.75, 108.0999984741211, 109.44999694824219, 110.80000305175781, 112.1500015258789, 113.5, 114.8499984741211, 116.19999694824219, 117.55000305175781, 118.9000015258789, 120.25, 121.5999984741211, 122.94999694824219, 124.30000305175781, 125.6500015258789], "BaseAttackTime": [0.8500000238418579], "BasicPenetrationRating": [0.0], "CleaveRating": [0.10000000149011612], "CriticalDamageBonus": [1.0], "LeftClickARC": [1.0], "LeftClickBasePower": [52.91999816894531, 54.959999084472656, 57.0, 59.040000915527344, 61.08000183105469, 63.119998931884766, 65.16000366210938, 67.19999694824219, 69.23999786376953, 71.27999877929688, 73.31999969482422, 75.36000061035156, 77.4000015258789, 79.44000244140625, 81.4800033569336, 83.5199966430664, 85.55999755859375, 87.5999984741211, 89.63999938964844, 91.68000030517578], "Energy": [390.0, 420.0, 450.0, 480.0, 510.0, 540.0, 570.0, 600.0, 630.0, 660.0, 690.0, 720.0, 750.0, 780.0, 810.0, 840.0, 870.0, 900.0, 930.0, 960.0], "EnergyRegenRate": [1.7000000476837158, 1.7999999523162842, 1.899999976158142, 2.0, 2.0999999046325684, 2.200000047683716, 2.299999952316284, 2.4000000953674316, 2.5, 2.5999999046325684, 2.700000047683716, 2.799999952316284, 2.9000000953674316, 3.0, 3.0999999046325684, 3.200000047683716, 3.299999952316284, 3.4000000953674316, 3.5, 3.5999999046325684], "MaxEnergy": [390.0, 420.0, 450.0, 480.0, 510.0, 540.0, 570.0, 600.0, 630.0, 660.0, 690.0, 720.0, 750.0, 780.0, 810.0, 840.0, 870.0, 900.0, 930.0, 960.0], "AbilityResistanceRating": [25.0], "BasicResistanceRating": [19.583999633789062, 21.649499893188477, 23.71500015258789, 25.780500411987305, 27.84600067138672, 29.911500930786133, 31.976999282836914, 34.04249954223633, 36.108001708984375, 38.173500061035156, 40.23899841308594, 42.304500579833984, 44.369998931884766, 46.43550109863281, 48.500999450683594, 50.56650161743164, 52.63199996948242, 54.6974983215332, 56.76300048828125, 58.82849884033203], "CriticallyWoundedThresholdPCT": [0.25], "Health": [623.8079833984375, 689.3280029296875, 754.8480224609375, 820.3679809570312, 885.8880004882812, 951.4080200195312, 1016.927978515625, 1082.447998046875, 1147.968017578125, 1213.488037109375, 1279.008056640625, 1344.5279541015625, 1410.0479736328125, 1475.5679931640625, 1541.0880126953125, 1606.6080322265625, 1672.1280517578125, 1737.64794921875, 1803.16796875, 1868.68798828125], "HealthRegenRate": [0.9626666903495789, 1.0666667222976685, 1.1706666946411133, 1.274666666984558, 1.378666639328003, 1.4826666116714478, 1.5866667032241821, 1.690666675567627, 1.7946666479110718, 1.8986666202545166, 2.002666711807251, 2.1066665649414062, 2.2106666564941406, 2.314666748046875, 2.4186666011810303, 2.5226666927337646, 2.626666784286499, 2.7306666374206543, 2.8346667289733887, 2.938666582107544], "MaxHealth": [623.8079833984375, 689.3280029296875, 754.8480224609375, 820.3679809570312, 885.8880004882812, 951.4080200195312, 1016.927978515625, 1082.447998046875, 1147.968017578125, 1213.488037109375, 1279.008056640625, 1344.5279541015625, 1410.0479736328125, 1475.5679931640625, 1541.0880126953125, 1606.6080322265625, 1672.1280517578125, 1737.64794921875, 1803.16796875, 1868.68798828125], "MaxMoveSpeed": [695.0], "VisionRadius": [5000.0], "CXPBounty": [455.0], "CXPSpawnTime": [1.5], "GainXPFromKills": [1.0], "MaxCardLevel": [20.0], "MaxLevel": [20.0], "XPBounty": [55.0, 66.96094512939453, 78.8006591796875, 90.35697174072266, 101.83509063720703, 135.3509063720703, 148.71578979492188, 162.11434936523438, 175.35400390625, 182.0854949951172, 220.5879669189453, 228.08668518066406, 235.84031677246094, 243.85751342773438, 252.1472625732422, 297.96435546875, 308.0934143066406, 318.5668029785156, 329.396240234375, 340.59381103515625], "XPToLevel": [110.0, 133.92189025878906, 157.601318359375, 180.7139434814453, 203.67018127441406, 225.5848388671875, 247.8596649169922, 270.1905822753906, 292.2566833496094, 303.475830078125, 315.12567138671875, 325.8381042480469, 336.91473388671875, 348.3678894042969, 360.21038818359375, 372.4554443359375, 385.11676025390625, 398.2085266113281, 411.74530029296875, 425.74224853515625]}}