{"Abilities": {"Alternate": {"Cooldown": [8.0, 8.0, 8.0, 8.0], "Cost": [-80.0, -90.0, -100.0, -110.0], "Charge.Count": [2.0, 2.0, 2.0, 2.0], "Charge.Refresh": [16.0, 14.0, 12.0, 10.0], "Range": [640.0, 640.0, 640.0, 640.0], "Range.Duration": [0.4000000059604645, 0.4000000059604645, 0.4000000059604645, 0.4000000059604645], "Range.Force": [1600.0, 1600.0, 1600.0, 1600.0], "Recast.Duration": [3.0, 3.0, 3.0, 3.0], "ARC": [1.25, 1.25, 1.25, 1.25], "BasePower": [70.0, 105.0, 140.0, 175.0]}, "Primary": {"Cooldown": [2.0, 2.0, 2.0, 2.0], "Cost": [-50.0, -54.0, -58.0, -62.0], "Charge.Count": [3.0, 3.0, 3.0, 3.0], "Charge.Refresh": [7.0, 7.0, 7.0, 7.0], "Range": [1500.0, 1500.0, 1500.0, 1500.0], "ARC": [1.25, 1.25, 1.25, 1.25], "BasePower": [70.0, 105.0, 140.0, 175.0]}, "Secondary": {"Cooldown": [8.0, 8.0, 8.0, 8.0], "Cost": [-110.0, -110.0, -110.0, -110.0], "Duration": [3.0999999046325684, 3.0999999046325684, 3.0999999046325684, 3.0999999046325684], "Heal.ARC": [0.0, 0.0, 0.0, 0.0], "Heal.Base": [20.0, 35.0, 50.0, 65.0], "ARC": [0.8399999737739563, 0.8399999737739563, 0.8399999737739563, 0.8399999737739563], "BasePower": [47.0, 70.0, 94.0, 117.0]}, "Ultimate": {"Cooldown": [90.0, 75.0, 60.0], "Cost": [-100.0, -150.0, -200.0], "Stacks.Max": [8.0, 8.0, 8.0], "Stacks.Timeout": [10.0, 10.0, 10.0], "ARC": [1.0399999618530273, 1.0399999618530273, 1.0399999618530273], "BasePower": [64.0, 94.0, 123.0]}}, "Stats": {"AbilityPenetrationRating": [0.0], "AttackRating": [0.0], "AttackSpeedRating": [100.0, 101.30000305175781, 102.69999694824219, 104.0999984741211, 105.4000015258789, 106.80000305175781, 108.0999984741211, 109.5, 110.80000305175781, 112.19999694824219, 113.5, 114.80000305175781, 116.19999694824219, 117.5999984741211, 118.9000015258789, 120.30000305175781, 121.5999984741211, 123.0, 124.30000305175781, 125.69999694824219], "BaseAttackTime": [0.8500000238418579], "BasicPenetrationRating": [0.0], "CleaveRating": [0.10000000149011612], "CriticalDamageBonus": [1.0], "LeftClickARC": [1.0], "LeftClickBasePower": [52.900001525878906, 55.0, 57.0, 59.0, 61.099998474121094, 63.099998474121094, 65.19999694824219, 67.19999694824219, 69.19999694824219, 71.30000305175781, 73.30000305175781, 75.4000015258789, 77.4000015258789, 79.4000015258789, 81.5, 83.5, 85.5999984741211, 87.5999984741211, 89.5999984741211, 91.69999694824219], "Energy": [390.0, 420.0, 450.0, 480.0, 510.0, 540.0, 570.0, 600.0, 630.0, 660.0, 690.0, 720.0, 750.0, 780.0, 810.0, 840.0, 870.0, 900.0, 930.0, 960.0], "EnergyRegenRate": [1.7000000476837158, 1.7999999523162842, 1.899999976158142, 2.0, 2.0999999046325684, 2.200000047683716, 2.299999952316284, 2.4000000953674316, 2.5, 2.5999999046325684, 2.700000047683716, 2.799999952316284, 2.9000000953674316, 3.0, 3.0999999046325684, 3.200000047683716, 3.299999952316284, 3.4000000953674316, 3.5, 3.5999999046325684], "MaxEnergy": [390.0, 420.0, 450.0, 480.0, 510.0, 540.0, 570.0, 600.0, 630.0, 660.0, 690.0, 720.0, 750.0, 780.0, 810.0, 840.0, 870.0, 900.0, 930.0, 960.0], "AbilityResistanceRating": [30.0], "BasicResistanceRating": [19.600000381469727, 21.600000381469727, 23.700000762939453, 25.799999237060547, 27.799999237060547, 29.899999618530273, 32.0, 34.0, 36.099998474121094, 38.20000076293945, 40.20000076293945, 42.29999923706055, 44.400001525878906, 46.400001525878906, 48.5, 50.599998474121094, 52.599998474121094, 54.70000076293945, 56.79999923706055, 58.79999923706055], "CriticallyWoundedThresholdPCT": [0.25], "Health": [624.0, 689.0, 755.0, 820.0, 886.0, 951.0, 1017.0, 1082.0, 1148.0, 1213.0, 1279.0, 1345.0, 1410.0, 1476.0, 1541.0, 1607.0, 1672.0, 1738.0, 1803.0, 1869.0], "HealthRegenRate": [0.9599999785423279, 1.0700000524520874, 1.1699999570846558, 1.2699999809265137, 1.3799999952316284, 1.4800000190734863, 1.590000033378601, 1.690000057220459, 1.7899999618530273, 1.899999976158142, 2.0, 2.109999895095825, 2.2100000381469727, 2.309999942779541, 2.4200000762939453, 2.5199999809265137, 2.630000114440918, 2.7300000190734863, 2.8299999237060547, 2.940000057220459], "MaxHealth": [624.0, 689.0, 755.0, 820.0, 886.0, 951.0, 1017.0, 1082.0, 1148.0, 1213.0, 1279.0, 1345.0, 1410.0, 1476.0, 1541.0, 1607.0, 1672.0, 1738.0, 1803.0, 1869.0], "MaxMoveSpeed": [710.0], "VisionRadius": [5000.0], "CXPBounty": [550.0], "CXPSpawnTime": [1.5], "GainXPFromKills": [1.0], "MaxCardLevel": [20.0], "MaxLevel": [20.0], "XPBounty": [55.0, 66.96094512939453, 78.8006591796875, 90.35697174072266, 101.83509063720703, 135.3509063720703, 148.71578979492188, 162.11434936523438, 175.35400390625, 182.0854949951172, 220.5879669189453, 228.08668518066406, 235.84031677246094, 243.85751342773438, 252.1472625732422, 297.96435546875, 308.0934143066406, 318.5668029785156, 329.396240234375, 340.59381103515625], "XPToLevel": [110.0, 133.92189025878906, 157.601318359375, 180.7139434814453, 203.67018127441406, 225.5848388671875, 247.8596649169922, 270.1905822753906, 292.2566833496094, 303.475830078125, 315.12567138671875, 325.8381042480469, 336.91473388671875, 348.3678894042969, 360.21038818359375, 372.4554443359375, 385.11676025390625, 398.2085266113281, 411.74530029296875, 425.74224853515625]}}