{"Abilities": {"Alternate": {"Cooldown": [7.0, 7.0, 7.0, 7.0], "Cost": [-100.0, -100.0, -100.0, -100.0], "Movespeed.Max.Duration": [2.0, 2.0, 2.0, 2.0], "Movespeed.Max.Magnitude": [150.0, 175.0, 200.0, 225.0], "Movespeed.Stack.Count": [10.0, 10.0, 10.0, 10.0], "Movespeed.Stack.Duration": [0.20000000298023224, 0.20000000298023224, 0.20000000298023224, 0.20000000298023224], "Movespeed.Stack.Magnitude": [15.0, 17.5, 20.0, 22.5], "ARC": [0.0, 0.0, 0.0, 0.0], "BasePower": [0.0, 0.0, 0.0, 0.0], "Duration.Abilitiy.Alternate": [2.0, 2.0, 2.0, 2.0], "Shield": [93.5999984741211, 140.39999389648438, 187.1999969482422, 234.0]}, "Primary": {"Cooldown": [6.0, 6.0, 6.0, 6.0], "Cost": [-75.0, -85.0, -95.0, -105.0], "Range": [1800.0, 1800.0, 1800.0, 1800.0], "ARC": [1.6714285612106323, 1.6714285612106323, 1.6714285612106323, 1.6714285612106323], "BasePower": [93.5999984741211, 140.39999389648438, 187.1999969482422, 234.0], "Duration": [3.0, 3.0, 3.0, 3.0], "Slow": [-200.0, -250.0, -300.0, -350.0]}, "Secondary": {"Cooldown": [10.0, 10.0, 10.0, 10.0], "Cost": [-100.0, -115.0, -130.0, -145.0], "Range": [1600.0, 1600.0, 1600.0, 1600.0], "Shield.Duration": [2.5, 2.5, 2.5, 2.5], "ARC": [1.2535713911056519, 1.2535713911056519, 1.2535713911056519, 1.2535713911056519], "BasePower": [70.19999694824219, 105.30000305175781, 140.39999389648438, 175.5], "DelayDuration": [1.0499999523162842, 1.0499999523162842, 1.0499999523162842, 1.0499999523162842], "Shield": [204.75, 310.04998779296875, 415.3500061035156, 520.6500244140625], "ShieldDuration": [2.0, 2.0, 2.0, 2.0]}, "Ultimate": {"Cooldown": [130.0, 120.0, 110.0], "Cost": [-150.0, -225.0, -300.0], "Shield.Duration": [3.0, 3.0, 3.0], "Slow.Duration": [2.0, 2.0, 2.0], "Slow.Magnitude": [-400.0, -400.0, -400.0], "Stun.Duration": [1.0, 1.0, 1.0], "ARC": [0.0, 0.0, 0.0], "BasePower": [0.0, 0.0, 0.0], "Shield": [409.5, 702.0, 994.5]}}, "Stats": {"AbilityPenetrationRating": [0.0], "AttackRating": [0.0], "AttackSpeedRating": [100.0], "BaseAttackTime": [0.949999988079071], "BasicPenetrationRating": [0.0], "CleaveRating": [0.0], "CriticalDamageBonus": [1.0], "LeftClickARC": [1.0], "LeftClickBasePower": [52.91999816894531, 54.959999084472656, 57.0, 59.040000915527344, 61.08000183105469, 63.119998931884766, 65.16000366210938, 67.19999694824219, 69.23999786376953, 71.27999877929688, 73.31999969482422, 75.36000061035156, 77.4000015258789, 79.44000244140625, 81.4800033569336, 83.5199966430664, 85.55999755859375, 87.5999984741211, 89.63999938964844, 91.68000030517578], "Energy": [429.0, 463.5, 498.0, 532.5, 567.0, 601.5, 636.0, 670.5, 705.0, 739.5, 774.0, 808.5, 843.0, 877.5, 912.0, 946.5, 981.0, 1015.5, 1050.0, 1084.5], "EnergyRegenRate": [1.7649999856948853, 1.8799999952316284, 1.9950000047683716, 2.109999895095825, 2.2249999046325684, 2.3399999141693115, 2.4549999237060547, 2.569999933242798, 2.684999942779541, 2.799999952316284, 2.9149999618530273, 3.0299999713897705, 3.1449999809265137, 3.259999990463257, 3.375, 3.490000009536743, 3.6050000190734863, 3.7200000286102295, 3.8350000381469727, 3.950000047683716], "MaxEnergy": [429.0, 463.5, 498.0, 532.5, 567.0, 601.5, 636.0, 670.5, 705.0, 739.5, 774.0, 808.5, 843.0, 877.5, 912.0, 946.5, 981.0, 1015.5, 1050.0, 1084.5], "AbilityResistanceRating": [25.0], "BasicResistanceRating": [16.31999969482422, 18.041250228881836, 19.762500762939453, 21.483749389648438, 23.204999923706055, 24.926250457763672, 26.647499084472656, 28.368749618530273, 30.09000015258789, 31.811250686645508, 33.532501220703125, 35.25374984741211, 36.974998474121094, 38.696250915527344, 40.41749954223633, 42.13874816894531, 43.86000061035156, 45.58124923706055, 47.3025016784668, 49.02375030517578], "CriticallyWoundedThresholdPCT": [0.25], "Health": [560.27197265625, 617.6799926757812, 675.0880126953125, 732.4959716796875, 789.9039916992188, 847.31201171875, 904.719970703125, 962.1279907226562, 1019.5360107421875, 1076.9439697265625, 1134.35205078125, 1191.760009765625, 1249.16796875, 1306.5760498046875, 1363.9840087890625, 1421.3919677734375, 1478.800048828125, 1536.2080078125, 1593.615966796875, 1651.0240478515625], "HealthRegenRate": [0.9626666903495789, 1.0666667222976685, 1.1706666946411133, 1.274666666984558, 1.378666639328003, 1.4826666116714478, 1.5866667032241821, 1.690666675567627, 1.7946666479110718, 1.8986666202545166, 2.002666711807251, 2.1066665649414062, 2.2106666564941406, 2.314666748046875, 2.4186666011810303, 2.5226666927337646, 2.626666784286499, 2.7306666374206543, 2.8346667289733887, 2.938666582107544], "MaxHealth": [560.27197265625, 617.6799926757812, 675.0880126953125, 732.4959716796875, 789.9039916992188, 847.31201171875, 904.719970703125, 962.1279907226562, 1019.5360107421875, 1076.9439697265625, 1134.35205078125, 1191.760009765625, 1249.16796875, 1306.5760498046875, 1363.9840087890625, 1421.3919677734375, 1478.800048828125, 1536.2080078125, 1593.615966796875, 1651.0240478515625], "MaxMoveSpeed": [695.0], "VisionRadius": [5000.0], "CXPBounty": [455.0], "CXPSpawnTime": [1.5], "GainXPFromKills": [1.0], "MaxCardLevel": [20.0], "MaxLevel": [20.0], "XPBounty": [55.0, 66.96094512939453, 78.8006591796875, 90.35697174072266, 101.83509063720703, 135.3509063720703, 148.71578979492188, 162.11434936523438, 175.35400390625, 182.0854949951172, 220.5879669189453, 228.08668518066406, 235.84031677246094, 243.85751342773438, 252.1472625732422, 297.96435546875, 308.0934143066406, 318.5668029785156, 329.396240234375, 340.59381103515625], "XPToLevel": [110.0, 133.92189025878906, 157.601318359375, 180.7139434814453, 203.67018127441406, 225.5848388671875, 247.8596649169922, 270.1905822753906, 292.2566833496094, 303.475830078125, 315.12567138671875, 325.8381042480469, 336.91473388671875, 348.3678894042969, 360.21038818359375, 372.4554443359375, 385.11676025390625, 398.2085266113281, 411.74530029296875, 425.74224853515625]}}