{"Abilities": {"Alternate": {"Cooldown": [7.0, 7.0, 7.0, 7.0], "Cost": [-100.0, -100.0, -100.0, -100.0], "Movespeed.Max.Duration": [2.0, 2.0, 2.0, 2.0], "Movespeed.Max.Magnitude": [150.0, 175.0, 200.0, 225.0], "Movespeed.Stack.Count": [10.0, 10.0, 10.0, 10.0], "Movespeed.Stack.Duration": [0.20000000298023224, 0.20000000298023224, 0.20000000298023224, 0.20000000298023224], "Movespeed.Stack.Magnitude": [15.0, 17.5, 20.0, 22.5], "ARC": [0.0, 0.0, 0.0, 0.0], "BasePower": [0.0, 0.0, 0.0, 0.0], "Duration.Abilitiy.Alternate": [2.0, 2.0, 2.0, 2.0], "Shield": [94.0, 140.0, 187.0, 234.0]}, "Primary": {"Cooldown": [6.0, 6.0, 6.0, 6.0], "Cost": [-75.0, -85.0, -95.0, -105.0], "Range": [1800.0, 1800.0, 1800.0, 1800.0], "ARC": [1.6699999570846558, 1.6699999570846558, 1.6699999570846558, 1.6699999570846558], "BasePower": [94.0, 140.0, 187.0, 234.0], "Duration": [3.0, 3.0, 3.0, 3.0], "Slow": [-200.0, -250.0, -300.0, -350.0]}, "Secondary": {"Cooldown": [10.0, 10.0, 10.0, 10.0], "Cost": [-100.0, -115.0, -130.0, -145.0], "Range": [1600.0, 1600.0, 1600.0, 1600.0], "Shield.Duration": [2.5, 2.5, 2.5, 2.5], "ARC": [1.25, 1.25, 1.25, 1.25], "BasePower": [70.0, 105.0, 140.0, 175.0], "DelayDuration": [1.0499999523162842, 1.0499999523162842, 1.0499999523162842, 1.0499999523162842], "Shield": [205.0, 310.0, 415.0, 521.0], "ShieldDuration": [2.0, 2.0, 2.0, 2.0]}, "Ultimate": {"Cooldown": [130.0, 120.0, 110.0], "Cost": [-150.0, -225.0, -300.0], "Shield.Duration": [3.0, 3.0, 3.0], "Slow.Duration": [2.0, 2.0, 2.0], "Slow.Magnitude": [-400.0, -400.0, -400.0], "Stun.Duration": [1.0, 1.0, 1.0], "ARC": [0.0, 0.0, 0.0], "BasePower": [0.0, 0.0, 0.0], "Shield": [410.0, 702.0, 995.0]}}, "Stats": {"AbilityPenetrationRating": [0.0], "AttackRating": [0.0], "AttackSpeedRating": [100.0], "BaseAttackTime": [0.949999988079071], "BasicPenetrationRating": [0.0], "CleaveRating": [0.0], "CriticalDamageBonus": [1.0], "LeftClickARC": [1.0], "LeftClickBasePower": [52.900001525878906, 55.0, 57.0, 59.0, 61.099998474121094, 63.099998474121094, 65.19999694824219, 67.19999694824219, 69.19999694824219, 71.30000305175781, 73.30000305175781, 75.4000015258789, 77.4000015258789, 79.4000015258789, 81.5, 83.5, 85.5999984741211, 87.5999984741211, 89.5999984741211, 91.69999694824219], "Energy": [429.0, 464.0, 498.0, 533.0, 567.0, 602.0, 636.0, 671.0, 705.0, 740.0, 774.0, 809.0, 843.0, 878.0, 912.0, 947.0, 981.0, 1016.0, 1050.0, 1085.0], "EnergyRegenRate": [1.7599999904632568, 1.8799999952316284, 1.9900000095367432, 2.109999895095825, 2.2200000286102295, 2.3399999141693115, 2.450000047683716, 2.569999933242798, 2.680000066757202, 2.799999952316284, 2.9100000858306885, 3.0299999713897705, 3.140000104904175, 3.259999990463257, 3.369999885559082, 3.490000009536743, 3.5999999046325684, 3.7200000286102295, 3.8299999237060547, 3.950000047683716], "MaxEnergy": [429.0, 464.0, 498.0, 533.0, 567.0, 602.0, 636.0, 671.0, 705.0, 740.0, 774.0, 809.0, 843.0, 878.0, 912.0, 947.0, 981.0, 1016.0, 1050.0, 1085.0], "AbilityResistanceRating": [25.0], "BasicResistanceRating": [16.299999237060547, 18.0, 19.799999237060547, 21.5, 23.200000762939453, 24.899999618530273, 26.600000381469727, 28.399999618530273, 30.100000381469727, 31.799999237060547, 33.5, 35.29999923706055, 37.0, 38.70000076293945, 40.400001525878906, 42.099998474121094, 43.900001525878906, 45.599998474121094, 47.29999923706055, 49.0], "CriticallyWoundedThresholdPCT": [0.25], "Health": [560.0, 618.0, 675.0, 732.0, 790.0, 847.0, 905.0, 962.0, 1020.0, 1077.0, 1134.0, 1192.0, 1249.0, 1307.0, 1364.0, 1421.0, 1479.0, 1536.0, 1594.0, 1651.0], "HealthRegenRate": [0.9599999785423279, 1.0700000524520874, 1.1699999570846558, 1.2699999809265137, 1.3799999952316284, 1.4800000190734863, 1.590000033378601, 1.690000057220459, 1.7899999618530273, 1.899999976158142, 2.0, 2.109999895095825, 2.2100000381469727, 2.309999942779541, 2.4200000762939453, 2.5199999809265137, 2.630000114440918, 2.7300000190734863, 2.8299999237060547, 2.940000057220459], "MaxHealth": [560.0, 618.0, 675.0, 732.0, 790.0, 847.0, 905.0, 962.0, 1020.0, 1077.0, 1134.0, 1192.0, 1249.0, 1307.0, 1364.0, 1421.0, 1479.0, 1536.0, 1594.0, 1651.0], "MaxMoveSpeed": [695.0], "VisionRadius": [5000.0], "CXPBounty": [550.0], "CXPSpawnTime": [1.5], "GainXPFromKills": [1.0], "MaxCardLevel": [20.0], "MaxLevel": [20.0], "XPBounty": [55.0, 66.96094512939453, 78.8006591796875, 90.35697174072266, 101.83509063720703, 135.3509063720703, 148.71578979492188, 162.11434936523438, 175.35400390625, 182.0854949951172, 220.5879669189453, 228.08668518066406, 235.84031677246094, 243.85751342773438, 252.1472625732422, 297.96435546875, 308.0934143066406, 318.5668029785156, 329.396240234375, 340.59381103515625], "XPToLevel": [110.0, 133.92189025878906, 157.601318359375, 180.7139434814453, 203.67018127441406, 225.5848388671875, 247.8596649169922, 270.1905822753906, 292.2566833496094, 303.475830078125, 315.12567138671875, 325.8381042480469, 336.91473388671875, 348.3678894042969, 360.21038818359375, 372.4554443359375, 385.11676025390625, 398.2085266113281, 411.74530029296875, 425.74224853515625]}}