{"Abilities": {"Alternate": {"Cooldown": [7.0, 7.0, 7.0, 7.0], "Cost": [-70.0, -70.0, -70.0, -70.0], "Movespeed.Max.Duration": [2.0, 2.25, 2.5, 2.75], "Movespeed.Max.Magnitude": [0.3499999940395355, 0.3499999940395355, 0.3499999940395355, 0.3499999940395355], "Movespeed.Stack.Count": [10.0, 10.0, 10.0, 10.0], "Movespeed.Stack.Duration": [0.20000000298023224, 0.22499999403953552, 0.25, 0.2750000059604645], "Movespeed.Stack.Magnitude": [0.03500000014901161, 0.03500000014901161, 0.03500000014901161, 0.03500000014901161], "ARC": [0.0, 0.0, 0.0, 0.0], "BasePower": [0.0, 0.0, 0.0, 0.0], "Duration.Abilitiy.Alternate": [2.0, 2.25, 2.5, 2.75], "Shield": [99.0, 146.0, 193.0, 240.0]}, "Primary": {"Cooldown": [6.0, 6.0, 6.0, 6.0], "Cost": [-75.0, -85.0, -95.0, -105.0], "Range": [1800.0, 1800.0, 1800.0, 1800.0], "ARC": [2.7200000286102295, 2.7200000286102295, 2.7200000286102295, 2.7200000286102295], "BasePower": [117.0, 193.0, 269.0, 345.0], "Duration": [3.0, 3.0, 3.0, 3.0], "Slow": [-0.30000001192092896, -0.3400000035762787, -0.3799999952316284, -0.41999998688697815]}, "Secondary": {"Cooldown": [9.0, 9.0, 9.0, 9.0], "Cost": [-100.0, -115.0, -130.0, -145.0], "Range": [1600.0, 1600.0, 1600.0, 1600.0], "Shield.Duration": [3.0, 3.0, 3.0, 3.0], "ARC": [1.25, 1.25, 1.25, 1.25], "BasePower": [70.0, 105.0, 140.0, 175.0], "DelayDuration": [1.0499999523162842, 1.0499999523162842, 1.0499999523162842, 1.0499999523162842], "Shield": [216.0, 322.0, 427.0, 532.0], "ShieldDuration": [2.0, 2.0, 2.0, 2.0]}, "Ultimate": {"Cooldown": [130.0, 120.0, 110.0], "Cost": [-150.0, -225.0, -300.0], "Shield.Duration": [3.0, 3.0, 3.0], "Slow.Duration": [1.5, 1.5, 1.5], "Slow.Magnitude": [-0.75, -0.75, -0.75], "Stun.Duration": [1.0, 1.0, 1.0], "ARC": [0.0, 0.0, 0.0], "BasePower": [0.0, 0.0, 0.0], "Shield": [410.0, 702.0, 995.0]}}, "Stats": {"AbilityPenetrationRating": [0.0], "AttackRating": [0.0], "AttackSpeedRating": [100.0], "BaseAttackTime": [0.949999988079071], "BasicPenetrationRating": [0.0], "CleaveRating": [0.0], "CriticalDamageBonus": [1.0], "LeftClickARC": [1.0], "LeftClickBasePower": [52.900001525878906, 55.0, 57.0, 59.0, 61.099998474121094, 63.099998474121094, 65.19999694824219, 67.19999694824219, 69.19999694824219, 71.30000305175781, 73.30000305175781, 75.4000015258789, 77.4000015258789, 79.4000015258789, 81.5, 83.5, 85.5999984741211, 87.5999984741211, 89.5999984741211, 91.69999694824219], "Energy": [429.0, 464.0, 498.0, 533.0, 567.0, 602.0, 636.0, 671.0, 705.0, 740.0, 774.0, 809.0, 843.0, 878.0, 912.0, 947.0, 981.0, 1016.0, 1050.0, 1085.0], "EnergyRegenRate": [1.7599999904632568, 1.8799999952316284, 1.9900000095367432, 2.109999895095825, 2.2200000286102295, 2.3399999141693115, 2.450000047683716, 2.569999933242798, 2.680000066757202, 2.799999952316284, 2.9100000858306885, 3.0299999713897705, 3.140000104904175, 3.259999990463257, 3.369999885559082, 3.490000009536743, 3.5999999046325684, 3.7200000286102295, 3.8299999237060547, 3.950000047683716], "MaxEnergy": [429.0, 464.0, 498.0, 533.0, 567.0, 602.0, 636.0, 671.0, 705.0, 740.0, 774.0, 809.0, 843.0, 878.0, 912.0, 947.0, 981.0, 1016.0, 1050.0, 1085.0], "AbilityResistanceRating": [30.0], "BasicResistanceRating": [11.600000381469727, 13.5, 15.5, 17.5, 19.5, 21.399999618530273, 23.399999618530273, 25.399999618530273, 27.399999618530273, 29.299999237060547, 31.299999237060547, 33.29999923706055, 35.29999923706055, 37.29999923706055, 39.20000076293945, 41.20000076293945, 43.20000076293945, 45.20000076293945, 47.099998474121094, 49.099998474121094], "CriticallyWoundedThresholdPCT": [0.25], "Health": [560.0, 621.0, 683.0, 744.0, 805.0, 866.0, 927.0, 988.0, 1049.0, 1111.0, 1172.0, 1233.0, 1294.0, 1355.0, 1416.0, 1478.0, 1539.0, 1600.0, 1661.0, 1722.0], "HealthRegenRate": [0.9599999785423279, 1.0700000524520874, 1.1699999570846558, 1.2699999809265137, 1.3799999952316284, 1.4800000190734863, 1.590000033378601, 1.690000057220459, 1.7899999618530273, 1.899999976158142, 2.0, 2.109999895095825, 2.2100000381469727, 2.309999942779541, 2.4200000762939453, 2.5199999809265137, 2.630000114440918, 2.7300000190734863, 2.8299999237060547, 2.940000057220459], "MaxHealth": [560.0, 621.0, 683.0, 744.0, 805.0, 866.0, 927.0, 988.0, 1049.0, 1111.0, 1172.0, 1233.0, 1294.0, 1355.0, 1416.0, 1478.0, 1539.0, 1600.0, 1661.0, 1722.0], "MaxMoveSpeed": [655.0], "VisionRadius": [5000.0], "CXPBounty": [550.0], "CXPSpawnTime": [1.5], "GainXPFromKills": [1.0], "MaxCardLevel": [20.0], "MaxLevel": [20.0], "XPBounty": [38.5, 51.10177230834961, 65.11422729492188, 80.37014770507812, 97.01132202148438, 114.57335662841797, 133.71376037597656, 154.2930450439453, 176.12310791015625, 192.4675750732422, 209.80735778808594, 227.22921752929688, 245.59310913085938, 264.94293212890625, 285.32452392578125, 306.7856750488281, 329.3761901855469, 353.1480712890625, 378.1555480957031, 404.45513916015625], "XPToLevel": [110.0, 133.92189025878906, 157.601318359375, 180.7139434814453, 203.67018127441406, 225.5848388671875, 247.8596649169922, 270.1905822753906, 292.2566833496094, 303.475830078125, 315.12567138671875, 325.8381042480469, 336.91473388671875, 348.3678894042969, 360.21038818359375, 372.4554443359375, 385.11676025390625, 398.2085266113281, 411.74530029296875, 425.74224853515625]}}