{"Abilities": {"Alternate": {"Cooldown": [12.0, 12.0, 12.0, 12.0], "Cost": [-65.0, -70.0, -75.0, -80.0], "Food.PerBite": [25.0, 25.0, 25.0, 25.0], "Trough.Duration": [20.0, 25.0, 30.0, 35.0], "Trough.Melee.Full": [400.0, 400.0, 400.0, 400.0], "Trough.Melee.Hungry": [200.0, 200.0, 200.0, 200.0], "Trough.Melee.Stuffed": [700.0, 700.0, 700.0, 700.0], "Trough.Overeat.Explosion.Radius": [800.0, 800.0, 800.0, 800.0], "Trough.Range": [1500.0, 1500.0, 1500.0, 1500.0], "Trough.Ranged.Full": [200.0, 200.0, 200.0, 200.0], "Trough.Ranged.Hungry": [100.0, 100.0, 100.0, 100.0], "Trough.Ranged.Stuffed": [400.0, 400.0, 400.0, 400.0], "Trough.Taunt.Radius": [600.0, 800.0, 1000.0, 1200.0], "ARC": [0.6299999952316284, 0.6299999952316284, 0.6299999952316284, 0.6299999952316284], "BasePower": [60.0, 110.0, 160.0, 210.0]}, "Primary": {"Cooldown": [8.0, 8.0, 8.0, 8.0], "Cost": [-100.0, -115.0, -130.0, -145.0], "Eject.Velocity": [4000.0, 4000.0, 4000.0, 4000.0], "Fuel.Magnitude": [10000.0, 10000.0, 10000.0, 10000.0], "Fuel.Rate": [1000.0, 750.0, 500.0, 250.0], "Helicoptor.Movespeed.Horizontal": [2200.0, 2200.0, 2200.0, 2200.0], "Helicoptor.Movespeed.Vertical": [1250.0, 1250.0, 1250.0, 1250.0], "Helicoptor.Yaw.Rate": [180.0, 180.0, 180.0, 180.0], "Passenger.Count": [1.0, 2.0, 3.0, 4.0], "ARC": [1.25, 1.25, 1.25, 1.25], "BasePower": [100.0, 160.0, 220.0, 280.0]}, "Secondary": {"Cooldown": [22.0, 19.0, 16.0, 13.0], "Cost": [-80.0, -90.0, -100.0, -110.0], "Llama.Damage": [50.0, 85.0, 120.0, 155.0], "Llama.Health": [300.0, 500.0, 700.0, 900.0], "Llama.Movespeed": [720.0, 780.0, 840.0, 900.0], "Summon.Llama.Count": [4.0, 6.0, 8.0, 10.0], "ARC": [0.5, 0.5, 0.5, 0.5], "BasePower": [60.0, 100.0, 140.0, 180.0]}, "Ultimate": {"Cooldown": [105.0, 90.0, 75.0], "Cost": [-100.0, -125.0, -150.0], "MagaSword.Whirlwind.Cooldown": [4.0, 4.0, 4.0], "MegaSword.InfiniteEdge.ARC": [0.6000000238418579, 0.6000000238418579, 0.6000000238418579], "MegaSword.InfiniteEdge.Cooldown": [10.0, 10.0, 10.0], "MegaSword.InfiniteEdge.Damage": [60.0, 100.0, 140.0], "MegaSword.LaceratingStrike.ARC": [0.4000000059604645, 0.4000000059604645, 0.4000000059604645], "MegaSword.LaceratingStrike.Cooldown": [6.0, 6.0, 6.0], "MegaSword.LaceratingStrike.Damage": [25.0, 50.0, 75.0], "MegaSword.MegaSlash.ARC": [0.6000000238418579, 0.6000000238418579, 0.6000000238418579], "MegaSword.MegaSlash.Cooldown": [6.0, 6.0, 6.0], "MegaSword.MegaSlash.Damage": [80.0, 120.0, 160.0], "MegaSword.ReavingBlade.ARC": [0.30000001192092896, 0.30000001192092896, 0.30000001192092896], "MegaSword.ReavingBlade.Cooldown": [7.0, 7.0, 7.0], "MegaSword.ReavingBlade.Damage": [50.0, 75.0, 100.0], "MegaSword.SkullBuster.ARC": [1.5, 1.5, 1.5], "MegaSword.SkullBuster.Cooldown": [20.0, 20.0, 20.0], "MegaSword.SkullBuster.Damage": [160.0, 280.0, 400.0], "MegaSword.SkySlam.ARC": [1.2000000476837158, 1.2000000476837158, 1.2000000476837158], "MegaSword.SkySlam.Cooldown": [10.0, 10.0, 10.0], "MegaSword.SkySlam.Damage": [100.0, 200.0, 300.0], "MegaSword.SliceNDice.ARC": [0.20000000298023224, 0.20000000298023224, 0.20000000298023224], "MegaSword.SliceNDice.Cooldown": [3.0, 3.0, 3.0], "MegaSword.SliceNDice.Damage": [40.0, 60.0, 80.0], "MegaSword.Transform.Duration": [40.0, 60.0, 80.0], "MegaSword.Whirlwind.ARC": [0.6000000238418579, 0.6000000238418579, 0.6000000238418579], "MegaSword.Whirlwind.Damage": [80.0, 120.0, 160.0], "ARC": [1.25, 1.25, 1.25], "BasePower": [340.0, 520.0, 700.0]}}, "Stats": {"AbilityPenetrationRating": [0.0], "AttackRating": [0.0], "AttackSpeedRating": [100.0, 101.30000305175781, 102.5999984741211, 103.80000305175781, 105.0999984741211, 106.4000015258789, 107.69999694824219, 108.9000015258789, 110.19999694824219, 111.5, 112.80000305175781, 114.0, 115.30000305175781, 116.5999984741211, 117.80000305175781, 119.0999984741211, 120.4000015258789, 121.69999694824219, 123.0, 124.19999694824219], "BaseAttackTime": [1.0499999523162842], "BasicPenetrationRating": [0.0], "CleaveRating": [0.20000000298023224], "CriticalDamageBonus": [1.0], "LeftClickARC": [1.0], "LeftClickBasePower": [73.69999694824219, 76.80000305175781, 79.9000015258789, 83.0, 86.0999984741211, 89.19999694824219, 92.30000305175781, 95.4000015258789, 98.5999984741211, 101.69999694824219, 104.80000305175781, 107.9000015258789, 111.0, 114.0999984741211, 117.19999694824219, 120.30000305175781, 123.4000015258789, 126.5, 129.60000610351562, 132.6999969482422], "Energy": [276.0, 291.0, 306.0, 321.0, 336.0, 351.0, 366.0, 381.0, 396.0, 411.0, 426.0, 441.0, 456.0, 471.0, 486.0, 501.0, 516.0, 531.0, 546.0, 561.0], "EnergyRegenRate": [1.3200000524520874, 1.3700000047683716, 1.4199999570846558, 1.4700000286102295, 1.5199999809265137, 1.5700000524520874, 1.6200000047683716, 1.6699999570846558, 1.7200000286102295, 1.7699999809265137, 1.8200000524520874, 1.8700000047683716, 1.9199999570846558, 1.9700000286102295, 2.0199999809265137, 2.069999933242798, 2.119999885559082, 2.1700000762939453, 2.2200000286102295, 2.2699999809265137], "MaxEnergy": [276.0, 291.0, 306.0, 321.0, 336.0, 351.0, 366.0, 381.0, 396.0, 411.0, 426.0, 441.0, 456.0, 471.0, 486.0, 501.0, 516.0, 531.0, 546.0, 561.0], "AbilityResistanceRating": [30.0], "BasicResistanceRating": [24.600000381469727, 27.299999237060547, 29.899999618530273, 32.599998474121094, 35.20000076293945, 37.79999923706055, 40.5, 43.099998474121094, 45.70000076293945, 48.400001525878906, 51.0, 53.599998474121094, 56.29999923706055, 58.900001525878906, 61.5, 64.19999694824219, 66.80000305175781, 69.4000015258789, 72.0999984741211, 74.69999694824219], "CriticallyWoundedThresholdPCT": [0.25], "Health": [780.0, 866.0, 951.0, 1037.0, 1123.0, 1209.0, 1295.0, 1380.0, 1466.0, 1552.0, 1638.0, 1724.0, 1809.0, 1895.0, 1981.0, 2067.0, 2153.0, 2238.0, 2324.0, 2410.0], "HealthRegenRate": [1.2999999523162842, 1.440000057220459, 1.590000033378601, 1.7300000190734863, 1.8700000047683716, 2.009999990463257, 2.1600000858306885, 2.299999952316284, 2.440000057220459, 2.5899999141693115, 2.7300000190734863, 2.869999885559082, 3.0199999809265137, 3.1600000858306885, 3.299999952316284, 3.440000057220459, 3.5899999141693115, 3.7300000190734863, 3.869999885559082, 4.019999980926514], "MaxHealth": [780.0, 866.0, 951.0, 1037.0, 1123.0, 1209.0, 1295.0, 1380.0, 1466.0, 1552.0, 1638.0, 1724.0, 1809.0, 1895.0, 1981.0, 2067.0, 2153.0, 2238.0, 2324.0, 2410.0], "MaxMoveSpeed": [710.0], "VisionRadius": [5000.0], "CXPBounty": [550.0], "CXPSpawnTime": [1.5], "GainXPFromKills": [1.0], "MaxCardLevel": [20.0], "MaxLevel": [20.0], "XPBounty": [38.5, 51.10177230834961, 65.11422729492188, 80.37014770507812, 97.01132202148438, 114.57335662841797, 133.71376037597656, 154.2930450439453, 176.12310791015625, 192.4675750732422, 209.80735778808594, 227.22921752929688, 245.59310913085938, 264.94293212890625, 285.32452392578125, 306.7856750488281, 329.3761901855469, 353.1480712890625, 378.1555480957031, 404.45513916015625], "XPToLevel": [110.0, 133.92189025878906, 157.601318359375, 180.7139434814453, 203.67018127441406, 225.5848388671875, 247.8596649169922, 270.1905822753906, 292.2566833496094, 303.475830078125, 315.12567138671875, 325.8381042480469, 336.91473388671875, 348.3678894042969, 360.21038818359375, 372.4554443359375, 385.11676025390625, 398.2085266113281, 411.74530029296875, 425.74224853515625]}}