{"Abilities": {"Alternate": {"Cooldown": [12.0, 12.0, 12.0, 12.0], "Cost": [-65.0, -70.0, -75.0, -80.0], "Food.PerBite": [25.0, 25.0, 25.0, 25.0], "Trough.Duration": [20.0, 25.0, 30.0, 35.0], "Trough.Melee.Full": [400.0, 400.0, 400.0, 400.0], "Trough.Melee.Hungry": [200.0, 200.0, 200.0, 200.0], "Trough.Melee.Stuffed": [700.0, 700.0, 700.0, 700.0], "Trough.Overeat.Explosion.Radius": [800.0, 800.0, 800.0, 800.0], "Trough.Range": [1500.0, 1500.0, 1500.0, 1500.0], "Trough.Ranged.Full": [200.0, 200.0, 200.0, 200.0], "Trough.Ranged.Hungry": [100.0, 100.0, 100.0, 100.0], "Trough.Ranged.Stuffed": [400.0, 400.0, 400.0, 400.0], "Trough.Taunt.Radius": [600.0, 800.0, 1000.0, 1200.0], "ARC": [0.6299999952316284, 0.6299999952316284, 0.6299999952316284, 0.6299999952316284], "BasePower": [60.0, 110.0, 160.0, 210.0]}, "Primary": {"Cooldown": [8.0, 8.0, 8.0, 8.0], "Cost": [-100.0, -115.0, -130.0, -145.0], "Eject.Velocity": [4000.0, 4000.0, 4000.0, 4000.0], "Fuel.Magnitude": [10000.0, 10000.0, 10000.0, 10000.0], "Fuel.Rate": [1000.0, 750.0, 500.0, 250.0], "Helicoptor.Movespeed.Horizontal": [2200.0, 2200.0, 2200.0, 2200.0], "Helicoptor.Movespeed.Vertical": [1250.0, 1250.0, 1250.0, 1250.0], "Helicoptor.Yaw.Rate": [180.0, 180.0, 180.0, 180.0], "Passenger.Count": [1.0, 2.0, 3.0, 4.0], "ARC": [1.25, 1.25, 1.25, 1.25], "BasePower": [100.0, 160.0, 220.0, 280.0]}, "Secondary": {"Cooldown": [22.0, 19.0, 16.0, 13.0], "Cost": [-80.0, -90.0, -100.0, -110.0], "Llama.Damage": [50.0, 85.0, 120.0, 155.0], "Llama.Health": [300.0, 500.0, 700.0, 900.0], "Llama.Movespeed": [720.0, 780.0, 840.0, 900.0], "Summon.Llama.Count": [4.0, 6.0, 8.0, 10.0], "ARC": [0.5, 0.5, 0.5, 0.5], "BasePower": [60.0, 100.0, 140.0, 180.0]}, "Ultimate": {"Cooldown": [105.0, 90.0, 75.0], "Cost": [-100.0, -125.0, -150.0], "MagaSword.Whirlwind.Cooldown": [4.0, 4.0, 4.0], "MegaSword.InfiniteEdge.ARC": [0.6000000238418579, 0.6000000238418579, 0.6000000238418579], "MegaSword.InfiniteEdge.Cooldown": [10.0, 10.0, 10.0], "MegaSword.InfiniteEdge.Damage": [60.0, 100.0, 140.0], "MegaSword.LaceratingStrike.ARC": [0.4000000059604645, 0.4000000059604645, 0.4000000059604645], "MegaSword.LaceratingStrike.Cooldown": [6.0, 6.0, 6.0], "MegaSword.LaceratingStrike.Damage": [25.0, 50.0, 75.0], "MegaSword.MegaSlash.ARC": [0.6000000238418579, 0.6000000238418579, 0.6000000238418579], "MegaSword.MegaSlash.Cooldown": [6.0, 6.0, 6.0], "MegaSword.MegaSlash.Damage": [80.0, 120.0, 160.0], "MegaSword.ReavingBlade.ARC": [0.30000001192092896, 0.30000001192092896, 0.30000001192092896], "MegaSword.ReavingBlade.Cooldown": [7.0, 7.0, 7.0], "MegaSword.ReavingBlade.Damage": [50.0, 75.0, 100.0], "MegaSword.SkullBuster.ARC": [1.5, 1.5, 1.5], "MegaSword.SkullBuster.Cooldown": [20.0, 20.0, 20.0], "MegaSword.SkullBuster.Damage": [160.0, 280.0, 400.0], "MegaSword.SkySlam.ARC": [1.2000000476837158, 1.2000000476837158, 1.2000000476837158], "MegaSword.SkySlam.Cooldown": [10.0, 10.0, 10.0], "MegaSword.SkySlam.Damage": [100.0, 200.0, 300.0], "MegaSword.SliceNDice.ARC": [0.20000000298023224, 0.20000000298023224, 0.20000000298023224], "MegaSword.SliceNDice.Cooldown": [3.0, 3.0, 3.0], "MegaSword.SliceNDice.Damage": [40.0, 60.0, 80.0], "MegaSword.Transform.Duration": [40.0, 60.0, 80.0], "MegaSword.Whirlwind.ARC": [0.6000000238418579, 0.6000000238418579, 0.6000000238418579], "MegaSword.Whirlwind.Damage": [80.0, 120.0, 160.0], "ARC": [1.25, 1.25, 1.25], "BasePower": [340.0, 520.0, 700.0]}}, "Stats": {"AbilityPenetrationRating": [0.0], "AttackRating": [0.0], "AttackSpeedRating": [100.0], "BaseAttackTime": [1.2000000476837158], "BasicPenetrationRating": [0.0], "CleaveRating": [0.0], "CriticalDamageBonus": [1.0], "LeftClickARC": [1.0], "LeftClickBasePower": [52.900001525878906, 55.0, 57.0, 59.0, 61.099998474121094, 63.099998474121094, 65.19999694824219, 67.19999694824219, 69.19999694824219, 71.30000305175781, 73.30000305175781, 75.4000015258789, 77.4000015258789, 79.4000015258789, 81.5, 83.5, 85.5999984741211, 87.5999984741211, 89.5999984741211, 91.69999694824219], "Energy": [390.0, 420.0, 450.0, 480.0, 510.0, 540.0, 570.0, 600.0, 630.0, 660.0, 690.0, 720.0, 750.0, 780.0, 810.0, 840.0, 870.0, 900.0, 930.0, 960.0], "EnergyRegenRate": [1.7000000476837158, 1.7999999523162842, 1.899999976158142, 2.0, 2.0999999046325684, 2.200000047683716, 2.299999952316284, 2.4000000953674316, 2.5, 2.5999999046325684, 2.700000047683716, 2.799999952316284, 2.9000000953674316, 3.0, 3.0999999046325684, 3.200000047683716, 3.299999952316284, 3.4000000953674316, 3.5, 3.5999999046325684], "MaxEnergy": [390.0, 420.0, 450.0, 480.0, 510.0, 540.0, 570.0, 600.0, 630.0, 660.0, 690.0, 720.0, 750.0, 780.0, 810.0, 840.0, 870.0, 900.0, 930.0, 960.0], "AbilityResistanceRating": [25.0], "BasicResistanceRating": [19.200000762939453, 21.200000762939453, 23.299999237060547, 25.299999237060547, 27.299999237060547, 29.299999237060547, 31.399999618530273, 33.400001525878906, 35.400001525878906, 37.400001525878906, 39.5, 41.5, 43.5, 45.5, 47.599998474121094, 49.599998474121094, 51.599998474121094, 53.599998474121094, 55.70000076293945, 57.70000076293945], "CriticallyWoundedThresholdPCT": [0.25], "Health": [578.0, 640.0, 702.0, 765.0, 827.0, 890.0, 952.0, 1014.0, 1077.0, 1139.0, 1202.0, 1264.0, 1326.0, 1389.0, 1451.0, 1514.0, 1576.0, 1638.0, 1701.0, 1763.0], "HealthRegenRate": [0.9599999785423279, 1.0700000524520874, 1.1699999570846558, 1.2699999809265137, 1.3799999952316284, 1.4800000190734863, 1.590000033378601, 1.690000057220459, 1.7899999618530273, 1.899999976158142, 2.0, 2.109999895095825, 2.2100000381469727, 2.309999942779541, 2.4200000762939453, 2.5199999809265137, 2.630000114440918, 2.7300000190734863, 2.8299999237060547, 2.940000057220459], "MaxHealth": [578.0, 640.0, 702.0, 765.0, 827.0, 890.0, 952.0, 1014.0, 1077.0, 1139.0, 1202.0, 1264.0, 1326.0, 1389.0, 1451.0, 1514.0, 1576.0, 1638.0, 1701.0, 1763.0], "MaxMoveSpeed": [695.0], "VisionRadius": [5000.0], "CXPBounty": [550.0], "CXPSpawnTime": [1.5], "GainXPFromKills": [1.0], "MaxCardLevel": [20.0], "MaxLevel": [20.0], "XPBounty": [55.0, 66.96094512939453, 78.8006591796875, 90.35697174072266, 101.83509063720703, 135.3509063720703, 148.71578979492188, 162.11434936523438, 175.35400390625, 182.0854949951172, 220.5879669189453, 228.08668518066406, 235.84031677246094, 243.85751342773438, 252.1472625732422, 297.96435546875, 308.0934143066406, 318.5668029785156, 329.396240234375, 340.59381103515625], "XPToLevel": [110.0, 133.92189025878906, 157.601318359375, 180.7139434814453, 203.67018127441406, 225.5848388671875, 247.8596649169922, 270.1905822753906, 292.2566833496094, 303.475830078125, 315.12567138671875, 325.8381042480469, 336.91473388671875, 348.3678894042969, 360.21038818359375, 372.4554443359375, 385.11676025390625, 398.2085266113281, 411.74530029296875, 425.74224853515625]}}