{"Abilities": {"Alternate": {"Cooldown": [12.0, 12.0, 12.0, 12.0], "Cost": [-100.0, -100.0, -100.0, -100.0], "HealthRegen.Duration": [4.0, 4.0, 4.0, 4.0], "HealthRegen.Magnitude": [16.0, 24.0, 32.0, 40.0], "Range": [1800.0, 1800.0, 1800.0, 1800.0], "Tether.Range": [2200.0, 2200.0, 2200.0, 2200.0], "ARC": [0.0, 0.0, 0.0, 0.0], "BasePower": [0.0, 0.0, 0.0, 0.0]}, "Primary": {"Cooldown": [10.0, 10.0, 10.0, 10.0], "Cost": [-90.0, -100.0, -110.0, -120.0], "Blind.Duration": [1.25, 1.5, 1.75, 2.0], "Radius": [450.0, 450.0, 450.0, 450.0], "ARC": [1.8799999952316284, 1.8799999952316284, 1.8799999952316284, 1.8799999952316284], "BasePower": [88.0, 140.0, 193.0, 246.0]}, "Secondary": {"Cooldown": [8.0, 8.0, 8.0, 8.0], "Cost": [-110.0, -130.0, -150.0, -170.0], "Armor.Ability.Magnitude": [12.0, 24.0, 36.0, 48.0], "Armor.Basic.Magnitude": [12.0, 24.0, 36.0, 48.0], "Armor.Duration": [3.0, 3.0, 3.0, 3.0], "BaseDamage.PerTick": [10.0, 15.0, 20.0, 25.0], "Buff.Stack.HealthRegen.Duration": [4.0, 4.0, 4.0, 4.0], "Buff.Stack.HealthRegen.Magnitude": [1.0, 2.0, 3.0, 4.0], "Buff.Stack.Max": [20.0, 20.0, 20.0, 20.0], "Duration": [2.5, 2.5, 2.5, 2.5], "MaxStacks": [8.0, 8.0, 8.0, 8.0], "Root.Duration": [0.5, 0.75, 1.0, 1.25], "Slow.Duration": [0.75, 0.75, 0.75, 0.75], "Slow.Magnitude": [-0.029999999329447746, -0.029999999329447746, -0.029999999329447746, -0.029999999329447746], "TickRate": [0.25, 0.25, 0.25, 0.25], "ARC": [0.18000000715255737, 0.18000000715255737, 0.18000000715255737, 0.18000000715255737], "BasePower": [0.0, 0.0, 0.0, 0.0]}, "Ultimate": {"Cooldown": [130.0, 115.0, 100.0], "Cost": [-100.0, -150.0, -200.0], "AttackSpeed.Stack.Magnitude": [3.0, 5.300000190734863, 7.5], "Buff.AttackSpeed": [70.0, 85.0, 100.0], "Buff.CooldownReduction": [0.5, 0.5, 0.5], "Buff.Duration": [3.0, 3.0, 3.0], "Buff.ManaRegen": [15.0, 30.0, 45.0], "Buff.Stack.Max": [16.0, 16.0, 16.0], "Damage.PerTick": [18.0, 28.0, 38.0], "Duration": [8.0, 12.0, 16.0], "ManaRegen.Stack.Magnitude": [1.5, 2.25, 3.0], "Movespeed.Max.Duration": [3.0, 3.0, 3.0], "Movespeed.Max.Magnitude": [0.30000001192092896, 0.30000001192092896, 0.30000001192092896], "Movespeed.Slow": [-150.0, -150.0, -150.0], "Movespeed.Stack.Count": [20.0, 20.0, 20.0], "Movespeed.Stack.Duration": [0.15000000596046448, 0.15000000596046448, 0.15000000596046448], "Movespeed.Stack.Magnitude": [0.014999999664723873, 0.014999999664723873, 0.014999999664723873], "TickRate": [0.25, 0.25, 0.25], "ARC": [0.0, 0.0, 0.0], "BasePower": [0.0, 0.0, 0.0]}}, "Stats": {"AbilityPenetrationRating": [0.0], "AttackRating": [0.0], "AttackSpeedRating": [100.0], "BaseAttackTime": [0.949999988079071], "BasicPenetrationRating": [0.0], "CleaveRating": [0.0], "CriticalDamageBonus": [1.0], "LeftClickARC": [1.0], "LeftClickBasePower": [52.900001525878906, 55.0, 57.0, 59.0, 61.099998474121094, 63.099998474121094, 65.19999694824219, 67.19999694824219, 69.19999694824219, 71.30000305175781, 73.30000305175781, 75.4000015258789, 77.4000015258789, 79.4000015258789, 81.5, 83.5, 85.5999984741211, 87.5999984741211, 89.5999984741211, 91.69999694824219], "Energy": [390.0, 417.0, 444.0, 471.0, 498.0, 525.0, 552.0, 579.0, 606.0, 633.0, 660.0, 687.0, 714.0, 741.0, 768.0, 795.0, 822.0, 849.0, 876.0, 903.0], "EnergyRegenRate": [1.7000000476837158, 1.7899999618530273, 1.8799999952316284, 1.9700000286102295, 2.059999942779541, 2.1500000953674316, 2.240000009536743, 2.3299999237060547, 2.4200000762939453, 2.509999990463257, 2.5999999046325684, 2.690000057220459, 2.7799999713897705, 2.869999885559082, 2.9600000381469727, 3.049999952316284, 3.140000104904175, 3.2300000190734863, 3.319999933242798, 3.4100000858306885], "MaxEnergy": [390.0, 417.0, 444.0, 471.0, 498.0, 525.0, 552.0, 579.0, 606.0, 633.0, 660.0, 687.0, 714.0, 741.0, 768.0, 795.0, 822.0, 849.0, 876.0, 903.0], "AbilityResistanceRating": [30.0], "BasicResistanceRating": [19.200000762939453, 20.899999618530273, 22.600000381469727, 24.399999618530273, 26.100000381469727, 27.799999237060547, 29.5, 31.200000762939453, 33.0, 34.70000076293945, 36.400001525878906, 38.099998474121094, 39.900001525878906, 41.599998474121094, 43.29999923706055, 45.0, 46.70000076293945, 48.5, 50.20000076293945, 51.900001525878906], "CriticallyWoundedThresholdPCT": [0.25], "Health": [549.0, 610.0, 672.0, 734.0, 796.0, 858.0, 919.0, 981.0, 1043.0, 1105.0, 1166.0, 1228.0, 1290.0, 1352.0, 1414.0, 1475.0, 1537.0, 1599.0, 1661.0, 1722.0], "HealthRegenRate": [0.9100000262260437, 1.0199999809265137, 1.1200000047683716, 1.2200000286102295, 1.3300000429153442, 1.4299999475479126, 1.5299999713897705, 1.6399999856948853, 1.7400000095367432, 1.840000033378601, 1.940000057220459, 2.049999952316284, 2.1500000953674316, 2.25, 2.359999895095825, 2.4600000381469727, 2.559999942779541, 2.6600000858306885, 2.7699999809265137, 2.869999885559082], "MaxHealth": [549.0, 610.0, 672.0, 734.0, 796.0, 858.0, 919.0, 981.0, 1043.0, 1105.0, 1166.0, 1228.0, 1290.0, 1352.0, 1414.0, 1475.0, 1537.0, 1599.0, 1661.0, 1722.0], "MaxMoveSpeed": [695.0], "VisionRadius": [5000.0], "CXPBounty": [550.0], "CXPSpawnTime": [1.5], "GainXPFromKills": [1.0], "MaxCardLevel": [20.0], "MaxLevel": [20.0], "XPBounty": [55.0, 66.96094512939453, 78.8006591796875, 90.35697174072266, 101.83509063720703, 135.3509063720703, 148.71578979492188, 162.11434936523438, 175.35400390625, 182.0854949951172, 220.5879669189453, 228.08668518066406, 235.84031677246094, 243.85751342773438, 252.1472625732422, 297.96435546875, 308.0934143066406, 318.5668029785156, 329.396240234375, 340.59381103515625], "XPToLevel": [110.0, 133.92189025878906, 157.601318359375, 180.7139434814453, 203.67018127441406, 225.5848388671875, 247.8596649169922, 270.1905822753906, 292.2566833496094, 303.475830078125, 315.12567138671875, 325.8381042480469, 336.91473388671875, 348.3678894042969, 360.21038818359375, 372.4554443359375, 385.11676025390625, 398.2085266113281, 411.74530029296875, 425.74224853515625]}}