{"Abilities": {"Alternate": {"Cooldown": [14.0, 14.0, 14.0, 14.0], "Cost": [-100.0, -100.0, -100.0, -100.0], "HealthRegen.Duration": [4.0, 4.0, 4.0, 4.0], "HealthRegen.Magnitude": [12.0, 18.0, 24.0, 30.0], "Range": [1800.0, 1800.0, 1800.0, 1800.0], "Tether.Range": [2200.0, 2200.0, 2200.0, 2200.0], "ARC": [0.0, 0.0, 0.0, 0.0], "BasePower": [0.0, 0.0, 0.0, 0.0]}, "Primary": {"Cooldown": [12.0, 12.0, 12.0, 12.0], "Cost": [-90.0, -100.0, -110.0, -120.0], "Blind.Duration": [1.25, 1.5, 1.75, 2.0], "Radius": [450.0, 450.0, 450.0, 450.0], "ARC": [1.8803571462631226, 1.8803571462631226, 1.8803571462631226, 1.8803571462631226], "BasePower": [87.75, 140.39999389648438, 193.0500030517578, 245.6999969482422]}, "Secondary": {"Cooldown": [8.0, 8.0, 8.0, 8.0], "Cost": [-110.0, -130.0, -150.0, -170.0], "Armor.Ability.Magnitude": [12.0, 24.0, 36.0, 48.0], "Armor.Basic.Magnitude": [12.0, 24.0, 36.0, 48.0], "Armor.Duration": [3.0, 3.0, 3.0, 3.0], "BaseDamage.PerTick": [8.0, 12.0, 16.0, 20.0], "Buff.Stack.HealthRegen.Duration": [4.0, 4.0, 4.0, 4.0], "Buff.Stack.HealthRegen.Magnitude": [1.0, 2.0, 3.0, 4.0], "Buff.Stack.Max": [20.0, 20.0, 20.0, 20.0], "Duration": [2.5, 2.5, 2.5, 2.5], "MaxStacks": [8.0, 8.0, 8.0, 8.0], "Root.Duration": [0.5, 0.75, 1.0, 1.25], "Slow.Duration": [0.75, 0.75, 0.75, 0.75], "Slow.Magnitude": [-20.0, -20.0, -20.0, -20.0], "TickRate": [0.25, 0.25, 0.25, 0.25], "ARC": [0.1428571492433548, 0.1428571492433548, 0.1428571492433548, 0.1428571492433548], "BasePower": [0.0, 0.0, 0.0, 0.0]}, "Ultimate": {"Cooldown": [130.0, 115.0, 100.0], "Cost": [-100.0, -150.0, -200.0], "AttackSpeed.Stack.Magnitude": [3.0, 5.25, 7.5], "Buff.AttackSpeed": [80.0, 80.0, 80.0], "Buff.CooldownReduction": [0.5, 0.5, 0.5], "Buff.Duration": [3.0, 3.0, 3.0], "Buff.ManaRegen": [15.0, 15.0, 15.0], "Buff.Stack.Max": [16.0, 16.0, 16.0], "Damage.PerTick": [18.0, 28.0, 38.0], "Duration": [8.0, 12.0, 16.0], "ManaRegen.Stack.Magnitude": [1.5, 2.25, 3.0], "Movespeed.Max.Duration": [3.0, 3.0, 3.0], "Movespeed.Max.Magnitude": [220.0, 220.0, 220.0], "Movespeed.Slow": [-150.0, -150.0, -150.0], "Movespeed.Stack.Count": [20.0, 20.0, 20.0], "Movespeed.Stack.Duration": [0.15000000596046448, 0.15000000596046448, 0.15000000596046448], "Movespeed.Stack.Magnitude": [11.0, 11.0, 11.0], "TickRate": [0.25, 0.25, 0.25], "ARC": [0.0, 0.0, 0.0], "BasePower": [0.0, 0.0, 0.0]}}, "Stats": {"AbilityPenetrationRating": [0.0], "AttackRating": [0.0], "AttackSpeedRating": [100.0], "BaseAttackTime": [0.949999988079071], "BasicPenetrationRating": [0.0], "CleaveRating": [0.0], "CriticalDamageBonus": [1.0], "LeftClickARC": [1.0], "LeftClickBasePower": [52.91999816894531, 54.959999084472656, 57.0, 59.040000915527344, 61.08000183105469, 63.119998931884766, 65.16000366210938, 67.19999694824219, 69.23999786376953, 71.27999877929688, 73.31999969482422, 75.36000061035156, 77.4000015258789, 79.44000244140625, 81.4800033569336, 83.5199966430664, 85.55999755859375, 87.5999984741211, 89.63999938964844, 91.68000030517578], "Energy": [390.0, 414.0, 438.0, 462.0, 486.0, 510.0, 534.0, 558.0, 582.0, 606.0, 630.0, 654.0, 678.0, 702.0, 726.0, 750.0, 774.0, 798.0, 822.0, 846.0], "EnergyRegenRate": [1.7000000476837158, 1.7799999713897705, 1.8600000143051147, 1.940000057220459, 2.0199999809265137, 2.0999999046325684, 2.180000066757202, 2.259999990463257, 2.3399999141693115, 2.4200000762939453, 2.5, 2.5799999237060547, 2.6600000858306885, 2.740000009536743, 2.819999933242798, 2.9000000953674316, 2.9800000190734863, 3.059999942779541, 3.140000104904175, 3.2200000286102295], "MaxEnergy": [390.0, 414.0, 438.0, 462.0, 486.0, 510.0, 534.0, 558.0, 582.0, 606.0, 630.0, 654.0, 678.0, 702.0, 726.0, 750.0, 774.0, 798.0, 822.0, 846.0], "AbilityResistanceRating": [25.0], "BasicResistanceRating": [19.200000762939453, 20.921249389648438, 22.642499923706055, 24.363750457763672, 26.084999084472656, 27.806249618530273, 29.52750015258789, 31.248750686645508, 32.970001220703125, 34.69124984741211, 36.412498474121094, 38.133750915527344, 39.85499954223633, 41.57624816894531, 43.29750061035156, 45.01874923706055, 46.7400016784668, 48.46125030517578, 50.182498931884766, 51.903751373291016], "CriticallyWoundedThresholdPCT": [0.25], "Health": [548.719970703125, 608.0, 667.280029296875, 726.5599975585938, 785.8400268554688, 845.1199951171875, 904.4000244140625, 963.6799926757812, 1022.9600219726562, 1082.239990234375, 1141.52001953125, 1200.800048828125, 1260.0799560546875, 1319.3599853515625, 1378.6400146484375, 1437.9200439453125, 1497.199951171875, 1556.47998046875, 1615.760009765625, 1675.0400390625], "HealthRegenRate": [0.9145333170890808, 1.0133333206176758, 1.1121333837509155, 1.2109333276748657, 1.3097333908081055, 1.4085333347320557, 1.5073332786560059, 1.6061333417892456, 1.7049332857131958, 1.8037333488464355, 1.9025332927703857, 2.001333236694336, 2.1001334190368652, 2.1989333629608154, 2.2977333068847656, 2.396533250808716, 2.495333433151245, 2.5941333770751953, 2.6929333209991455, 2.7917332649230957], "MaxHealth": [548.719970703125, 608.0, 667.280029296875, 726.5599975585938, 785.8400268554688, 845.1199951171875, 904.4000244140625, 963.6799926757812, 1022.9600219726562, 1082.239990234375, 1141.52001953125, 1200.800048828125, 1260.0799560546875, 1319.3599853515625, 1378.6400146484375, 1437.9200439453125, 1497.199951171875, 1556.47998046875, 1615.760009765625, 1675.0400390625], "MaxMoveSpeed": [695.0], "VisionRadius": [5000.0], "CXPBounty": [455.0], "CXPSpawnTime": [1.5], "GainXPFromKills": [1.0], "MaxCardLevel": [20.0], "MaxLevel": [20.0], "XPBounty": [55.0, 66.96094512939453, 78.8006591796875, 90.35697174072266, 101.83509063720703, 135.3509063720703, 148.71578979492188, 162.11434936523438, 175.35400390625, 182.0854949951172, 220.5879669189453, 228.08668518066406, 235.84031677246094, 243.85751342773438, 252.1472625732422, 297.96435546875, 308.0934143066406, 318.5668029785156, 329.396240234375, 340.59381103515625], "XPToLevel": [110.0, 133.92189025878906, 157.601318359375, 180.7139434814453, 203.67018127441406, 225.5848388671875, 247.8596649169922, 270.1905822753906, 292.2566833496094, 303.475830078125, 315.12567138671875, 325.8381042480469, 336.91473388671875, 348.3678894042969, 360.21038818359375, 372.4554443359375, 385.11676025390625, 398.2085266113281, 411.74530029296875, 425.74224853515625]}}