{"Abilities": {"Alternate": {"Cooldown": [8.0, 8.0, 8.0, 8.0], "Cost": [-100.0, -100.0, -100.0, -100.0], "Knockback.Distance.Max": [700.0, 700.0, 700.0, 700.0], "ARC": [1.8799999952316284, 1.8799999952316284, 1.8799999952316284, 1.8799999952316284], "BasePower": [88.0, 140.0, 193.0, 246.0]}, "Primary": {"Cooldown": [0.0, 0.0, 0.0, 0.0], "Cost": [0.0, 0.0, 0.0, 0.0], "Movespeed.Duration": [1.25, 1.25, 1.25, 1.25], "Movespeed.Magnitude": [100.0, 150.0, 200.0, 250.0], "Radius": [4000.0, 6000.0, 8000.0, 10000.0], "ARC": [0.0, 0.0, 0.0, 0.0], "BasePower": [0.0, 0.0, 0.0, 0.0], "ShredDuration": [4.0, 4.0, 4.0, 4.0]}, "Secondary": {"Cooldown": [5.0, 4.0, 3.0, 2.0], "Cost": [0.0, 0.0, 0.0, 0.0], "Penetration.Basic": [10.0, 20.0, 30.0, 40.0], "Range": [1700.0, 1700.0, 1700.0, 1700.0], "ARC": [0.0, 0.0, 0.0, 0.0], "BasePower": [0.0, 0.0, 0.0, 0.0], "EnergyResist": [0.0, 0.0, 0.0, 0.0], "MaxTraps": [1.0, 1.0, 2.0, 3.0], "PhysicalResist": [-5.0, -10.0, -15.0, -20.0], "RootDuration": [2.0, 2.0, 2.0, 2.0], "TrapActivationDelay": [3.25, 3.25, 3.25, 3.25], "TrapDuration": [90.0, 90.0, 90.0, 90.0]}, "Ultimate": {"Cooldown": [90.0, 80.0, 70.0], "Cost": [-75.0, -125.0, -175.0], "PenetrationPCT.Ability": [1.0, 1.0, 1.0], "ARC": [3.130000114440918, 3.130000114440918, 3.130000114440918], "BasePower": [176.0, 263.0, 351.0]}}, "Stats": {"AbilityPenetrationRating": [0.0], "AttackRating": [0.0], "AttackSpeedRating": [100.0, 101.80000305175781, 103.5999984741211, 105.4000015258789, 107.19999694824219, 109.0, 110.80000305175781, 112.5999984741211, 114.4000015258789, 116.19999694824219, 118.0, 119.80000305175781, 121.5999984741211, 123.4000015258789, 125.19999694824219, 127.0, 128.8000030517578, 130.60000610351562, 132.39999389648438, 134.1999969482422], "BaseAttackTime": [0.800000011920929], "BasicPenetrationRating": [0.0], "CleaveRating": [0.0], "CriticalDamageBonus": [1.0], "LeftClickARC": [1.0], "LeftClickBasePower": [58.29999923706055, 62.79999923706055, 67.30000305175781, 71.80000305175781, 76.30000305175781, 80.80000305175781, 85.30000305175781, 89.80000305175781, 94.30000305175781, 98.80000305175781, 103.30000305175781, 107.80000305175781, 112.30000305175781, 116.80000305175781, 121.30000305175781, 125.80000305175781, 130.3000030517578, 134.8000030517578, 139.3000030517578, 143.8000030517578], "Energy": [224.0, 236.0, 248.0, 260.0, 272.0, 284.0, 296.0, 308.0, 320.0, 332.0, 344.0, 356.0, 368.0, 380.0, 392.0, 404.0, 416.0, 428.0, 440.0, 452.0], "EnergyRegenRate": [1.149999976158142, 1.190000057220459, 1.2300000190734863, 1.2699999809265137, 1.309999942779541, 1.350000023841858, 1.3899999856948853, 1.4299999475479126, 1.4700000286102295, 1.5099999904632568, 1.5499999523162842, 1.590000033378601, 1.6299999952316284, 1.6699999570846558, 1.7100000381469727, 1.75, 1.7899999618530273, 1.8300000429153442, 1.8700000047683716, 1.909999966621399], "MaxEnergy": [224.0, 236.0, 248.0, 260.0, 272.0, 284.0, 296.0, 308.0, 320.0, 332.0, 344.0, 356.0, 368.0, 380.0, 392.0, 404.0, 416.0, 428.0, 440.0, 452.0], "AbilityResistanceRating": [25.0], "BasicResistanceRating": [17.299999237060547, 19.5, 21.700000762939453, 23.899999618530273, 26.100000381469727, 28.399999618530273, 30.600000381469727, 32.79999923706055, 35.0, 37.20000076293945, 39.400001525878906, 41.599998474121094, 43.79999923706055, 46.099998474121094, 48.29999923706055, 50.5, 52.70000076293945, 54.900001525878906, 57.099998474121094, 59.29999923706055], "CriticallyWoundedThresholdPCT": [0.25], "Health": [592.0, 653.0, 714.0, 775.0, 835.0, 896.0, 957.0, 1018.0, 1079.0, 1140.0, 1200.0, 1261.0, 1322.0, 1383.0, 1444.0, 1505.0, 1565.0, 1626.0, 1687.0, 1748.0], "HealthRegenRate": [0.9900000095367432, 1.090000033378601, 1.190000057220459, 1.2899999618530273, 1.3899999856948853, 1.4900000095367432, 1.600000023841858, 1.7000000476837158, 1.7999999523162842, 1.899999976158142, 2.0, 2.0999999046325684, 2.200000047683716, 2.299999952316284, 2.4100000858306885, 2.509999990463257, 2.609999895095825, 2.7100000381469727, 2.809999942779541, 2.9100000858306885], "MaxHealth": [592.0, 653.0, 714.0, 775.0, 835.0, 896.0, 957.0, 1018.0, 1079.0, 1140.0, 1200.0, 1261.0, 1322.0, 1383.0, 1444.0, 1505.0, 1565.0, 1626.0, 1687.0, 1748.0], "MaxMoveSpeed": [690.0], "VisionRadius": [5000.0], "CXPBounty": [550.0], "CXPSpawnTime": [1.5], "GainXPFromKills": [1.0], "MaxCardLevel": [20.0], "MaxLevel": [20.0], "XPBounty": [55.0, 66.96094512939453, 78.8006591796875, 90.35697174072266, 101.83509063720703, 135.3509063720703, 148.71578979492188, 162.11434936523438, 175.35400390625, 182.0854949951172, 220.5879669189453, 228.08668518066406, 235.84031677246094, 243.85751342773438, 252.1472625732422, 297.96435546875, 308.0934143066406, 318.5668029785156, 329.396240234375, 340.59381103515625], "XPToLevel": [110.0, 133.92189025878906, 157.601318359375, 180.7139434814453, 203.67018127441406, 225.5848388671875, 247.8596649169922, 270.1905822753906, 292.2566833496094, 303.475830078125, 315.12567138671875, 325.8381042480469, 336.91473388671875, 348.3678894042969, 360.21038818359375, 372.4554443359375, 385.11676025390625, 398.2085266113281, 411.74530029296875, 425.74224853515625]}}