{"Abilities": {"Alternate": {"Cooldown": [8.0, 8.0, 8.0, 8.0], "Cost": [-100.0, -100.0, -100.0, -100.0], "Knockback.Distance.Max": [800.0, 800.0, 800.0, 800.0], "ARC": [1.8799999952316284, 1.8799999952316284, 1.8799999952316284, 1.8799999952316284], "BasePower": [88.0, 140.0, 193.0, 246.0]}, "Primary": {"Cooldown": [0.0, 0.0, 0.0, 0.0], "Cost": [0.0, 0.0, 0.0, 0.0], "Movespeed.Duration": [1.25, 1.25, 1.25, 1.25], "Movespeed.Magnitude": [0.14000000059604645, 0.2199999988079071, 0.30000001192092896, 0.3799999952316284], "Radius": [3500.0, 5000.0, 6500.0, 8000.0], "TriggerThresholdPCT": [0.25, 0.30000001192092896, 0.3499999940395355, 0.4000000059604645], "ARC": [0.0, 0.0, 0.0, 0.0], "BasePower": [0.0, 0.0, 0.0, 0.0]}, "Secondary": {"Cooldown": [8.0, 6.0, 4.0, 2.0], "Cost": [0.0, 0.0, 0.0, 0.0], "Penetration.Basic": [10.0, 20.0, 30.0, 40.0], "Range": [1700.0, 1700.0, 1700.0, 1700.0], "ARC": [0.0, 0.0, 0.0, 0.0], "BasePower": [0.0, 0.0, 0.0, 0.0]}, "Ultimate": {"Cooldown": [90.0, 80.0, 70.0], "Cost": [-75.0, -125.0, -175.0], "PenetrationPCT.Ability": [1.0, 1.0, 1.0], "ARC": [2.509999990463257, 2.509999990463257, 2.509999990463257], "BasePower": [176.0, 246.0, 316.0]}}, "Stats": {"AbilityPenetrationRating": [0.0], "AttackRating": [0.0], "AttackSpeedRating": [100.0, 101.80000305175781, 103.5999984741211, 105.4000015258789, 107.19999694824219, 109.0, 110.80000305175781, 112.5999984741211, 114.4000015258789, 116.19999694824219, 118.0, 119.80000305175781, 121.5999984741211, 123.4000015258789, 125.19999694824219, 127.0, 128.8000030517578, 130.60000610351562, 132.39999389648438, 134.1999969482422], "BaseAttackTime": [0.800000011920929], "BasicPenetrationRating": [0.0], "CleaveRating": [0.0], "CriticalDamageBonus": [1.0], "LeftClickARC": [1.0], "LeftClickBasePower": [58.29999923706055, 62.70000076293945, 67.0, 71.4000015258789, 75.69999694824219, 80.0999984741211, 84.4000015258789, 88.80000305175781, 93.0999984741211, 97.5, 101.80000305175781, 106.19999694824219, 110.5, 114.9000015258789, 119.19999694824219, 123.5999984741211, 127.9000015258789, 132.3000030517578, 136.60000610351562, 141.0], "Energy": [224.0, 236.0, 248.0, 260.0, 272.0, 284.0, 296.0, 308.0, 320.0, 332.0, 344.0, 356.0, 368.0, 380.0, 392.0, 404.0, 416.0, 428.0, 440.0, 452.0], "EnergyRegenRate": [1.149999976158142, 1.190000057220459, 1.2300000190734863, 1.2699999809265137, 1.309999942779541, 1.350000023841858, 1.3899999856948853, 1.4299999475479126, 1.4700000286102295, 1.5099999904632568, 1.5499999523162842, 1.590000033378601, 1.6299999952316284, 1.6699999570846558, 1.7100000381469727, 1.75, 1.7899999618530273, 1.8300000429153442, 1.8700000047683716, 1.909999966621399], "MaxEnergy": [224.0, 236.0, 248.0, 260.0, 272.0, 284.0, 296.0, 308.0, 320.0, 332.0, 344.0, 356.0, 368.0, 380.0, 392.0, 404.0, 416.0, 428.0, 440.0, 452.0], "AbilityResistanceRating": [30.0], "BasicResistanceRating": [12.199999809265137, 14.800000190734863, 17.299999237060547, 19.899999618530273, 22.399999618530273, 24.899999618530273, 27.5, 30.0, 32.599998474121094, 35.099998474121094, 37.70000076293945, 40.20000076293945, 42.70000076293945, 45.29999923706055, 47.79999923706055, 50.400001525878906, 52.900001525878906, 55.5, 58.0, 60.5], "CriticallyWoundedThresholdPCT": [0.25], "Health": [633.0, 702.0, 770.0, 838.0, 906.0, 974.0, 1042.0, 1110.0, 1179.0, 1247.0, 1315.0, 1383.0, 1451.0, 1519.0, 1587.0, 1656.0, 1724.0, 1792.0, 1860.0, 1928.0], "HealthRegenRate": [1.059999942779541, 1.1699999570846558, 1.2799999713897705, 1.399999976158142, 1.5099999904632568, 1.6200000047683716, 1.7400000095367432, 1.850000023841858, 1.9600000381469727, 2.0799999237060547, 2.190000057220459, 2.309999942779541, 2.4200000762939453, 2.5299999713897705, 2.6500000953674316, 2.759999990463257, 2.869999885559082, 2.990000009536743, 3.0999999046325684, 3.2100000381469727], "MaxHealth": [633.0, 702.0, 770.0, 838.0, 906.0, 974.0, 1042.0, 1110.0, 1179.0, 1247.0, 1315.0, 1383.0, 1451.0, 1519.0, 1587.0, 1656.0, 1724.0, 1792.0, 1860.0, 1928.0], "MaxMoveSpeed": [650.0], "VisionRadius": [5000.0], "CXPBounty": [550.0], "CXPSpawnTime": [1.5], "GainXPFromKills": [1.0], "MaxCardLevel": [20.0], "MaxLevel": [20.0], "XPBounty": [38.5, 51.10177230834961, 65.11422729492188, 80.37014770507812, 97.01132202148438, 114.57335662841797, 133.71376037597656, 154.2930450439453, 176.12310791015625, 192.4675750732422, 209.80735778808594, 227.22921752929688, 245.59310913085938, 264.94293212890625, 285.32452392578125, 306.7856750488281, 329.3761901855469, 353.1480712890625, 378.1555480957031, 404.45513916015625], "XPToLevel": [110.0, 133.92189025878906, 157.601318359375, 180.7139434814453, 203.67018127441406, 225.5848388671875, 247.8596649169922, 270.1905822753906, 292.2566833496094, 303.475830078125, 315.12567138671875, 325.8381042480469, 336.91473388671875, 348.3678894042969, 360.21038818359375, 372.4554443359375, 385.11676025390625, 398.2085266113281, 411.74530029296875, 425.74224853515625]}}