{"Abilities": {"Alternate": {"Cooldown": [8.0, 8.0, 8.0, 8.0], "Cost": [-100.0, -100.0, -100.0, -100.0], "Knockback.Distance.Max": [700.0, 700.0, 700.0, 700.0], "ARC": [1.8803571462631226, 1.8803571462631226, 1.8803571462631226, 1.8803571462631226], "BasePower": [87.75, 140.39999389648438, 193.0500030517578, 245.6999969482422]}, "Primary": {"Cooldown": [0.0, 0.0, 0.0, 0.0], "Cost": [0.0, 0.0, 0.0, 0.0], "Movespeed.Duration": [1.25, 1.25, 1.25, 1.25], "Movespeed.Magnitude": [100.0, 150.0, 200.0, 250.0], "Radius": [4000.0, 6000.0, 8000.0, 10000.0], "ARC": [0.0, 0.0, 0.0, 0.0], "BasePower": [0.0, 0.0, 0.0, 0.0], "ShredDuration": [4.0, 4.0, 4.0, 4.0]}, "Secondary": {"Cooldown": [5.0, 4.0, 3.0, 2.0], "Cost": [0.0, 0.0, 0.0, 0.0], "Penetration.Basic": [10.0, 20.0, 30.0, 40.0], "Range": [1700.0, 1700.0, 1700.0, 1700.0], "ARC": [0.0, 0.0, 0.0, 0.0], "BasePower": [0.0, 0.0, 0.0, 0.0], "EnergyResist": [0.0, 0.0, 0.0, 0.0], "MaxTraps": [1.0, 1.0, 2.0, 3.0], "PhysicalResist": [-5.0, -10.0, -15.0, -20.0], "RootDuration": [2.0, 2.0, 2.0, 2.0], "TrapActivationDelay": [3.25, 3.25, 3.25, 3.25], "TrapDuration": [90.0, 90.0, 90.0, 90.0]}, "Ultimate": {"Cooldown": [90.0, 80.0, 70.0], "Cost": [-75.0, -125.0, -175.0], "PenetrationPCT.Ability": [1.0, 1.0, 1.0], "ARC": [3.1339285373687744, 3.1339285373687744, 3.1339285373687744], "BasePower": [175.5, 263.25, 351.0]}}, "Stats": {"AbilityPenetrationRating": [0.0], "AttackRating": [0.0], "AttackSpeedRating": [100.0, 101.80000305175781, 103.5999984741211, 105.4000015258789, 107.19999694824219, 109.0, 110.80000305175781, 112.5999984741211, 114.4000015258789, 116.19999694824219, 118.0, 119.80000305175781, 121.5999984741211, 123.4000015258789, 125.19999694824219, 127.0, 128.8000030517578, 130.60000610351562, 132.39999389648438, 134.1999969482422], "BaseAttackTime": [0.800000011920929], "BasicPenetrationRating": [0.0], "CleaveRating": [0.0], "CriticalDamageBonus": [1.0], "LeftClickARC": [1.0], "LeftClickBasePower": [58.31999969482422, 62.81999969482422, 67.31999969482422, 71.81999969482422, 76.31999969482422, 80.81999969482422, 85.31999969482422, 89.81999969482422, 94.31999969482422, 98.81999969482422, 103.31999969482422, 107.81999969482422, 112.31999969482422, 116.81999969482422, 121.31999969482422, 125.81999969482422, 130.32000732421875, 134.82000732421875, 139.32000732421875, 143.82000732421875], "Energy": [224.39999389648438, 236.39999389648438, 248.39999389648438, 260.3999938964844, 272.3999938964844, 284.3999938964844, 296.3999938964844, 308.3999938964844, 320.3999938964844, 332.3999938964844, 344.3999938964844, 356.3999938964844, 368.3999938964844, 380.3999938964844, 392.3999938964844, 404.3999938964844, 416.3999938964844, 428.3999938964844, 440.3999938964844, 452.3999938964844], "EnergyRegenRate": [1.1480000019073486, 1.187999963760376, 1.2280000448226929, 1.2680000066757202, 1.3079999685287476, 1.3480000495910645, 1.3880000114440918, 1.4279999732971191, 1.468000054359436, 1.5080000162124634, 1.5479999780654907, 1.5880000591278076, 1.628000020980835, 1.6679999828338623, 1.7079999446868896, 1.7480000257492065, 1.7879999876022339, 1.8279999494552612, 1.8680000305175781, 1.9079999923706055], "MaxEnergy": [224.39999389648438, 236.39999389648438, 248.39999389648438, 260.3999938964844, 272.3999938964844, 284.3999938964844, 296.3999938964844, 308.3999938964844, 320.3999938964844, 332.3999938964844, 344.3999938964844, 356.3999938964844, 368.3999938964844, 380.3999938964844, 392.3999938964844, 404.3999938964844, 416.3999938964844, 428.3999938964844, 440.3999938964844, 452.3999938964844], "AbilityResistanceRating": [25.0], "BasicResistanceRating": [17.280000686645508, 19.493999481201172, 21.70800018310547, 23.922000885009766, 26.13599967956543, 28.350000381469727, 30.56399917602539, 32.77799987792969, 34.992000579833984, 37.20600128173828, 39.41999816894531, 41.63399887084961, 43.847999572753906, 46.0620002746582, 48.2760009765625, 50.4900016784668, 52.70399856567383, 54.917999267578125, 57.13199996948242, 59.34600067138672], "CriticallyWoundedThresholdPCT": [0.25], "Health": [592.0399780273438, 652.8800048828125, 713.719970703125, 774.5599975585938, 835.4000244140625, 896.239990234375, 957.0800170898438, 1017.9199829101562, 1078.760009765625, 1139.5999755859375, 1200.43994140625, 1261.280029296875, 1322.1199951171875, 1382.9599609375, 1443.800048828125, 1504.6400146484375, 1565.47998046875, 1626.3199462890625, 1687.1600341796875, 1748.0], "HealthRegenRate": [0.9867333173751831, 1.0881333351135254, 1.1895333528518677, 1.29093337059021, 1.3923333883285522, 1.493733286857605, 1.5951333045959473, 1.6965333223342896, 1.7979333400726318, 1.8993333578109741, 2.0007333755493164, 2.102133274078369, 2.203533411026001, 2.3049333095550537, 2.4063334465026855, 2.5077333450317383, 2.609133243560791, 2.710533380508423, 2.8119332790374756, 2.9133334159851074], "MaxHealth": [592.0399780273438, 652.8800048828125, 713.719970703125, 774.5599975585938, 835.4000244140625, 896.239990234375, 957.0800170898438, 1017.9199829101562, 1078.760009765625, 1139.5999755859375, 1200.43994140625, 1261.280029296875, 1322.1199951171875, 1382.9599609375, 1443.800048828125, 1504.6400146484375, 1565.47998046875, 1626.3199462890625, 1687.1600341796875, 1748.0], "MaxMoveSpeed": [690.0], "VisionRadius": [5000.0], "CXPBounty": [455.0], "CXPSpawnTime": [1.5], "GainXPFromKills": [1.0], "MaxCardLevel": [20.0], "MaxLevel": [20.0], "XPBounty": [55.0, 66.96094512939453, 78.8006591796875, 90.35697174072266, 101.83509063720703, 135.3509063720703, 148.71578979492188, 162.11434936523438, 175.35400390625, 182.0854949951172, 220.5879669189453, 228.08668518066406, 235.84031677246094, 243.85751342773438, 252.1472625732422, 297.96435546875, 308.0934143066406, 318.5668029785156, 329.396240234375, 340.59381103515625], "XPToLevel": [110.0, 133.92189025878906, 157.601318359375, 180.7139434814453, 203.67018127441406, 225.5848388671875, 247.8596649169922, 270.1905822753906, 292.2566833496094, 303.475830078125, 315.12567138671875, 325.8381042480469, 336.91473388671875, 348.3678894042969, 360.21038818359375, 372.4554443359375, 385.11676025390625, 398.2085266113281, 411.74530029296875, 425.74224853515625]}}