{"Abilities": {"Alternate": {"Cooldown": [18.0, 18.0, 18.0, 18.0], "Cost": [-110.0, -120.0, -130.0, -140.0], "ARC.PerTick": [0.11999999731779099, 0.11999999731779099, 0.11999999731779099, 0.11999999731779099], "ArmorShred.Ability": [-1.0, -2.0, -3.0, -4.0], "Damage.PerTick": [7.0, 10.0, 14.0, 17.0], "Duration": [8.0, 8.0, 8.0, 8.0], "TickRate": [0.5, 0.5, 0.5, 0.5], "ARC": [2.0899999141693115, 2.0899999141693115, 2.0899999141693115, 2.0899999141693115], "BasePower": [117.0, 176.0, 234.0, 293.0]}, "Primary": {"Cooldown": [7.0, 7.0, 7.0, 7.0], "Cost": [-70.0, -70.0, -70.0, -70.0], "Turret.AttackTime": [1.0, 1.0, 1.0, 1.0], "Turret.Count": [4.0, 4.0, 4.0, 4.0], "Turret.Lifetime": [30.0, 30.0, 30.0, 30.0], "Turret.Range.Attack": [1400.0, 1400.0, 1400.0, 1400.0], "Turret.Range.Cast": [700.0, 700.0, 700.0, 700.0], "ARC": [0.5, 0.5, 0.5, 0.5], "BasePower": [21.0, 35.0, 49.0, 63.0]}, "Secondary": {"Cooldown": [1.0, 1.0, 1.0, 1.0], "Cost": [0.0, 0.0, 0.0, 0.0], "ARC.PerTick": [0.05999999865889549, 0.05999999865889549, 0.05999999865889549, 0.05999999865889549], "Damage.PerTick": [2.0, 4.0, 5.0, 7.0], "Duration": [6.0, 6.0, 6.0, 6.0], "TickRate": [0.5, 0.5, 0.5, 0.5], "ARC": [0.6700000166893005, 0.6700000166893005, 0.6700000166893005, 0.6700000166893005], "BasePower": [28.0, 47.0, 66.0, 84.0]}, "Ultimate": {"Cooldown": [100.0, 70.0, 40.0], "Cost": [-100.0, -100.0, -100.0], "ARC.PerTick": [0.2800000011920929, 0.2800000011920929, 0.2800000011920929], "Damage.PerTick": [11.0, 18.0, 26.0], "Duration": [6.0, 6.0, 6.0], "Resist.Ability.Magnitude": [0.6000000238418579, 0.6000000238418579, 0.6000000238418579], "Resist.Basic.Magnitude": [0.0, 0.0, 0.0], "Slow.Magnitude": [-0.14000000059604645, -0.2199999988079071, -0.30000001192092896], "TickRate": [0.5, 0.5, 0.5], "ARC": [3.5899999141693115, 3.5899999141693115, 3.5899999141693115], "BasePower": [137.0, 237.0, 338.0]}}, "Stats": {"AbilityPenetrationRating": [0.0], "AttackRating": [0.0], "AttackSpeedRating": [100.0], "BaseAttackTime": [0.949999988079071], "BasicPenetrationRating": [0.0], "CleaveRating": [0.20000000298023224], "CriticalDamageBonus": [1.0], "LeftClickARC": [1.0], "LeftClickBasePower": [54.79999923706055, 57.0, 59.29999923706055, 61.599998474121094, 63.79999923706055, 66.0999984741211, 68.4000015258789, 70.5999984741211, 72.9000015258789, 75.19999694824219, 77.4000015258789, 79.69999694824219, 82.0, 84.19999694824219, 86.5, 88.80000305175781, 91.0, 93.30000305175781, 95.5999984741211, 97.80000305175781], "Energy": [326.0, 346.0, 366.0, 386.0, 407.0, 427.0, 447.0, 467.0, 488.0, 508.0, 528.0, 548.0, 569.0, 589.0, 609.0, 629.0, 650.0, 670.0, 690.0, 710.0], "EnergyRegenRate": [1.4900000095367432, 1.5499999523162842, 1.6200000047683716, 1.690000057220459, 1.7599999904632568, 1.8200000524520874, 1.8899999856948853, 1.9600000381469727, 2.0299999713897705, 2.0899999141693115, 2.1600000858306885, 2.2300000190734863, 2.299999952316284, 2.359999895095825, 2.430000066757202, 2.5, 2.569999933242798, 2.630000114440918, 2.700000047683716, 2.7699999809265137], "MaxEnergy": [326.0, 346.0, 366.0, 386.0, 407.0, 427.0, 447.0, 467.0, 488.0, 508.0, 528.0, 548.0, 569.0, 589.0, 609.0, 629.0, 650.0, 670.0, 690.0, 710.0], "AbilityResistanceRating": [30.0], "BasicResistanceRating": [19.700000762939453, 21.299999237060547, 22.899999618530273, 24.5, 26.0, 27.600000381469727, 29.200000762939453, 30.799999237060547, 32.400001525878906, 33.900001525878906, 35.5, 37.099998474121094, 38.70000076293945, 40.29999923706055, 41.900001525878906, 43.400001525878906, 45.0, 46.599998474121094, 48.20000076293945, 49.79999923706055], "CriticallyWoundedThresholdPCT": [0.25], "Health": [624.0, 686.0, 749.0, 812.0, 874.0, 937.0, 1000.0, 1062.0, 1125.0, 1188.0, 1250.0, 1313.0, 1375.0, 1438.0, 1501.0, 1563.0, 1626.0, 1689.0, 1751.0, 1814.0], "HealthRegenRate": [1.0399999618530273, 1.1399999856948853, 1.25, 1.350000023841858, 1.4600000381469727, 1.559999942779541, 1.6699999570846558, 1.7699999809265137, 1.8700000047683716, 1.9800000190734863, 2.0799999237060547, 2.190000057220459, 2.2899999618530273, 2.4000000953674316, 2.5, 2.609999895095825, 2.7100000381469727, 2.809999942779541, 2.9200000762939453, 3.0199999809265137], "MaxHealth": [624.0, 686.0, 749.0, 812.0, 874.0, 937.0, 1000.0, 1062.0, 1125.0, 1188.0, 1250.0, 1313.0, 1375.0, 1438.0, 1501.0, 1563.0, 1626.0, 1689.0, 1751.0, 1814.0], "MaxMoveSpeed": [670.0], "VisionRadius": [5000.0], "CXPBounty": [550.0], "CXPSpawnTime": [1.5], "GainXPFromKills": [1.0], "MaxCardLevel": [20.0], "MaxLevel": [20.0], "XPBounty": [38.5, 51.10177230834961, 65.11422729492188, 80.37014770507812, 97.01132202148438, 114.57335662841797, 133.71376037597656, 154.2930450439453, 176.12310791015625, 192.4675750732422, 209.80735778808594, 227.22921752929688, 245.59310913085938, 264.94293212890625, 285.32452392578125, 306.7856750488281, 329.3761901855469, 353.1480712890625, 378.1555480957031, 404.45513916015625], "XPToLevel": [110.0, 133.92189025878906, 157.601318359375, 180.7139434814453, 203.67018127441406, 225.5848388671875, 247.8596649169922, 270.1905822753906, 292.2566833496094, 303.475830078125, 315.12567138671875, 325.8381042480469, 336.91473388671875, 348.3678894042969, 360.21038818359375, 372.4554443359375, 385.11676025390625, 398.2085266113281, 411.74530029296875, 425.74224853515625]}}