{"Abilities": {"Alternate": {"Cooldown": [1.0, 1.0, 1.0, 1.0], "Cost": [0.0, 0.0, 0.0, 0.0], "Alternate.Ability.MovementSpeed": [100.0, 100.0, 100.0, 100.0], "ARC": [0.0, 0.0, 0.0, 0.0], "BasePower": [0.0, 0.0, 0.0, 0.0], "Duration": [2.0, 2.6666600704193115, 3.333319902420044, 3.9999799728393555], "Proto.Duration": [6.0, 8.0, 10.0, 12.0], "Proto.PerTick.ARC": [0.07500000298023224, 0.07500000298023224, 0.07500000298023224, 0.07500000298023224], "Proto.PerTick.BaseDamage": [8.0, 10.0, 12.0, 14.0], "Proto.TickRate": [1.0, 1.0, 1.0, 1.0]}, "Primary": {"Cooldown": [12.0, 12.0, 12.0, 12.0], "Cost": [-65.0, -75.0, -85.0, -95.0], "ARC": [2.5, 2.5, 2.5, 2.5], "BasePower": [300.0, 450.0, 600.0, 750.0], "Duration": [10.0, 10.0, 10.0, 10.0], "Proto.Turret.AttackTime": [1.100000023841858, 1.100000023841858, 1.100000023841858, 1.100000023841858], "Proto.Turret.Count": [4.0, 4.0, 4.0, 4.0], "Proto.Turret.Damage.Primary": [18.0, 32.0, 46.0, 60.0], "Proto.Turret.Damage.Primary.ARC": [0.15000000596046448, 0.15000000596046448, 0.15000000596046448, 0.15000000596046448], "Proto.Turret.Duration": [36.0, 36.0, 36.0, 36.0], "Proto.Turret.Radius.Splash": [200.0, 200.0, 200.0, 200.0], "Proto.Turret.Range.Attack": [1400.0, 1400.0, 1400.0, 1400.0], "TurretQty": [1.0, 2.0, 2.0, 3.0]}, "Secondary": {"Cooldown": [26.0, 26.0, 26.0, 26.0], "Cost": [-150.0, -175.0, -200.0, -225.0], "ARC": [1.0625, 1.0625, 1.0625, 1.0625], "BasePower": [80.0, 135.0, 190.0, 245.0], "Proto.Oil.Active.ARCPerTick": [0.03999999910593033, 0.03999999910593033, 0.03999999910593033, 0.03999999910593033], "Proto.Oil.Active.BaseDamagePerTick": [12.0, 18.0, 24.0, 30.0], "Proto.Oil.Active.Duration": [6.0, 6.0, 6.0, 6.0], "Proto.Oil.Active.TickRate": [0.30000001192092896, 0.30000001192092896, 0.30000001192092896, 0.30000001192092896], "Proto.Oil.Inactive.Duration": [24.0, 24.0, 24.0, 24.0]}, "Ultimate": {"Cooldown": [100.0, 88.0, 76.0], "Cost": [-100.0, -100.0, -100.0], "ARC": [1.5625, 1.5625, 1.5625], "BasePower": [325.0, 450.0, 575.0], "Duration": [2.5, 2.5, 2.5], "Proto.Duration": [4.0, 5.0, 6.0], "Proto.Slow.Magnitude": [-120.0, -120.0, -120.0], "Proto.Turret.Damage.ARC": [0.027272727340459824, 0.027272727340459824, 0.027272727340459824], "Proto.Turret.DoT.Damage": [3.2727272510528564, 5.818181991577148, 8.363636016845703], "Proto.Turret.DoT.Interval": [0.20000000298023224, 0.20000000298023224, 0.20000000298023224]}}, "Stats": {"AbilityPenetrationRating": [0.0], "AttackRating": [0.0], "AttackSpeedRating": [100.0], "BaseAttackTime": [1.2000000476837158], "BasicPenetrationRating": [0.0], "CleaveRating": [0.10000000149011612], "CriticalDamageBonus": [1.5], "LeftClickARC": [0.30000001192092896], "LeftClickBasePower": [53.0, 54.599998474121094, 56.20000076293945, 57.79999923706055, 59.400001525878906, 61.0, 62.599998474121094, 64.19999694824219, 65.80000305175781, 67.4000015258789, 69.0, 70.5999984741211, 72.19999694824219, 73.80000305175781, 75.4000015258789, 77.0, 78.5999984741211, 80.19999694824219, 81.80000305175781, 83.4000015258789], "Energy": [280.0, 348.0, 416.0, 484.0, 552.0, 620.0, 688.0, 756.0, 824.0, 892.0, 960.0, 1028.0, 1096.0, 1164.0, 1232.0, 1300.0, 1368.0, 1436.0, 1504.0, 1572.0], "EnergyRegenRate": [1.2999999523162842, 1.5700000524520874, 1.840000033378601, 2.109999895095825, 2.380000114440918, 2.6500000953674316, 2.9200000762939453, 3.190000057220459, 3.4600000381469727, 3.7300000190734863, 4.0, 4.269999980926514, 4.539999961853027, 4.809999942779541, 5.079999923706055, 5.349999904632568, 5.619999885559082, 5.889999866485596, 6.159999847412109, 6.429999828338623], "MaxEnergy": [280.0, 348.0, 416.0, 484.0, 552.0, 620.0, 688.0, 756.0, 824.0, 892.0, 960.0, 1028.0, 1096.0, 1164.0, 1232.0, 1300.0, 1368.0, 1436.0, 1504.0, 1572.0], "AbilityResistanceRating": [20.0, 20.75, 21.5, 22.25, 23.0, 23.75, 24.5, 25.25, 26.0, 26.75, 27.5, 28.25, 29.0, 29.75, 30.5, 31.25, 32.0, 32.75, 33.5, 34.25], "BasicResistanceRating": [8.0, 9.0, 10.0, 11.0, 12.0, 13.0, 14.0, 15.0, 16.0, 17.0, 18.0, 19.0, 20.0, 21.0, 22.0, 23.0, 24.0, 25.0, 26.0, 27.0], "CriticallyWoundedThresholdPCT": [0.25], "Health": [500.0, 567.4000244140625, 634.7999877929688, 702.2000122070312, 769.5999755859375, 837.0, 904.4000244140625, 971.7999877929688, 1039.199951171875, 1106.5999755859375, 1174.0, 1241.4000244140625, 1308.800048828125, 1376.199951171875, 1443.5999755859375, 1511.0, 1578.4000244140625, 1645.800048828125, 1713.199951171875, 1780.5999755859375], "HealthRegenRate": [1.25, 1.4500000476837158, 1.649999976158142, 1.850000023841858, 2.049999952316284, 2.25, 2.450000047683716, 2.6500000953674316, 2.8499999046325684, 3.049999952316284, 3.25, 3.450000047683716, 3.6500000953674316, 3.8499999046325684, 4.050000190734863, 4.25, 4.449999809265137, 4.650000095367432, 4.849999904632568, 5.050000190734863], "MaxHealth": [500.0, 567.4000244140625, 634.7999877929688, 702.2000122070312, 769.5999755859375, 837.0, 904.4000244140625, 971.7999877929688, 1039.199951171875, 1106.5999755859375, 1174.0, 1241.4000244140625, 1308.800048828125, 1376.199951171875, 1443.5999755859375, 1511.0, 1578.4000244140625, 1645.800048828125, 1713.199951171875, 1780.5999755859375], "MaxMoveSpeed": [720.0], "VisionRadius": [5000.0], "CXPBounty": [675.0], "CXPSpawnTime": [1.5], "GainXPFromKills": [1.0], "MaxCardLevel": [20.0], "MaxLevel": [15.0], "XPBounty": [49.5, 65.25, 83.25, 101.25, 121.5, 144.0, 166.5, 189.0, 213.75, 238.5, 263.25, 285.75, 306.0, 324.0, 338.8500061035156, 551.4072875976562, 651.6632080078125, 770.1473999023438, 910.1741943359375, 1075.660400390625], "XPToLevel": [110.0, 145.0, 185.0, 225.0, 270.0, 320.0, 370.0, 420.0, 475.0, 530.0, 585.0, 635.0, 680.0, 720.0, 753.0, 1225.349609375, 1448.140380859375, 1711.438720703125, 2022.609375, 2390.3564453125]}}