{"Abilities": {"Alternate": {"Cooldown": [18.0, 18.0, 18.0, 18.0], "Cost": [-110.0, -120.0, -130.0, -140.0], "ARC.PerTick": [0.11999999731779099, 0.11999999731779099, 0.11999999731779099, 0.11999999731779099], "ArmorShred.Ability": [-1.0, -2.0, -3.0, -4.0], "Damage.PerTick": [7.0, 10.0, 14.0, 17.0], "Duration": [8.0, 8.0, 8.0, 8.0], "TickRate": [0.5, 0.5, 0.5, 0.5], "ARC": [2.0899999141693115, 2.0899999141693115, 2.0899999141693115, 2.0899999141693115], "BasePower": [117.0, 176.0, 234.0, 293.0]}, "Primary": {"Cooldown": [7.0, 7.0, 7.0, 7.0], "Cost": [-70.0, -70.0, -70.0, -70.0], "Turret.AttackTime": [1.0, 1.0, 1.0, 1.0], "Turret.Count": [4.0, 4.0, 4.0, 4.0], "Turret.Lifetime": [30.0, 30.0, 30.0, 30.0], "Turret.Range.Attack": [1400.0, 1400.0, 1400.0, 1400.0], "Turret.Range.Cast": [700.0, 700.0, 700.0, 700.0], "ARC": [0.5799999833106995, 0.5799999833106995, 0.5799999833106995, 0.5799999833106995], "BasePower": [21.0, 37.0, 54.0, 70.0]}, "Secondary": {"Cooldown": [1.0, 1.0, 1.0, 1.0], "Cost": [0.0, 0.0, 0.0, 0.0], "ARC.PerTick": [0.05999999865889549, 0.05999999865889549, 0.05999999865889549, 0.05999999865889549], "Damage.PerTick": [2.0, 4.0, 5.0, 7.0], "Duration": [6.0, 6.0, 6.0, 6.0], "TickRate": [0.5, 0.5, 0.5, 0.5], "ARC": [0.6700000166893005, 0.6700000166893005, 0.6700000166893005, 0.6700000166893005], "BasePower": [28.0, 47.0, 66.0, 84.0]}, "Ultimate": {"Cooldown": [100.0, 70.0, 40.0], "Cost": [-100.0, -100.0, -100.0], "ARC.PerTick": [0.3400000035762787, 0.3400000035762787, 0.3400000035762787], "Damage.PerTick": [12.0, 22.0, 31.0], "Duration": [6.0, 6.0, 6.0], "Resist.Ability.Magnitude": [0.6000000238418579, 0.6000000238418579, 0.6000000238418579], "Resist.Basic.Magnitude": [0.0, 0.0, 0.0], "Slow.Magnitude": [-100.0, -150.0, -200.0], "TickRate": [0.5, 0.5, 0.5], "ARC": [4.369999885559082, 4.369999885559082, 4.369999885559082], "BasePower": [157.0, 280.0, 402.0]}}, "Stats": {"AbilityPenetrationRating": [0.0], "AttackRating": [0.0], "AttackSpeedRating": [100.0], "BaseAttackTime": [0.949999988079071], "BasicPenetrationRating": [0.0], "CleaveRating": [0.20000000298023224], "CriticalDamageBonus": [1.0], "LeftClickARC": [1.0], "LeftClickBasePower": [52.70000076293945, 55.0, 57.400001525878906, 59.79999923706055, 62.20000076293945, 64.5999984741211, 67.0, 69.4000015258789, 71.80000305175781, 74.19999694824219, 76.5999984741211, 79.0, 81.4000015258789, 83.80000305175781, 86.19999694824219, 88.5999984741211, 91.0, 93.30000305175781, 95.69999694824219, 98.0999984741211], "Energy": [326.0, 346.0, 366.0, 386.0, 407.0, 427.0, 447.0, 467.0, 488.0, 508.0, 528.0, 548.0, 569.0, 589.0, 609.0, 629.0, 650.0, 670.0, 690.0, 710.0], "EnergyRegenRate": [1.4900000095367432, 1.5499999523162842, 1.6200000047683716, 1.690000057220459, 1.7599999904632568, 1.8200000524520874, 1.8899999856948853, 1.9600000381469727, 2.0299999713897705, 2.0899999141693115, 2.1600000858306885, 2.2300000190734863, 2.299999952316284, 2.359999895095825, 2.430000066757202, 2.5, 2.569999933242798, 2.630000114440918, 2.700000047683716, 2.7699999809265137], "MaxEnergy": [326.0, 346.0, 366.0, 386.0, 407.0, 427.0, 447.0, 467.0, 488.0, 508.0, 528.0, 548.0, 569.0, 589.0, 609.0, 629.0, 650.0, 670.0, 690.0, 710.0], "AbilityResistanceRating": [30.0], "BasicResistanceRating": [27.799999237060547, 29.200000762939453, 30.600000381469727, 32.0, 33.29999923706055, 34.70000076293945, 36.099998474121094, 37.5, 38.900001525878906, 40.20000076293945, 41.599998474121094, 43.0, 44.400001525878906, 45.70000076293945, 47.099998474121094, 48.5, 49.900001525878906, 51.20000076293945, 52.599998474121094, 54.0], "CriticallyWoundedThresholdPCT": [0.25], "Health": [624.0, 686.0, 749.0, 812.0, 874.0, 937.0, 1000.0, 1062.0, 1125.0, 1188.0, 1250.0, 1313.0, 1375.0, 1438.0, 1501.0, 1563.0, 1626.0, 1689.0, 1751.0, 1814.0], "HealthRegenRate": [1.0399999618530273, 1.1399999856948853, 1.25, 1.350000023841858, 1.4600000381469727, 1.559999942779541, 1.6699999570846558, 1.7699999809265137, 1.8700000047683716, 1.9800000190734863, 2.0799999237060547, 2.190000057220459, 2.2899999618530273, 2.4000000953674316, 2.5, 2.609999895095825, 2.7100000381469727, 2.809999942779541, 2.9200000762939453, 3.0199999809265137], "MaxHealth": [624.0, 686.0, 749.0, 812.0, 874.0, 937.0, 1000.0, 1062.0, 1125.0, 1188.0, 1250.0, 1313.0, 1375.0, 1438.0, 1501.0, 1563.0, 1626.0, 1689.0, 1751.0, 1814.0], "MaxMoveSpeed": [710.0], "VisionRadius": [5000.0], "CXPBounty": [550.0], "CXPSpawnTime": [1.5], "GainXPFromKills": [1.0], "MaxCardLevel": [20.0], "MaxLevel": [20.0], "XPBounty": [55.0, 66.96094512939453, 78.8006591796875, 90.35697174072266, 101.83509063720703, 135.3509063720703, 148.71578979492188, 162.11434936523438, 175.35400390625, 182.0854949951172, 220.5879669189453, 228.08668518066406, 235.84031677246094, 243.85751342773438, 252.1472625732422, 297.96435546875, 308.0934143066406, 318.5668029785156, 329.396240234375, 340.59381103515625], "XPToLevel": [110.0, 133.92189025878906, 157.601318359375, 180.7139434814453, 203.67018127441406, 225.5848388671875, 247.8596649169922, 270.1905822753906, 292.2566833496094, 303.475830078125, 315.12567138671875, 325.8381042480469, 336.91473388671875, 348.3678894042969, 360.21038818359375, 372.4554443359375, 385.11676025390625, 398.2085266113281, 411.74530029296875, 425.74224853515625]}}