{"Abilities": {"Alternate": {"Cooldown": [18.0, 18.0, 18.0, 18.0], "Cost": [-110.0, -120.0, -130.0, -140.0], "ARC.PerTick": [0.12289915978908539, 0.12289915978908539, 0.12289915978908539, 0.12289915978908539], "ArmorShred.Ability": [-1.0, -2.0, -3.0, -4.0], "Damage.PerTick": [6.882352828979492, 10.323529243469238, 13.764705657958984, 17.205883026123047], "Duration": [8.0, 8.0, 8.0, 8.0], "TickRate": [0.5, 0.5, 0.5, 0.5], "ARC": [2.0892856121063232, 2.0892856121063232, 2.0892856121063232, 2.0892856121063232], "BasePower": [117.0, 175.5, 234.0, 292.5]}, "Primary": {"Cooldown": [7.0, 7.0, 7.0, 7.0], "Cost": [-70.0, -70.0, -70.0, -70.0], "Turret.AttackTime": [1.0, 1.0, 1.0, 1.0], "Turret.Count": [4.0, 4.0, 4.0, 4.0], "Turret.Lifetime": [30.0, 30.0, 30.0, 30.0], "Turret.Range.Attack": [1400.0, 1400.0, 1400.0, 1400.0], "Turret.Range.Cast": [700.0, 700.0, 700.0, 700.0], "ARC": [0.5849999785423279, 0.5849999785423279, 0.5849999785423279, 0.5849999785423279], "BasePower": [21.059999465942383, 37.439998626708984, 53.81999969482422, 70.19999694824219]}, "Secondary": {"Cooldown": [1.0, 1.0, 1.0, 1.0], "Cost": [0.0, 0.0, 0.0, 0.0], "ARC.PerTick": [0.06964285671710968, 0.06964285671710968, 0.06964285671710968, 0.06964285671710968], "Damage.PerTick": [2.924999952316284, 4.875, 6.824999809265137, 8.774999618530273], "Duration": [6.0, 6.0, 6.0, 6.0], "TickRate": [0.5, 0.5, 0.5, 0.5], "ARC": [0.8357142806053162, 0.8357142806053162, 0.8357142806053162, 0.8357142806053162], "BasePower": [35.099998474121094, 58.5, 81.9000015258789, 105.30000305175781]}, "Ultimate": {"Cooldown": [100.0, 70.0, 40.0], "Cost": [-100.0, -100.0, -100.0], "ARC.PerTick": [0.3656249940395355, 0.3656249940395355, 0.3656249940395355], "Damage.PerTick": [13.162500381469727, 23.399999618530273, 33.63750076293945], "Duration": [6.0, 6.0, 6.0], "Resist.Ability.Magnitude": [0.6000000238418579, 0.6000000238418579, 0.6000000238418579], "Resist.Basic.Magnitude": [0.0, 0.0, 0.0], "Slow.Magnitude": [-100.0, -150.0, -200.0], "TickRate": [0.5, 0.5, 0.5], "ARC": [4.753125190734863, 4.753125190734863, 4.753125190734863], "BasePower": [171.1125030517578, 304.20001220703125, 437.2875061035156]}}, "Stats": {"AbilityPenetrationRating": [0.0], "AttackRating": [0.0], "AttackSpeedRating": [100.0], "BaseAttackTime": [0.949999988079071], "BasicPenetrationRating": [0.0], "CleaveRating": [0.20000000298023224], "CriticalDamageBonus": [1.0], "LeftClickARC": [1.0], "LeftClickBasePower": [52.650001525878906, 55.04399871826172, 57.4379997253418, 59.832000732421875, 62.22600173950195, 64.62000274658203, 67.01399993896484, 69.40799713134766, 71.802001953125, 74.19599914550781, 76.58999633789062, 78.98400115966797, 81.37799835205078, 83.77200317382812, 86.16600036621094, 88.55999755859375, 90.9540023803711, 93.3479995727539, 95.74199676513672, 98.13600158691406], "Energy": [325.67999267578125, 345.92999267578125, 366.17999267578125, 386.42999267578125, 406.67999267578125, 426.92999267578125, 447.17999267578125, 467.42999267578125, 487.67999267578125, 507.92999267578125, 528.1799926757812, 548.4299926757812, 568.6799926757812, 588.9299926757812, 609.1799926757812, 629.4299926757812, 649.6799926757812, 669.9299926757812, 690.1799926757812, 710.4299926757812], "EnergyRegenRate": [1.4855999946594238, 1.5530999898910522, 1.6205999851226807, 1.688099980354309, 1.7555999755859375, 1.823099970817566, 1.8905999660491943, 1.9580999612808228, 2.025599956512451, 2.093100070953369, 2.160599946975708, 2.228100061416626, 2.295599937438965, 2.363100051879883, 2.4305999279022217, 2.4981000423431396, 2.5655999183654785, 2.6331000328063965, 2.7005999088287354, 2.7681000232696533], "MaxEnergy": [325.67999267578125, 345.92999267578125, 366.17999267578125, 386.42999267578125, 406.67999267578125, 426.92999267578125, 447.17999267578125, 467.42999267578125, 487.67999267578125, 507.92999267578125, 528.1799926757812, 548.4299926757812, 568.6799926757812, 588.9299926757812, 609.1799926757812, 629.4299926757812, 649.6799926757812, 669.9299926757812, 690.1799926757812, 710.4299926757812], "AbilityResistanceRating": [25.0], "BasicResistanceRating": [27.84000015258789, 30.135000228881836, 32.43000030517578, 34.724998474121094, 37.02000045776367, 39.314998626708984, 41.61000061035156, 43.904998779296875, 46.20000076293945, 48.494998931884766, 50.790000915527344, 53.084999084472656, 55.380001068115234, 57.67499923706055, 59.970001220703125, 62.26499938964844, 64.55999755859375, 66.8550033569336, 69.1500015258789, 71.44499969482422], "CriticallyWoundedThresholdPCT": [0.25], "Health": [662.7960205078125, 729.719970703125, 796.6439819335938, 863.5679931640625, 930.4920043945312, 997.416015625, 1064.3399658203125, 1131.2640380859375, 1198.18798828125, 1265.112060546875, 1332.0360107421875, 1398.9599609375, 1465.884033203125, 1532.8079833984375, 1599.7320556640625, 1666.656005859375, 1733.5799560546875, 1800.5040283203125, 1867.427978515625, 1934.35205078125], "HealthRegenRate": [1.2996000051498413, 1.4426000118255615, 1.5856000185012817, 1.728600025177002, 1.8716000318527222, 2.0146000385284424, 2.157599925994873, 2.300600051879883, 2.4435999393463135, 2.5866000652313232, 2.729599952697754, 2.8726000785827637, 3.0155999660491943, 3.158600091934204, 3.3015999794006348, 3.4446001052856445, 3.587599992752075, 3.730600118637085, 3.8736000061035156, 4.016600131988525], "MaxHealth": [662.7960205078125, 729.719970703125, 796.6439819335938, 863.5679931640625, 930.4920043945312, 997.416015625, 1064.3399658203125, 1131.2640380859375, 1198.18798828125, 1265.112060546875, 1332.0360107421875, 1398.9599609375, 1465.884033203125, 1532.8079833984375, 1599.7320556640625, 1666.656005859375, 1733.5799560546875, 1800.5040283203125, 1867.427978515625, 1934.35205078125], "MaxMoveSpeed": [710.0], "VisionRadius": [5000.0], "CXPBounty": [455.0], "CXPSpawnTime": [1.5], "GainXPFromKills": [1.0], "MaxCardLevel": [20.0], "MaxLevel": [20.0], "XPBounty": [55.0, 66.96094512939453, 78.8006591796875, 90.35697174072266, 101.83509063720703, 135.3509063720703, 148.71578979492188, 162.11434936523438, 175.35400390625, 182.0854949951172, 220.5879669189453, 228.08668518066406, 235.84031677246094, 243.85751342773438, 252.1472625732422, 297.96435546875, 308.0934143066406, 318.5668029785156, 329.396240234375, 340.59381103515625], "XPToLevel": [110.0, 133.92189025878906, 157.601318359375, 180.7139434814453, 203.67018127441406, 225.5848388671875, 247.8596649169922, 270.1905822753906, 292.2566833496094, 303.475830078125, 315.12567138671875, 325.8381042480469, 336.91473388671875, 348.3678894042969, 360.21038818359375, 372.4554443359375, 385.11676025390625, 398.2085266113281, 411.74530029296875, 425.74224853515625]}}