{"Abilities": {"Alternate": {"Cooldown": [9.0, 9.0, 9.0, 9.0], "Cost": [-60.0, -60.0, -60.0, -60.0], "ARC": [1.6714285612106323, 1.6714285612106323, 1.6714285612106323, 1.6714285612106323], "BasePower": [70.19999694824219, 117.0, 163.8000030517578, 210.60000610351562]}, "Primary": {"Cooldown": [10.0, 10.0, 10.0, 10.0], "Cost": [-100.0, -115.0, -130.0, -145.0], "Stun.Duration": [1.0, 1.399999976158142, 1.7999999523162842, 2.200000047683716], "ARC": [2.0892856121063232, 2.0892856121063232, 2.0892856121063232, 2.0892856121063232], "BasePower": [146.25, 204.75, 263.25, 321.75]}, "Secondary": {"Cooldown": [24.0, 20.0, 16.0, 12.0], "Cost": [-40.0, -40.0, -40.0, -40.0], "DamageBonus.Percent": [0.029999999329447746, 0.029999999329447746, 0.029999999329447746, 0.029999999329447746], "Duration": [5.0, 5.0, 5.0, 5.0], "HealthRegen.Percent": [0.007499999832361937, 0.009999999776482582, 0.012500000186264515, 0.014999999664723873], "HealthRegen.Percent.Enraged": [0.029999999329447746, 0.03999999910593033, 0.05000000074505806, 0.05999999865889549], "ARC": [0.0, 0.0, 0.0, 0.0], "BasePower": [0.0, 0.0, 0.0, 0.0], "HealthRegen": [0.5, 1.0, 1.5, 2.0]}, "Ultimate": {"Cooldown": [90.0, 70.0, 50.0], "Cost": [-50.0, -30.0, -10.0], "RegenMultiplier": [4.0, 4.0, 4.0], "ARC": [0.0, 0.0, 0.0], "BasePower": [0.0, 0.0, 0.0], "Duration": [12.0, 12.0, 12.0], "HealthRegen": [75.0, 125.0, 175.0]}, "Passive": {"HealthRegen": [3.0, 6.0, 9.0, 12.0]}}, "Stats": {"AbilityPenetrationRating": [0.0], "AttackRating": [0.0], "AttackSpeedRating": [100.0, 101.3499984741211, 102.69999694824219, 104.05000305175781, 105.4000015258789, 106.75, 108.0999984741211, 109.44999694824219, 110.80000305175781, 112.1500015258789, 113.5, 114.8499984741211, 116.19999694824219, 117.55000305175781, 118.9000015258789, 120.25, 121.5999984741211, 122.94999694824219, 124.30000305175781, 125.6500015258789], "BaseAttackTime": [0.8500000238418579], "BasicPenetrationRating": [0.0], "CleaveRating": [0.20000000298023224], "CriticalDamageBonus": [1.0], "LeftClickARC": [1.0], "LeftClickBasePower": [60.75, 63.029998779296875, 65.30999755859375, 67.58999633789062, 69.87000274658203, 72.1500015258789, 74.43000030517578, 76.70999908447266, 78.98999786376953, 81.2699966430664, 83.55000305175781, 85.83000183105469, 88.11000061035156, 90.38999938964844, 92.66999816894531, 94.94999694824219, 97.2300033569336, 99.51000213623047, 101.79000091552734, 104.06999969482422], "Energy": [276.0, 291.0, 306.0, 321.0, 336.0, 351.0, 366.0, 381.0, 396.0, 411.0, 426.0, 441.0, 456.0, 471.0, 486.0, 501.0, 516.0, 531.0, 546.0, 561.0], "EnergyRegenRate": [1.3200000524520874, 1.3700000047683716, 1.4199999570846558, 1.4700000286102295, 1.5199999809265137, 1.5700000524520874, 1.6200000047683716, 1.6699999570846558, 1.7200000286102295, 1.7699999809265137, 1.8200000524520874, 1.8700000047683716, 1.9199999570846558, 1.9700000286102295, 2.0199999809265137, 2.069999933242798, 2.119999885559082, 2.1700000762939453, 2.2200000286102295, 2.2699999809265137], "MaxEnergy": [276.0, 291.0, 306.0, 321.0, 336.0, 351.0, 366.0, 381.0, 396.0, 411.0, 426.0, 441.0, 456.0, 471.0, 486.0, 501.0, 516.0, 531.0, 546.0, 561.0], "AbilityResistanceRating": [25.0], "BasicResistanceRating": [27.84000015258789, 30.02025032043457, 32.20050048828125, 34.3807487487793, 36.56100082397461, 38.741249084472656, 40.92150115966797, 43.101749420166016, 45.28200149536133, 47.462249755859375, 49.64250183105469, 51.822750091552734, 54.00299835205078, 56.183250427246094, 58.36349868774414, 60.54375076293945, 62.7239990234375, 64.90425109863281, 67.08450317382812, 69.2647476196289], "CriticallyWoundedThresholdPCT": [0.25], "Health": [662.7960205078125, 738.2999877929688, 813.8040161132812, 889.3079833984375, 964.81201171875, 1040.3160400390625, 1115.8199462890625, 1191.323974609375, 1266.8280029296875, 1342.33203125, 1417.8360595703125, 1493.3399658203125, 1568.843994140625, 1644.3480224609375, 1719.85205078125, 1795.35595703125, 1870.8599853515625, 1946.364013671875, 2021.8680419921875, 2097.3720703125], "HealthRegenRate": [1.1046600341796875, 1.2304999828338623, 1.3563400506973267, 1.4821799993515015, 1.6080199480056763, 1.7338600158691406, 1.8596999645233154, 1.9855400323867798, 2.111380100250244, 2.237220048904419, 2.3630599975585938, 2.4888999462127686, 2.6147398948669434, 2.7405800819396973, 2.866420030593872, 2.992259979248047, 3.1180999279022217, 3.2439401149749756, 3.3697800636291504, 3.495620012283325], "MaxHealth": [662.7960205078125, 738.2999877929688, 813.8040161132812, 889.3079833984375, 964.81201171875, 1040.3160400390625, 1115.8199462890625, 1191.323974609375, 1266.8280029296875, 1342.33203125, 1417.8360595703125, 1493.3399658203125, 1568.843994140625, 1644.3480224609375, 1719.85205078125, 1795.35595703125, 1870.8599853515625, 1946.364013671875, 2021.8680419921875, 2097.3720703125], "MaxMoveSpeed": [695.0], "VisionRadius": [5000.0], "CXPBounty": [455.0], "CXPSpawnTime": [1.5], "GainXPFromKills": [1.0], "MaxCardLevel": [20.0], "MaxLevel": [20.0], "XPBounty": [55.0, 66.96094512939453, 78.8006591796875, 90.35697174072266, 101.83509063720703, 135.3509063720703, 148.71578979492188, 162.11434936523438, 175.35400390625, 182.0854949951172, 220.5879669189453, 228.08668518066406, 235.84031677246094, 243.85751342773438, 252.1472625732422, 297.96435546875, 308.0934143066406, 318.5668029785156, 329.396240234375, 340.59381103515625], "XPToLevel": [110.0, 133.92189025878906, 157.601318359375, 180.7139434814453, 203.67018127441406, 225.5848388671875, 247.8596649169922, 270.1905822753906, 292.2566833496094, 303.475830078125, 315.12567138671875, 325.8381042480469, 336.91473388671875, 348.3678894042969, 360.21038818359375, 372.4554443359375, 385.11676025390625, 398.2085266113281, 411.74530029296875, 425.74224853515625]}}