{"Abilities": {"Alternate": {"Cooldown": [9.0, 9.0, 9.0, 9.0], "Cost": [-60.0, -60.0, -60.0, -60.0], "ARC": [1.6699999570846558, 1.6699999570846558, 1.6699999570846558, 1.6699999570846558], "BasePower": [70.0, 117.0, 164.0, 211.0]}, "Primary": {"Cooldown": [10.0, 10.0, 10.0, 10.0], "Cost": [-100.0, -115.0, -130.0, -145.0], "Stun.Duration": [1.0, 1.399999976158142, 1.7999999523162842, 2.200000047683716], "ARC": [2.0899999141693115, 2.0899999141693115, 2.0899999141693115, 2.0899999141693115], "BasePower": [146.0, 205.0, 263.0, 322.0]}, "Secondary": {"Cooldown": [24.0, 20.0, 16.0, 12.0], "Cost": [-40.0, -40.0, -40.0, -40.0], "DamageBonus.Percent": [0.029999999329447746, 0.029999999329447746, 0.029999999329447746, 0.029999999329447746], "Duration": [5.0, 5.0, 5.0, 5.0], "HealthRegen.Percent": [0.007499999832361937, 0.009999999776482582, 0.012500000186264515, 0.014999999664723873], "HealthRegen.Percent.Enraged": [0.029999999329447746, 0.03999999910593033, 0.05000000074505806, 0.05999999865889549], "ARC": [0.0, 0.0, 0.0, 0.0], "BasePower": [0.0, 0.0, 0.0, 0.0], "HealthRegen": [0.5, 1.0, 1.5, 2.0]}, "Ultimate": {"Cooldown": [90.0, 70.0, 50.0], "Cost": [-50.0, -30.0, -10.0], "RegenMultiplier": [4.0, 4.0, 4.0], "ARC": [0.0, 0.0, 0.0], "BasePower": [0.0, 0.0, 0.0], "Duration": [12.0, 12.0, 12.0], "HealthRegen": [75.0, 125.0, 175.0]}, "Passive": {"HealthRegen": [3.0, 6.0, 9.0, 12.0]}}, "Stats": {"AbilityPenetrationRating": [0.0], "AttackRating": [0.0], "AttackSpeedRating": [100.0, 101.30000305175781, 102.69999694824219, 104.0999984741211, 105.4000015258789, 106.80000305175781, 108.0999984741211, 109.5, 110.80000305175781, 112.19999694824219, 113.5, 114.80000305175781, 116.19999694824219, 117.5999984741211, 118.9000015258789, 120.30000305175781, 121.5999984741211, 123.0, 124.30000305175781, 125.69999694824219], "BaseAttackTime": [0.8500000238418579], "BasicPenetrationRating": [0.0], "CleaveRating": [0.20000000298023224], "CriticalDamageBonus": [1.0], "LeftClickARC": [1.0], "LeftClickBasePower": [60.79999923706055, 63.0, 65.30000305175781, 67.5999984741211, 69.9000015258789, 72.19999694824219, 74.4000015258789, 76.69999694824219, 79.0, 81.30000305175781, 83.5, 85.80000305175781, 88.0999984741211, 90.4000015258789, 92.69999694824219, 94.9000015258789, 97.19999694824219, 99.5, 101.80000305175781, 104.0999984741211], "Energy": [276.0, 294.0, 312.0, 330.0, 348.0, 366.0, 384.0, 402.0, 420.0, 438.0, 456.0, 474.0, 492.0, 510.0, 528.0, 546.0, 564.0, 582.0, 600.0, 618.0], "EnergyRegenRate": [1.3200000524520874, 1.3799999952316284, 1.440000057220459, 1.5, 1.559999942779541, 1.6200000047683716, 1.6799999475479126, 1.7400000095367432, 1.7999999523162842, 1.8600000143051147, 1.9199999570846558, 1.9800000190734863, 2.0399999618530273, 2.0999999046325684, 2.1600000858306885, 2.2200000286102295, 2.2799999713897705, 2.3399999141693115, 2.4000000953674316, 2.4600000381469727], "MaxEnergy": [276.0, 294.0, 312.0, 330.0, 348.0, 366.0, 384.0, 402.0, 420.0, 438.0, 456.0, 474.0, 492.0, 510.0, 528.0, 546.0, 564.0, 582.0, 600.0, 618.0], "AbilityResistanceRating": [30.0], "BasicResistanceRating": [27.799999237060547, 30.0, 32.20000076293945, 34.400001525878906, 36.599998474121094, 38.70000076293945, 40.900001525878906, 43.099998474121094, 45.29999923706055, 47.5, 49.599998474121094, 51.79999923706055, 54.0, 56.20000076293945, 58.400001525878906, 60.5, 62.70000076293945, 64.9000015258789, 67.0999984741211, 69.30000305175781], "CriticallyWoundedThresholdPCT": [0.25], "Health": [686.0, 762.0, 837.0, 913.0, 988.0, 1064.0, 1139.0, 1215.0, 1290.0, 1366.0, 1441.0, 1517.0, 1592.0, 1668.0, 1743.0, 1819.0, 1894.0, 1970.0, 2045.0, 2121.0], "HealthRegenRate": [1.1399999856948853, 1.2699999809265137, 1.399999976158142, 1.5199999809265137, 1.649999976158142, 1.7699999809265137, 1.899999976158142, 2.0199999809265137, 2.1500000953674316, 2.2799999713897705, 2.4000000953674316, 2.5299999713897705, 2.6500000953674316, 2.7799999713897705, 2.9100000858306885, 3.0299999713897705, 3.1600000858306885, 3.2799999713897705, 3.4100000858306885, 3.5299999713897705], "MaxHealth": [686.0, 762.0, 837.0, 913.0, 988.0, 1064.0, 1139.0, 1215.0, 1290.0, 1366.0, 1441.0, 1517.0, 1592.0, 1668.0, 1743.0, 1819.0, 1894.0, 1970.0, 2045.0, 2121.0], "MaxMoveSpeed": [695.0], "VisionRadius": [5000.0], "CXPBounty": [550.0], "CXPSpawnTime": [1.5], "GainXPFromKills": [1.0], "MaxCardLevel": [20.0], "MaxLevel": [20.0], "XPBounty": [55.0, 66.96094512939453, 78.8006591796875, 90.35697174072266, 101.83509063720703, 135.3509063720703, 148.71578979492188, 162.11434936523438, 175.35400390625, 182.0854949951172, 220.5879669189453, 228.08668518066406, 235.84031677246094, 243.85751342773438, 252.1472625732422, 297.96435546875, 308.0934143066406, 318.5668029785156, 329.396240234375, 340.59381103515625], "XPToLevel": [110.0, 133.92189025878906, 157.601318359375, 180.7139434814453, 203.67018127441406, 225.5848388671875, 247.8596649169922, 270.1905822753906, 292.2566833496094, 303.475830078125, 315.12567138671875, 325.8381042480469, 336.91473388671875, 348.3678894042969, 360.21038818359375, 372.4554443359375, 385.11676025390625, 398.2085266113281, 411.74530029296875, 425.74224853515625]}}