{"Abilities": {"Alternate": {"Cooldown": [7.0, 7.0, 7.0, 7.0], "Cost": [-35.0, -35.0, -35.0, -35.0], "Slow.Duration": [2.0, 2.0, 2.0, 2.0], "Slow.Magnitude": [-0.25, -0.30000001192092896, -0.3499999940395355, -0.4000000059604645], "Ability.Ultimate.CooldownReduction.Alternate": [4.0, 4.0, 4.0, 4.0], "ARC": [2.0899999141693115, 2.0899999141693115, 2.0899999141693115, 2.0899999141693115], "BasePower": [94.0, 152.0, 211.0, 269.0]}, "Primary": {"Cooldown": [14.0, 14.0, 14.0, 14.0], "Cost": [-90.0, -100.0, -110.0, -120.0], "Stun.Duration": [1.2000000476837158, 1.600000023841858, 2.0, 2.4000000953674316], "ARC": [2.0899999141693115, 2.0899999141693115, 2.0899999141693115, 2.0899999141693115], "BasePower": [146.0, 205.0, 263.0, 322.0]}, "Secondary": {"Cooldown": [24.0, 20.0, 16.0, 12.0], "Cost": [-20.0, -20.0, -20.0, -20.0], "DamageBonus.Percent": [0.029999999329447746, 0.029999999329447746, 0.029999999329447746, 0.029999999329447746], "Duration": [5.0, 5.0, 5.0, 5.0], "HealthRegen.Percent": [0.009999999776482582, 0.012500000186264515, 0.014999999664723873, 0.017500000074505806], "HealthRegen.Percent.Enraged": [0.05000000074505806, 0.0625, 0.07500000298023224, 0.08749999850988388], "ARC": [0.0, 0.0, 0.0, 0.0], "BasePower": [0.0, 0.0, 0.0, 0.0], "HealthRegen": [0.5, 1.0, 1.5, 2.0]}, "Ultimate": {"Cooldown": [90.0, 70.0, 50.0], "Cost": [-50.0, -25.0, 0.0], "RegenMultiplier": [5.0, 5.0, 5.0], "ARC": [0.0, 0.0, 0.0], "BasePower": [0.0, 0.0, 0.0], "Duration": [12.0, 12.0, 12.0]}, "Passive": {"HealthRegen": [3.0, 6.0, 9.0, 12.0]}}, "Stats": {"AbilityPenetrationRating": [0.0], "AttackRating": [0.0], "AttackSpeedRating": [100.0, 101.30000305175781, 102.69999694824219, 104.0999984741211, 105.4000015258789, 106.80000305175781, 108.0999984741211, 109.5, 110.80000305175781, 112.19999694824219, 113.5, 114.80000305175781, 116.19999694824219, 117.5999984741211, 118.9000015258789, 120.30000305175781, 121.5999984741211, 123.0, 124.30000305175781, 125.69999694824219], "BaseAttackTime": [0.8500000238418579], "BasicPenetrationRating": [0.0], "CleaveRating": [0.20000000298023224], "CriticalDamageBonus": [1.0], "LeftClickARC": [1.0], "LeftClickBasePower": [63.20000076293945, 65.30000305175781, 67.5, 69.69999694824219, 71.80000305175781, 74.0, 76.0999984741211, 78.30000305175781, 80.5, 82.5999984741211, 84.80000305175781, 86.9000015258789, 89.0999984741211, 91.30000305175781, 93.4000015258789, 95.5999984741211, 97.69999694824219, 99.9000015258789, 102.0999984741211, 104.19999694824219], "Energy": [276.0, 294.0, 312.0, 330.0, 348.0, 366.0, 384.0, 402.0, 420.0, 438.0, 456.0, 474.0, 492.0, 510.0, 528.0, 546.0, 564.0, 582.0, 600.0, 618.0], "EnergyRegenRate": [1.3200000524520874, 1.3799999952316284, 1.440000057220459, 1.5, 1.559999942779541, 1.6200000047683716, 1.6799999475479126, 1.7400000095367432, 1.7999999523162842, 1.8600000143051147, 1.9199999570846558, 1.9800000190734863, 2.0399999618530273, 2.0999999046325684, 2.1600000858306885, 2.2200000286102295, 2.2799999713897705, 2.3399999141693115, 2.4000000953674316, 2.4600000381469727], "MaxEnergy": [276.0, 294.0, 312.0, 330.0, 348.0, 366.0, 384.0, 402.0, 420.0, 438.0, 456.0, 474.0, 492.0, 510.0, 528.0, 546.0, 564.0, 582.0, 600.0, 618.0], "AbilityResistanceRating": [30.0], "BasicResistanceRating": [22.399999618530273, 24.899999618530273, 27.399999618530273, 29.899999618530273, 32.400001525878906, 34.900001525878906, 37.5, 40.0, 42.5, 45.0, 47.5, 50.0, 52.5, 55.0, 57.5, 60.0, 62.5, 65.0, 67.5, 70.0], "CriticallyWoundedThresholdPCT": [0.25], "Health": [717.0, 795.0, 874.0, 952.0, 1030.0, 1108.0, 1186.0, 1264.0, 1342.0, 1420.0, 1498.0, 1576.0, 1654.0, 1732.0, 1810.0, 1889.0, 1967.0, 2045.0, 2123.0, 2201.0], "HealthRegenRate": [1.2000000476837158, 1.3300000429153442, 1.4600000381469727, 1.590000033378601, 1.7200000286102295, 1.850000023841858, 1.9800000190734863, 2.109999895095825, 2.240000009536743, 2.369999885559082, 2.5, 2.630000114440918, 2.759999990463257, 2.890000104904175, 3.0199999809265137, 3.1500000953674316, 3.2799999713897705, 3.4100000858306885, 3.5399999618530273, 3.6700000762939453], "MaxHealth": [733.0, 811.0, 889.0, 967.0, 1045.0, 1123.0, 1201.0, 1280.0, 1358.0, 1436.0, 1514.0, 1592.0, 1670.0, 1748.0, 1826.0, 1904.0, 1982.0, 2060.0, 2138.0, 2216.0], "MaxMoveSpeed": [665.0], "VisionRadius": [5000.0], "CXPBounty": [550.0], "CXPSpawnTime": [1.5], "GainXPFromKills": [1.0], "MaxCardLevel": [20.0], "MaxLevel": [20.0], "XPBounty": [38.5, 51.10177230834961, 65.11422729492188, 80.37014770507812, 97.01132202148438, 114.57335662841797, 133.71376037597656, 154.2930450439453, 176.12310791015625, 192.4675750732422, 209.80735778808594, 227.22921752929688, 245.59310913085938, 264.94293212890625, 285.32452392578125, 306.7856750488281, 329.3761901855469, 353.1480712890625, 378.1555480957031, 404.45513916015625], "XPToLevel": [110.0, 133.92189025878906, 157.601318359375, 180.7139434814453, 203.67018127441406, 225.5848388671875, 247.8596649169922, 270.1905822753906, 292.2566833496094, 303.475830078125, 315.12567138671875, 325.8381042480469, 336.91473388671875, 348.3678894042969, 360.21038818359375, 372.4554443359375, 385.11676025390625, 398.2085266113281, 411.74530029296875, 425.74224853515625]}}