{"Abilities": {"Alternate": {"Cooldown": [7.0, 7.0, 7.0, 7.0], "Cost": [-50.0, -50.0, -50.0, -50.0], "Slow.Duration": [2.0, 2.0, 2.0, 2.0], "Slow.Magnitude": [-0.25, -0.30000001192092896, -0.3499999940395355, -0.4000000059604645], "Ability.Ultimate.CooldownReduction.Alternate": [4.0, 4.0, 4.0, 4.0], "ARC": [2.0899999141693115, 2.0899999141693115, 2.0899999141693115, 2.0899999141693115], "BasePower": [94.0, 152.0, 211.0, 269.0]}, "Primary": {"Cooldown": [10.0, 10.0, 10.0, 10.0], "Cost": [-90.0, -100.0, -110.0, -120.0], "Stun.Duration": [1.0, 1.399999976158142, 1.7999999523162842, 2.200000047683716], "ARC": [2.0899999141693115, 2.0899999141693115, 2.0899999141693115, 2.0899999141693115], "BasePower": [146.0, 205.0, 263.0, 322.0]}, "Secondary": {"Cooldown": [24.0, 20.0, 16.0, 12.0], "Cost": [-40.0, -40.0, -40.0, -40.0], "DamageBonus.Percent": [0.029999999329447746, 0.029999999329447746, 0.029999999329447746, 0.029999999329447746], "Duration": [8.0, 8.0, 8.0, 8.0], "HealthRegen.Percent": [0.009999999776482582, 0.014000000432133675, 0.017999999225139618, 0.02199999988079071], "HealthRegen.Percent.Enraged": [0.05000000074505806, 0.07000000029802322, 0.09000000357627869, 0.10999999940395355], "ARC": [0.0, 0.0, 0.0, 0.0], "BasePower": [0.0, 0.0, 0.0, 0.0], "HealthRegen": [0.5, 1.0, 1.5, 2.0]}, "Ultimate": {"Cooldown": [90.0, 70.0, 50.0], "Cost": [-50.0, -25.0, 0.0], "RegenMultiplier": [5.0, 5.0, 5.0], "ARC": [0.0, 0.0, 0.0], "BasePower": [0.0, 0.0, 0.0], "Duration": [12.0, 12.0, 12.0]}, "Passive": {"HealthRegen": [3.0, 6.0, 9.0, 12.0]}}, "Stats": {"AbilityPenetrationRating": [0.0], "AttackRating": [0.0], "AttackSpeedRating": [100.0, 101.30000305175781, 102.69999694824219, 104.0999984741211, 105.4000015258789, 106.80000305175781, 108.0999984741211, 109.5, 110.80000305175781, 112.19999694824219, 113.5, 114.80000305175781, 116.19999694824219, 117.5999984741211, 118.9000015258789, 120.30000305175781, 121.5999984741211, 123.0, 124.30000305175781, 125.69999694824219], "BaseAttackTime": [0.8500000238418579], "BasicPenetrationRating": [0.0], "CleaveRating": [0.20000000298023224], "CriticalDamageBonus": [1.0], "LeftClickARC": [1.0], "LeftClickBasePower": [60.79999923706055, 63.0, 65.30000305175781, 67.5999984741211, 69.9000015258789, 72.19999694824219, 74.4000015258789, 76.69999694824219, 79.0, 81.30000305175781, 83.5, 85.80000305175781, 88.0999984741211, 90.4000015258789, 92.69999694824219, 94.9000015258789, 97.19999694824219, 99.5, 101.80000305175781, 104.0999984741211], "Energy": [276.0, 294.0, 312.0, 330.0, 348.0, 366.0, 384.0, 402.0, 420.0, 438.0, 456.0, 474.0, 492.0, 510.0, 528.0, 546.0, 564.0, 582.0, 600.0, 618.0], "EnergyRegenRate": [1.3200000524520874, 1.3799999952316284, 1.440000057220459, 1.5, 1.559999942779541, 1.6200000047683716, 1.6799999475479126, 1.7400000095367432, 1.7999999523162842, 1.8600000143051147, 1.9199999570846558, 1.9800000190734863, 2.0399999618530273, 2.0999999046325684, 2.1600000858306885, 2.2200000286102295, 2.2799999713897705, 2.3399999141693115, 2.4000000953674316, 2.4600000381469727], "MaxEnergy": [276.0, 294.0, 312.0, 330.0, 348.0, 366.0, 384.0, 402.0, 420.0, 438.0, 456.0, 474.0, 492.0, 510.0, 528.0, 546.0, 564.0, 582.0, 600.0, 618.0], "AbilityResistanceRating": [30.0], "BasicResistanceRating": [31.700000762939453, 33.79999923706055, 36.0, 38.20000076293945, 40.400001525878906, 42.599998474121094, 44.70000076293945, 46.900001525878906, 49.099998474121094, 51.29999923706055, 53.5, 55.70000076293945, 57.79999923706055, 60.0, 62.20000076293945, 64.4000015258789, 66.5999984741211, 68.69999694824219, 70.9000015258789, 73.0999984741211], "CriticallyWoundedThresholdPCT": [0.25], "Health": [733.0, 811.0, 889.0, 967.0, 1045.0, 1123.0, 1201.0, 1280.0, 1358.0, 1436.0, 1514.0, 1592.0, 1670.0, 1748.0, 1826.0, 1904.0, 1982.0, 2060.0, 2138.0, 2216.0], "HealthRegenRate": [1.2200000286102295, 1.350000023841858, 1.4800000190734863, 1.6100000143051147, 1.7400000095367432, 1.8700000047683716, 2.0, 2.130000114440918, 2.259999990463257, 2.390000104904175, 2.5199999809265137, 2.6500000953674316, 2.7799999713897705, 2.9100000858306885, 3.0399999618530273, 3.1700000762939453, 3.299999952316284, 3.430000066757202, 3.559999942779541, 3.690000057220459], "MaxHealth": [733.0, 811.0, 889.0, 967.0, 1045.0, 1123.0, 1201.0, 1280.0, 1358.0, 1436.0, 1514.0, 1592.0, 1670.0, 1748.0, 1826.0, 1904.0, 1982.0, 2060.0, 2138.0, 2216.0], "MaxMoveSpeed": [705.0], "VisionRadius": [5000.0], "CXPBounty": [550.0], "CXPSpawnTime": [1.5], "GainXPFromKills": [1.0], "MaxCardLevel": [20.0], "MaxLevel": [20.0], "XPBounty": [55.0, 66.96094512939453, 78.8006591796875, 90.35697174072266, 101.83509063720703, 135.3509063720703, 148.71578979492188, 162.11434936523438, 175.35400390625, 182.0854949951172, 220.5879669189453, 228.08668518066406, 235.84031677246094, 243.85751342773438, 252.1472625732422, 297.96435546875, 308.0934143066406, 318.5668029785156, 329.396240234375, 340.59381103515625], "XPToLevel": [110.0, 133.92189025878906, 157.601318359375, 180.7139434814453, 203.67018127441406, 225.5848388671875, 247.8596649169922, 270.1905822753906, 292.2566833496094, 303.475830078125, 315.12567138671875, 325.8381042480469, 336.91473388671875, 348.3678894042969, 360.21038818359375, 372.4554443359375, 385.11676025390625, 398.2085266113281, 411.74530029296875, 425.74224853515625]}}