{"Abilities": {"Alternate": {"Cooldown": [0.0, 0.0, 0.0, 0.0], "Cost": [0.0, 0.0, 0.0, 0.0], "Damage.Bonus.ARC": [0.5, 0.5, 0.5, 0.5], "Damage.Bonus.Base": [25.0, 50.0, 75.0, 100.0], "Damage.PCTBonus": [0.5, 1.0, 1.5, 2.0], "MaxRating.Reload": [300.0, 300.0, 300.0, 300.0], "ARC": [0.0, 0.0, 0.0, 0.0], "BasePower": [0.0, 0.0, 0.0, 0.0], "Duration": [2.0, 3.0, 4.0, 5.0], "PhysDamageReduction": [0.5, 0.5, 0.5, 0.5]}, "Primary": {"Cooldown": [12.0, 12.0, 12.0, 12.0], "Cost": [-100.0, -110.0, -120.0, -130.0], "ARC": [3.1339285373687744, 3.1339285373687744, 3.1339285373687744, 3.1339285373687744], "BasePower": [175.5, 263.25, 351.0, 438.75], "MissileCount": [10.0, 10.0, 10.0, 10.0], "Range": [1400.0, 1400.0, 1400.0, 1400.0], "StandingCastTime": [0.5, 0.5, 0.5, 0.5]}, "Secondary": {"Cooldown": [6.0, 6.0, 6.0, 6.0], "Cost": [-50.0, -50.0, -50.0, -50.0], "ARC": [0.1741071492433548, 0.1741071492433548, 0.1741071492433548, 0.1741071492433548], "BasePower": [87.75, 117.0, 146.25, 175.5], "Duration": [5.0, 5.0, 5.0, 5.0], "MarkCount": [3.0, 4.0, 5.0, 6.0], "MarkDamage": [29.25, 29.25, 29.25, 29.25], "Range": [1300.0, 1300.0, 1300.0, 1300.0]}, "Ultimate": {"Cooldown": [110.0, 100.0, 90.0], "Cost": [-100.0, -100.0, -100.0], "ARC": [0.0, 0.0, 0.0], "BasePower": [23.399999618530273, 23.399999618530273, 23.399999618530273], "BonusBounty": [600.0, 800.0, 1000.0], "Duration": [6.0, 7.0, 8.0]}}, "Stats": {"AbilityPenetrationRating": [0.0], "AttackRating": [0.0], "AttackSpeedRating": [100.0, 102.5, 105.0, 107.5, 110.0, 112.5, 115.0, 117.5, 120.0, 122.5, 125.0, 127.5, 130.0, 132.5, 135.0, 137.5, 140.0, 142.5, 145.0, 147.5], "BaseAttackTime": [0.5], "BasicPenetrationRating": [0.0], "CleaveRating": [0.0], "CriticalDamageBonus": [1.0], "LeftClickARC": [1.0], "LeftClickBasePower": [52.91999816894531, 58.91999816894531, 64.91999816894531, 70.91999816894531, 76.91999816894531, 82.91999816894531, 88.91999816894531, 94.91999816894531, 100.91999816894531, 106.91999816894531, 112.91999816894531, 118.91999816894531, 124.91999816894531, 130.9199981689453, 136.9199981689453, 142.9199981689453, 148.9199981689453, 154.9199981689453, 160.9199981689453, 166.9199981689453], "Energy": [290.3999938964844, 311.3999938964844, 332.3999938964844, 353.3999938964844, 374.3999938964844, 395.3999938964844, 416.3999938964844, 437.3999938964844, 458.3999938964844, 479.3999938964844, 500.3999938964844, 521.4000244140625, 542.4000244140625, 563.4000244140625, 584.4000244140625, 605.4000244140625, 626.4000244140625, 647.4000244140625, 668.4000244140625, 689.4000244140625], "EnergyRegenRate": [1.3680000305175781, 1.437999963760376, 1.5080000162124634, 1.5779999494552612, 1.6480000019073486, 1.718000054359436, 1.7879999876022339, 1.8580000400543213, 1.9279999732971191, 1.9980000257492065, 2.068000078201294, 2.138000011444092, 2.2079999446868896, 2.2780001163482666, 2.3480000495910645, 2.4179999828338623, 2.48799991607666, 2.558000087738037, 2.628000020980835, 2.697999954223633], "MaxEnergy": [290.3999938964844, 311.3999938964844, 332.3999938964844, 353.3999938964844, 374.3999938964844, 395.3999938964844, 416.3999938964844, 437.3999938964844, 458.3999938964844, 479.3999938964844, 500.3999938964844, 521.4000244140625, 542.4000244140625, 563.4000244140625, 584.4000244140625, 605.4000244140625, 626.4000244140625, 647.4000244140625, 668.4000244140625, 689.4000244140625], "AbilityResistanceRating": [25.0], "BasicResistanceRating": [17.280000686645508, 19.493999481201172, 21.70800018310547, 23.922000885009766, 26.13599967956543, 28.350000381469727, 30.56399917602539, 32.77799987792969, 34.992000579833984, 37.20600128173828, 39.41999816894531, 41.63399887084961, 43.847999572753906, 46.0620002746582, 48.2760009765625, 50.4900016784668, 52.70399856567383, 54.917999267578125, 57.13199996948242, 59.34600067138672], "CriticallyWoundedThresholdPCT": [0.25], "Health": [609.8012084960938, 675.5084228515625, 741.215576171875, 806.9227905273438, 872.6300048828125, 938.3372192382812, 1004.0443725585938, 1069.7515869140625, 1135.458740234375, 1201.166015625, 1266.8731689453125, 1332.5804443359375, 1398.28759765625, 1463.9947509765625, 1529.7020263671875, 1595.4091796875, 1661.116455078125, 1726.8236083984375, 1792.53076171875, 1858.238037109375], "HealthRegenRate": [1.016335368156433, 1.125847339630127, 1.2353593111038208, 1.3448712825775146, 1.454383373260498, 1.563895344734192, 1.6734073162078857, 1.7829192876815796, 1.892431378364563, 2.001943349838257, 2.1114554405212402, 2.2209672927856445, 2.330479383468628, 2.4399912357330322, 2.5495033264160156, 2.659015417098999, 2.7685272693634033, 2.8780393600463867, 2.98755145072937, 3.0970633029937744], "MaxHealth": [609.8012084960938, 675.5084228515625, 741.215576171875, 806.9227905273438, 872.6300048828125, 938.3372192382812, 1004.0443725585938, 1069.7515869140625, 1135.458740234375, 1201.166015625, 1266.8731689453125, 1332.5804443359375, 1398.28759765625, 1463.9947509765625, 1529.7020263671875, 1595.4091796875, 1661.116455078125, 1726.8236083984375, 1792.53076171875, 1858.238037109375], "MaxMoveSpeed": [700.0], "VisionRadius": [5000.0], "CXPBounty": [455.0], "CXPSpawnTime": [1.5], "GainXPFromKills": [1.0], "MaxCardLevel": [20.0], "MaxLevel": [20.0], "XPBounty": [55.0, 66.96094512939453, 78.8006591796875, 90.35697174072266, 101.83509063720703, 135.3509063720703, 148.71578979492188, 162.11434936523438, 175.35400390625, 182.0854949951172, 220.5879669189453, 228.08668518066406, 235.84031677246094, 243.85751342773438, 252.1472625732422, 297.96435546875, 308.0934143066406, 318.5668029785156, 329.396240234375, 340.59381103515625], "XPToLevel": [110.0, 133.92189025878906, 157.601318359375, 180.7139434814453, 203.67018127441406, 225.5848388671875, 247.8596649169922, 270.1905822753906, 292.2566833496094, 303.475830078125, 315.12567138671875, 325.8381042480469, 336.91473388671875, 348.3678894042969, 360.21038818359375, 372.4554443359375, 385.11676025390625, 398.2085266113281, 411.74530029296875, 425.74224853515625]}}