{"Abilities": {"Alternate": {"Cooldown": [0.0, 0.0, 0.0, 0.0], "Cost": [0.0, 0.0, 0.0, 0.0], "Damage.Bonus.ARC": [0.5, 0.5, 0.5, 0.5], "Damage.Bonus.Base": [25.0, 50.0, 75.0, 100.0], "Damage.PCTBonus": [0.5, 1.0, 1.5, 2.0], "MaxRating.Reload": [300.0, 300.0, 300.0, 300.0], "ARC": [0.0, 0.0, 0.0, 0.0], "BasePower": [0.0, 0.0, 0.0, 0.0], "Duration": [2.0, 3.0, 4.0, 5.0], "PhysDamageReduction": [0.5, 0.5, 0.5, 0.5]}, "Primary": {"Cooldown": [12.0, 12.0, 12.0, 12.0], "Cost": [-100.0, -110.0, -120.0, -130.0], "ARC": [3.130000114440918, 3.130000114440918, 3.130000114440918, 3.130000114440918], "BasePower": [175.5, 263.25, 351.0, 438.75], "MissileCount": [10.0, 10.0, 10.0, 10.0], "Range": [1400.0, 1400.0, 1400.0, 1400.0], "StandingCastTime": [0.5, 0.5, 0.5, 0.5]}, "Secondary": {"Cooldown": [8.0, 8.0, 8.0, 8.0], "Cost": [-65.0, -65.0, -65.0, -65.0], "Slow.Duration.Stack": [1.0, 1.0, 1.0, 1.0], "Slow.Magnitude.Stack": [-0.07000000029802322, -0.07999999821186066, -0.09000000357627869, -0.10000000149011612], "ARC": [0.17000000178813934, 0.17000000178813934, 0.17000000178813934, 0.17000000178813934], "BasePower": [87.0, 116.0, 145.0, 174.0], "Duration": [5.0, 5.0, 5.0, 5.0], "MarkCount": [3.0, 4.0, 5.0, 6.0], "MarkDamage": [29.0, 29.0, 29.0, 29.0], "Range": [1300.0, 1300.0, 1300.0, 1300.0]}, "Ultimate": {"Cooldown": [110.0, 100.0, 90.0], "Cost": [-100.0, -100.0, -100.0], "Root.Duration": [0.5, 0.5, 0.5], "ARC": [0.0, 0.0, 0.0], "BasePower": [23.399999618530273, 23.399999618530273, 23.399999618530273], "BonusBounty": [600.0, 950.0, 1300.0], "Duration": [6.0, 7.0, 8.0]}}, "Stats": {"AbilityPenetrationRating": [0.0], "AttackRating": [0.0], "AttackSpeedRating": [100.0, 104.0, 108.0, 112.0, 116.0, 120.0, 124.0, 128.0, 132.0, 136.0, 140.0, 144.0, 148.0, 152.0, 156.0, 160.0, 164.0, 168.0, 172.0, 176.0], "BaseAttackTime": [0.5], "BasicPenetrationRating": [0.0], "CleaveRating": [0.0], "CriticalDamageBonus": [1.0], "LeftClickARC": [1.0], "LeftClickBasePower": [52.900001525878906, 58.900001525878906, 64.9000015258789, 70.9000015258789, 76.9000015258789, 82.9000015258789, 88.9000015258789, 94.9000015258789, 100.9000015258789, 106.9000015258789, 112.9000015258789, 118.9000015258789, 124.9000015258789, 130.89999389648438, 136.89999389648438, 142.89999389648438, 148.89999389648438, 154.89999389648438, 160.89999389648438, 166.89999389648438], "Energy": [290.0, 311.0, 332.0, 353.0, 374.0, 395.0, 416.0, 437.0, 458.0, 479.0, 500.0, 521.0, 542.0, 563.0, 584.0, 605.0, 626.0, 647.0, 668.0, 689.0], "EnergyRegenRate": [1.3700000047683716, 1.440000057220459, 1.5099999904632568, 1.5800000429153442, 1.649999976158142, 1.7200000286102295, 1.7899999618530273, 1.8600000143051147, 1.9299999475479126, 2.0, 2.069999933242798, 2.140000104904175, 2.2100000381469727, 2.2799999713897705, 2.3499999046325684, 2.4200000762939453, 2.490000009536743, 2.559999942779541, 2.630000114440918, 2.700000047683716], "MaxEnergy": [290.0, 311.0, 332.0, 353.0, 374.0, 395.0, 416.0, 437.0, 458.0, 479.0, 500.0, 521.0, 542.0, 563.0, 584.0, 605.0, 626.0, 647.0, 668.0, 689.0], "AbilityResistanceRating": [30.0], "BasicResistanceRating": [12.199999809265137, 14.800000190734863, 17.299999237060547, 19.899999618530273, 22.399999618530273, 24.899999618530273, 27.5, 30.0, 32.599998474121094, 35.099998474121094, 37.70000076293945, 40.20000076293945, 42.70000076293945, 45.29999923706055, 47.79999923706055, 50.400001525878906, 52.900001525878906, 55.5, 58.0, 60.5], "CriticallyWoundedThresholdPCT": [0.25], "Health": [633.0, 699.0, 765.0, 831.0, 896.0, 962.0, 1028.0, 1093.0, 1159.0, 1225.0, 1291.0, 1356.0, 1422.0, 1488.0, 1553.0, 1619.0, 1685.0, 1751.0, 1816.0, 1882.0], "HealthRegenRate": [1.059999942779541, 1.1699999570846558, 1.2699999809265137, 1.3799999952316284, 1.4900000095367432, 1.600000023841858, 1.7100000381469727, 1.8200000524520874, 1.9299999475479126, 2.0399999618530273, 2.1500000953674316, 2.259999990463257, 2.369999885559082, 2.4800000190734863, 2.5899999141693115, 2.700000047683716, 2.809999942779541, 2.9200000762939453, 3.0299999713897705, 3.140000104904175], "MaxHealth": [633.0, 699.0, 765.0, 831.0, 896.0, 962.0, 1028.0, 1093.0, 1159.0, 1225.0, 1291.0, 1356.0, 1422.0, 1488.0, 1553.0, 1619.0, 1685.0, 1751.0, 1816.0, 1882.0], "MaxMoveSpeed": [660.0], "VisionRadius": [5000.0], "CXPBounty": [550.0], "CXPSpawnTime": [1.5], "GainXPFromKills": [1.0], "MaxCardLevel": [20.0], "MaxLevel": [20.0], "XPBounty": [38.5, 51.10177230834961, 65.11422729492188, 80.37014770507812, 97.01132202148438, 114.57335662841797, 133.71376037597656, 154.2930450439453, 176.12310791015625, 192.4675750732422, 209.80735778808594, 227.22921752929688, 245.59310913085938, 264.94293212890625, 285.32452392578125, 306.7856750488281, 329.3761901855469, 353.1480712890625, 378.1555480957031, 404.45513916015625], "XPToLevel": [110.0, 133.92189025878906, 157.601318359375, 180.7139434814453, 203.67018127441406, 225.5848388671875, 247.8596649169922, 270.1905822753906, 292.2566833496094, 303.475830078125, 315.12567138671875, 325.8381042480469, 336.91473388671875, 348.3678894042969, 360.21038818359375, 372.4554443359375, 385.11676025390625, 398.2085266113281, 411.74530029296875, 425.74224853515625]}}