{"Abilities": {"Alternate": {"Cooldown": [10.0, 10.0, 10.0, 10.0], "Cost": [-100.0, -110.0, -120.0, -130.0], "Range": [1900.0, 1900.0, 1900.0, 1900.0], "Slow.Duration": [2.0, 2.0, 2.0, 2.0], "Slow.Magnitude": [-0.25, -0.2800000011920929, -0.3100000023841858, -0.3400000035762787], "ARC": [1.8799999952316284, 1.8799999952316284, 1.8799999952316284, 1.8799999952316284], "BasePower": [117.0, 170.0, 222.0, 275.0]}, "Primary": {"Cooldown": [8.0, 8.0, 8.0, 8.0], "Cost": [-100.0, -110.0, -120.0, -130.0], "Range": [1750.0, 1750.0, 1750.0, 1750.0], "ARC": [3.130000114440918, 3.130000114440918, 3.130000114440918, 3.130000114440918], "BasePower": [117.0, 205.0, 293.0, 380.0]}, "Secondary": {"Cooldown": [15.0, 13.0, 11.0, 9.0], "Cost": [-60.0, -60.0, -60.0, -60.0], "ARC": [0.0, 0.0, 0.0, 0.0], "BasePower": [0.0, 0.0, 0.0, 0.0], "Distance": [850.0, 975.0, 1100.0, 1225.0]}, "Ultimate": {"Cooldown": [150.0, 135.0, 120.0], "Cost": [-140.0, -210.0, -280.0], "ARC": [2.859999895095825, 2.859999895095825, 2.859999895095825], "BasePower": [224.0, 304.0, 384.0], "Duration": [3.5, 3.5, 3.5], "PullStrength": [450.0, 450.0, 450.0]}}, "Stats": {"AbilityPenetrationRating": [0.0], "AttackRating": [0.0], "AttackSpeedRating": [100.0], "BaseAttackTime": [0.949999988079071], "BasicPenetrationRating": [0.0], "CleaveRating": [0.0], "CriticalDamageBonus": [1.0], "LeftClickARC": [1.0], "LeftClickBasePower": [52.900001525878906, 55.0, 57.0, 59.0, 61.099998474121094, 63.099998474121094, 65.19999694824219, 67.19999694824219, 69.19999694824219, 71.30000305175781, 73.30000305175781, 75.4000015258789, 77.4000015258789, 79.4000015258789, 81.5, 83.5, 85.5999984741211, 87.5999984741211, 89.5999984741211, 91.69999694824219], "Energy": [390.0, 420.0, 450.0, 480.0, 510.0, 540.0, 570.0, 600.0, 630.0, 660.0, 690.0, 720.0, 750.0, 780.0, 810.0, 840.0, 870.0, 900.0, 930.0, 960.0], "EnergyRegenRate": [1.7000000476837158, 1.7999999523162842, 1.899999976158142, 2.0, 2.0999999046325684, 2.200000047683716, 2.299999952316284, 2.4000000953674316, 2.5, 2.5999999046325684, 2.700000047683716, 2.799999952316284, 2.9000000953674316, 3.0, 3.0999999046325684, 3.200000047683716, 3.299999952316284, 3.4000000953674316, 3.5, 3.5999999046325684], "MaxEnergy": [390.0, 420.0, 450.0, 480.0, 510.0, 540.0, 570.0, 600.0, 630.0, 660.0, 690.0, 720.0, 750.0, 780.0, 810.0, 840.0, 870.0, 900.0, 930.0, 960.0], "AbilityResistanceRating": [30.0], "BasicResistanceRating": [15.0, 17.600000381469727, 20.299999237060547, 23.0, 25.700000762939453, 28.299999237060547, 31.0, 33.70000076293945, 36.400001525878906, 39.0, 41.70000076293945, 44.400001525878906, 47.0, 49.70000076293945, 52.400001525878906, 55.099998474121094, 57.70000076293945, 60.400001525878906, 63.099998474121094, 65.80000305175781], "CriticallyWoundedThresholdPCT": [0.25], "Health": [566.0, 627.0, 688.0, 750.0, 811.0, 872.0, 933.0, 994.0, 1055.0, 1116.0, 1178.0, 1239.0, 1300.0, 1361.0, 1422.0, 1483.0, 1544.0, 1606.0, 1667.0, 1728.0], "HealthRegenRate": [0.9399999976158142, 1.0499999523162842, 1.149999976158142, 1.25, 1.350000023841858, 1.4500000476837158, 1.5499999523162842, 1.659999966621399, 1.7599999904632568, 1.8600000143051147, 1.9600000381469727, 2.059999942779541, 2.1700000762939453, 2.2699999809265137, 2.369999885559082, 2.4700000286102295, 2.569999933242798, 2.680000066757202, 2.7799999713897705, 2.880000114440918], "MaxHealth": [566.0, 627.0, 688.0, 750.0, 811.0, 872.0, 933.0, 994.0, 1055.0, 1116.0, 1178.0, 1239.0, 1300.0, 1361.0, 1422.0, 1483.0, 1544.0, 1606.0, 1667.0, 1728.0], "MaxMoveSpeed": [650.0], "VisionRadius": [5000.0], "CXPBounty": [550.0], "CXPSpawnTime": [1.5], "GainXPFromKills": [1.0], "MaxCardLevel": [20.0], "MaxLevel": [20.0], "XPBounty": [38.5, 51.10177230834961, 65.11422729492188, 80.37014770507812, 97.01132202148438, 114.57335662841797, 133.71376037597656, 154.2930450439453, 176.12310791015625, 192.4675750732422, 209.80735778808594, 227.22921752929688, 245.59310913085938, 264.94293212890625, 285.32452392578125, 306.7856750488281, 329.3761901855469, 353.1480712890625, 378.1555480957031, 404.45513916015625], "XPToLevel": [110.0, 133.92189025878906, 157.601318359375, 180.7139434814453, 203.67018127441406, 225.5848388671875, 247.8596649169922, 270.1905822753906, 292.2566833496094, 303.475830078125, 315.12567138671875, 325.8381042480469, 336.91473388671875, 348.3678894042969, 360.21038818359375, 372.4554443359375, 385.11676025390625, 398.2085266113281, 411.74530029296875, 425.74224853515625]}}