{"Abilities": {"Alternate": {"Cooldown": [6.0, 6.0, 6.0, 6.0], "Cost": [-110.0, -110.0, -110.0, -110.0], "ARC.PerTick": [0.2611607015132904, 0.2611607015132904, 0.2611607015132904, 0.2611607015132904], "Damage.PerTick": [16.087499618530273, 23.399999618530273, 30.712499618530273, 38.025001525878906], "Duration": [4.0, 4.0, 4.0, 4.0], "Range.Cast": [1300.0, 1300.0, 1300.0, 1300.0], "Range.Tether": [1700.0, 1700.0, 1700.0, 1700.0], "TickRate": [0.5, 0.5, 0.5, 0.5], "ARC": [2.0892856121063232, 2.0892856121063232, 2.0892856121063232, 2.0892856121063232], "BasePower": [128.6999969482422, 187.1999969482422, 245.6999969482422, 304.20001220703125], "Slow": [-100.0, -100.0, -100.0, -100.0]}, "Primary": {"Cooldown": [6.0, 6.0, 6.0, 6.0], "Cost": [-100.0, -110.0, -120.0, -130.0], "Range": [1500.0, 1500.0, 1500.0, 1500.0], "ARC": [3.551785707473755, 3.551785707473755, 3.551785707473755, 3.551785707473755], "BasePower": [140.39999389648438, 239.85000610351562, 339.29998779296875, 438.75], "DamageDuration": [2.0, 2.0, 2.0, 2.0]}, "Secondary": {"Cooldown": [12.0, 10.0, 8.0, 6.0], "Cost": [-60.0, -60.0, -60.0, -60.0], "ARC": [0.0, 0.0, 0.0, 0.0], "BasePower": [0.0, 0.0, 0.0, 0.0], "Distance": [850.0, 975.0, 1100.0, 1225.0]}, "Ultimate": {"Cooldown": [130.0, 115.0, 100.0], "Cost": [-140.0, -210.0, -280.0], "ARC": [4.1785712242126465, 4.1785712242126465, 4.1785712242126465], "BasePower": [327.6000061035156, 444.6000061035156, 561.5999755859375], "Duration": [3.5, 3.5, 3.5], "PullStrength": [450.0, 450.0, 450.0], "Slow": [-210.0, -210.0, -210.0]}}, "Stats": {"AbilityPenetrationRating": [0.0], "AttackRating": [0.0], "AttackSpeedRating": [100.0], "BaseAttackTime": [0.949999988079071], "BasicPenetrationRating": [0.0], "CleaveRating": [0.0], "CriticalDamageBonus": [1.0], "LeftClickARC": [1.0], "LeftClickBasePower": [52.91999816894531, 54.959999084472656, 57.0, 59.040000915527344, 61.08000183105469, 63.119998931884766, 65.16000366210938, 67.19999694824219, 69.23999786376953, 71.27999877929688, 73.31999969482422, 75.36000061035156, 77.4000015258789, 79.44000244140625, 81.4800033569336, 83.5199966430664, 85.55999755859375, 87.5999984741211, 89.63999938964844, 91.68000030517578], "Energy": [390.0, 420.0, 450.0, 480.0, 510.0, 540.0, 570.0, 600.0, 630.0, 660.0, 690.0, 720.0, 750.0, 780.0, 810.0, 840.0, 870.0, 900.0, 930.0, 960.0], "EnergyRegenRate": [1.7000000476837158, 1.7999999523162842, 1.899999976158142, 2.0, 2.0999999046325684, 2.200000047683716, 2.299999952316284, 2.4000000953674316, 2.5, 2.5999999046325684, 2.700000047683716, 2.799999952316284, 2.9000000953674316, 3.0, 3.0999999046325684, 3.200000047683716, 3.299999952316284, 3.4000000953674316, 3.5, 3.5999999046325684], "MaxEnergy": [390.0, 420.0, 450.0, 480.0, 510.0, 540.0, 570.0, 600.0, 630.0, 660.0, 690.0, 720.0, 750.0, 780.0, 810.0, 840.0, 870.0, 900.0, 930.0, 960.0], "AbilityResistanceRating": [25.0], "BasicResistanceRating": [21.1200008392334, 23.043750762939453, 24.967500686645508, 26.891250610351562, 28.815000534057617, 30.738750457763672, 32.662498474121094, 34.58625030517578, 36.5099983215332, 38.43375015258789, 40.35749816894531, 42.28125, 44.20500183105469, 46.12874984741211, 48.0525016784668, 49.97624969482422, 51.900001525878906, 53.82374954223633, 55.747501373291016, 57.67124938964844], "CriticallyWoundedThresholdPCT": [0.25], "Health": [554.4959716796875, 611.9039916992188, 669.31201171875, 726.719970703125, 784.1279907226562, 841.5360107421875, 898.9439697265625, 956.3519897460938, 1013.760009765625, 1071.16796875, 1128.5760498046875, 1185.9840087890625, 1243.3919677734375, 1300.800048828125, 1358.2080078125, 1415.615966796875, 1473.0240478515625, 1530.4320068359375, 1587.8399658203125, 1645.248046875], "HealthRegenRate": [0.9241600036621094, 1.0198400020599365, 1.1155200004577637, 1.2111999988555908, 1.306879997253418, 1.4025599956512451, 1.4982399940490723, 1.5939199924468994, 1.6895999908447266, 1.7852799892425537, 1.8809599876403809, 1.976639986038208, 2.072319984436035, 2.1679999828338623, 2.2636799812316895, 2.3593599796295166, 2.4550399780273438, 2.550719976425171, 2.646399974822998, 2.742079973220825], "MaxHealth": [554.4959716796875, 611.9039916992188, 669.31201171875, 726.719970703125, 784.1279907226562, 841.5360107421875, 898.9439697265625, 956.3519897460938, 1013.760009765625, 1071.16796875, 1128.5760498046875, 1185.9840087890625, 1243.3919677734375, 1300.800048828125, 1358.2080078125, 1415.615966796875, 1473.0240478515625, 1530.4320068359375, 1587.8399658203125, 1645.248046875], "MaxMoveSpeed": [680.0], "VisionRadius": [5000.0], "CXPBounty": [455.0], "CXPSpawnTime": [1.5], "GainXPFromKills": [1.0], "MaxCardLevel": [20.0], "MaxLevel": [20.0], "XPBounty": [55.0, 66.96094512939453, 78.8006591796875, 90.35697174072266, 101.83509063720703, 135.3509063720703, 148.71578979492188, 162.11434936523438, 175.35400390625, 182.0854949951172, 220.5879669189453, 228.08668518066406, 235.84031677246094, 243.85751342773438, 252.1472625732422, 297.96435546875, 308.0934143066406, 318.5668029785156, 329.396240234375, 340.59381103515625], "XPToLevel": [110.0, 133.92189025878906, 157.601318359375, 180.7139434814453, 203.67018127441406, 225.5848388671875, 247.8596649169922, 270.1905822753906, 292.2566833496094, 303.475830078125, 315.12567138671875, 325.8381042480469, 336.91473388671875, 348.3678894042969, 360.21038818359375, 372.4554443359375, 385.11676025390625, 398.2085266113281, 411.74530029296875, 425.74224853515625]}}