{"Abilities": {"Alternate": {"Cooldown": [6.0, 6.0, 6.0, 6.0], "Cost": [-110.0, -110.0, -110.0, -110.0], "ARC.PerTick": [0.25999999046325684, 0.25999999046325684, 0.25999999046325684, 0.25999999046325684], "Damage.PerTick": [16.0, 23.0, 31.0, 38.0], "Duration": [4.0, 4.0, 4.0, 4.0], "Range.Cast": [1300.0, 1300.0, 1300.0, 1300.0], "Range.Tether": [1700.0, 1700.0, 1700.0, 1700.0], "TickRate": [0.5, 0.5, 0.5, 0.5], "ARC": [2.0899999141693115, 2.0899999141693115, 2.0899999141693115, 2.0899999141693115], "BasePower": [129.0, 187.0, 246.0, 304.0], "Slow": [-150.0, -150.0, -150.0, -150.0]}, "Primary": {"Cooldown": [6.0, 6.0, 6.0, 6.0], "Cost": [-100.0, -110.0, -120.0, -130.0], "Range": [1500.0, 1500.0, 1500.0, 1500.0], "ARC": [3.549999952316284, 3.549999952316284, 3.549999952316284, 3.549999952316284], "BasePower": [140.0, 240.0, 339.0, 439.0], "DamageDuration": [2.0, 2.0, 2.0, 2.0]}, "Secondary": {"Cooldown": [12.0, 10.0, 8.0, 6.0], "Cost": [-60.0, -60.0, -60.0, -60.0], "ARC": [0.0, 0.0, 0.0, 0.0], "BasePower": [0.0, 0.0, 0.0, 0.0], "Distance": [850.0, 975.0, 1100.0, 1225.0]}, "Ultimate": {"Cooldown": [130.0, 115.0, 100.0], "Cost": [-140.0, -210.0, -280.0], "ARC": [4.179999828338623, 4.179999828338623, 4.179999828338623], "BasePower": [328.0, 445.0, 562.0], "Duration": [3.5, 3.5, 3.5], "PullStrength": [450.0, 450.0, 450.0], "Slow": [-210.0, -210.0, -210.0]}}, "Stats": {"AbilityPenetrationRating": [0.0], "AttackRating": [0.0], "AttackSpeedRating": [100.0], "BaseAttackTime": [0.949999988079071], "BasicPenetrationRating": [0.0], "CleaveRating": [0.0], "CriticalDamageBonus": [1.0], "LeftClickARC": [1.0], "LeftClickBasePower": [52.900001525878906, 55.0, 57.0, 59.0, 61.099998474121094, 63.099998474121094, 65.19999694824219, 67.19999694824219, 69.19999694824219, 71.30000305175781, 73.30000305175781, 75.4000015258789, 77.4000015258789, 79.4000015258789, 81.5, 83.5, 85.5999984741211, 87.5999984741211, 89.5999984741211, 91.69999694824219], "Energy": [390.0, 420.0, 450.0, 480.0, 510.0, 540.0, 570.0, 600.0, 630.0, 660.0, 690.0, 720.0, 750.0, 780.0, 810.0, 840.0, 870.0, 900.0, 930.0, 960.0], "EnergyRegenRate": [1.7000000476837158, 1.7999999523162842, 1.899999976158142, 2.0, 2.0999999046325684, 2.200000047683716, 2.299999952316284, 2.4000000953674316, 2.5, 2.5999999046325684, 2.700000047683716, 2.799999952316284, 2.9000000953674316, 3.0, 3.0999999046325684, 3.200000047683716, 3.299999952316284, 3.4000000953674316, 3.5, 3.5999999046325684], "MaxEnergy": [390.0, 420.0, 450.0, 480.0, 510.0, 540.0, 570.0, 600.0, 630.0, 660.0, 690.0, 720.0, 750.0, 780.0, 810.0, 840.0, 870.0, 900.0, 930.0, 960.0], "AbilityResistanceRating": [25.0], "BasicResistanceRating": [21.100000381469727, 23.399999618530273, 25.799999237060547, 28.100000381469727, 30.399999618530273, 32.79999923706055, 35.099998474121094, 37.400001525878906, 39.79999923706055, 42.099998474121094, 44.400001525878906, 46.70000076293945, 49.099998474121094, 51.400001525878906, 53.70000076293945, 56.099998474121094, 58.400001525878906, 60.70000076293945, 63.0, 65.4000015258789], "CriticallyWoundedThresholdPCT": [0.25], "Health": [566.0, 627.0, 688.0, 750.0, 811.0, 872.0, 933.0, 994.0, 1055.0, 1116.0, 1178.0, 1239.0, 1300.0, 1361.0, 1422.0, 1483.0, 1544.0, 1606.0, 1667.0, 1728.0], "HealthRegenRate": [0.9399999976158142, 1.0499999523162842, 1.149999976158142, 1.25, 1.350000023841858, 1.4500000476837158, 1.5499999523162842, 1.659999966621399, 1.7599999904632568, 1.8600000143051147, 1.9600000381469727, 2.059999942779541, 2.1700000762939453, 2.2699999809265137, 2.369999885559082, 2.4700000286102295, 2.569999933242798, 2.680000066757202, 2.7799999713897705, 2.880000114440918], "MaxHealth": [566.0, 627.0, 688.0, 750.0, 811.0, 872.0, 933.0, 994.0, 1055.0, 1116.0, 1178.0, 1239.0, 1300.0, 1361.0, 1422.0, 1483.0, 1544.0, 1606.0, 1667.0, 1728.0], "MaxMoveSpeed": [690.0], "VisionRadius": [5000.0], "CXPBounty": [550.0], "CXPSpawnTime": [1.5], "GainXPFromKills": [1.0], "MaxCardLevel": [20.0], "MaxLevel": [20.0], "XPBounty": [55.0, 66.96094512939453, 78.8006591796875, 90.35697174072266, 101.83509063720703, 135.3509063720703, 148.71578979492188, 162.11434936523438, 175.35400390625, 182.0854949951172, 220.5879669189453, 228.08668518066406, 235.84031677246094, 243.85751342773438, 252.1472625732422, 297.96435546875, 308.0934143066406, 318.5668029785156, 329.396240234375, 340.59381103515625], "XPToLevel": [110.0, 133.92189025878906, 157.601318359375, 180.7139434814453, 203.67018127441406, 225.5848388671875, 247.8596649169922, 270.1905822753906, 292.2566833496094, 303.475830078125, 315.12567138671875, 325.8381042480469, 336.91473388671875, 348.3678894042969, 360.21038818359375, 372.4554443359375, 385.11676025390625, 398.2085266113281, 411.74530029296875, 425.74224853515625]}}