{"Abilities": {}, "Stats": {"AttackRating": [336.3999938964844, 382.3999938964844, 428.3999938964844, 474.3999938964844, 520.4000244140625, 566.4000244140625, 612.4000244140625, 658.4000244140625, 704.4000244140625, 750.4000244140625, 796.4000244140625, 842.4000244140625, 888.4000244140625, 934.4000244140625, 980.4000244140625, 1026.4000244140625, 1072.4000244140625, 1118.4000244140625, 1164.4000244140625, 1210.4000244140625], "AttackSpeedRating": [100.0], "BaseAttackTime": [0.5], "CriticallyWoundedThresholdPCT": [0.0], "Health": [4000.0], "HealthRegenRate": [0.0], "MaxHealth": [4000.0], "AttackHeight": [2000.0], "AttackRadius": [2000.0], "TargetDelayTime": [0.0], "BoostedGatherRate": [1.5], "BuildingXPRewardScalar": [1.0], "DeployTime": [15.0], "DripResourceScalar": [0.0], "GatherAmount": [20.0], "GatherRate": [10.0], "GatherXPRewardScalar": [0.03999999910593033], "MaxCollectedResources": [1859.0], "OnHitResourceStealScalar": [0.05000000074505806], "PlayerCollectionAmount": [185.89999389648438], "PlayerCollectionRate": [0.5], "ResourceLeachScalar": [1.0], "ResourceLeachXPScalar": [0.0], "ResourceToSpawnACoin": [10.0], "StoreResourceScalar": [1.0], "VisionRadius": [0.0], "CXPBounty": [0.0], "CXPSpawnTime": [0.0], "GainXPFromKills": [0.0], "MaxLevel": [15.0], "XPBounty": [72.0], "XPToLevel": [1.0]}}