{"Abilities": {"Alternate": {"Cooldown": [6.0, 6.0, 6.0, 6.0], "Cost": [-75.0, -90.0, -105.0, -120.0], "Range": [1800.0, 1800.0, 1800.0, 1800.0], "Slow.Duration": [1.5, 1.5, 1.5, 1.5], "Slow.Magnitude": [-0.18000000715255737, -0.18000000715255737, -0.18000000715255737, -0.18000000715255737], "ARC": [1.0399999618530273, 1.0399999618530273, 1.0399999618530273, 1.0399999618530273], "BasePower": [55.0, 84.0, 113.0, 143.0]}, "Primary": {"Cooldown": [12.0, 12.0, 12.0, 12.0], "Cost": [-120.0, -120.0, -120.0, -120.0], "Duration": [3.0, 3.0, 3.0, 3.0], "Radius": [375.0, 425.0, 475.0, 525.0], "Range": [1300.0, 1300.0, 1300.0, 1300.0], "ARC": [0.0, 0.0, 0.0, 0.0], "BasePower": [0.0, 0.0, 0.0, 0.0]}, "Secondary": {"Cooldown": [12.0, 12.0, 12.0, 12.0], "Cost": [-55.0, -55.0, -55.0, -55.0], "BuffDuration": [10.0, 10.0, 10.0, 10.0], "Damage.Delay": [2.0, 2.0, 2.0, 2.0], "Shots.Count": [3.0, 4.0, 5.0, 6.0], "TOOLTIP.ARC": [1.8200000524520874, 1.9800000190734863, 2.140000104904175, 2.299999952316284], "TOOLTIP.Damage": [168.0, 236.0, 310.0, 390.0], "ARC": [1.5, 1.659999966621399, 1.8200000524520874, 1.9800000190734863], "BasePower": [50.0, 106.0, 168.0, 236.0]}, "Ultimate": {"Cooldown": [90.0, 60.0, 30.0], "Cost": [-100.0, -125.0, -150.0], "ArmorShred.Duration": [8.0, 8.0, 8.0], "ArmorShred.Magnitude": [-15.0, -30.0, -45.0], "ARC": [2.509999990463257, 2.509999990463257, 2.509999990463257], "BasePower": [140.0, 211.0, 281.0]}}, "Stats": {"AbilityPenetrationRating": [0.0], "AttackRating": [0.0], "AttackSpeedRating": [100.0, 102.69999694824219, 105.4000015258789, 108.0999984741211, 110.80000305175781, 113.5, 116.19999694824219, 118.9000015258789, 121.5999984741211, 124.30000305175781, 127.0, 129.6999969482422, 132.39999389648438, 135.10000610351562, 137.8000030517578, 140.5, 143.1999969482422, 145.89999389648438, 148.60000610351562, 151.3000030517578], "BaseAttackTime": [0.8500000238418579], "BasicPenetrationRating": [0.0], "CleaveRating": [0.0], "CriticalDamageBonus": [1.0], "LeftClickARC": [1.0], "LeftClickBasePower": [56.20000076293945, 60.29999923706055, 64.4000015258789, 68.5, 72.69999694824219, 76.80000305175781, 80.9000015258789, 85.0, 89.19999694824219, 93.30000305175781, 97.4000015258789, 101.5, 105.69999694824219, 109.80000305175781, 113.9000015258789, 118.0, 122.19999694824219, 126.30000305175781, 130.39999389648438, 134.5], "Energy": [356.0, 380.0, 404.0, 428.0, 452.0, 476.0, 500.0, 524.0, 548.0, 572.0, 596.0, 620.0, 644.0, 668.0, 692.0, 716.0, 740.0, 764.0, 788.0, 812.0], "EnergyRegenRate": [1.2899999618530273, 1.3700000047683716, 1.4500000476837158, 1.5299999713897705, 1.6100000143051147, 1.690000057220459, 1.7699999809265137, 1.850000023841858, 1.9299999475479126, 2.009999990463257, 2.0899999141693115, 2.1700000762939453, 2.25, 2.3299999237060547, 2.4100000858306885, 2.490000009536743, 2.569999933242798, 2.6500000953674316, 2.7300000190734863, 2.809999942779541], "MaxEnergy": [356.0, 380.0, 404.0, 428.0, 452.0, 476.0, 500.0, 524.0, 548.0, 572.0, 596.0, 620.0, 644.0, 668.0, 692.0, 716.0, 740.0, 764.0, 788.0, 812.0], "AbilityResistanceRating": [30.0], "BasicResistanceRating": [18.100000381469727, 20.399999618530273, 22.600000381469727, 24.799999237060547, 27.0, 29.200000762939453, 31.399999618530273, 33.599998474121094, 35.900001525878906, 38.099998474121094, 40.29999923706055, 42.5, 44.70000076293945, 46.900001525878906, 49.099998474121094, 51.400001525878906, 53.599998474121094, 55.79999923706055, 58.0, 60.20000076293945], "CriticallyWoundedThresholdPCT": [0.25], "Health": [639.0, 706.0, 773.0, 840.0, 907.0, 974.0, 1041.0, 1108.0, 1175.0, 1242.0, 1309.0, 1376.0, 1442.0, 1509.0, 1576.0, 1643.0, 1710.0, 1777.0, 1844.0, 1911.0], "HealthRegenRate": [1.0700000524520874, 1.1799999475479126, 1.2899999618530273, 1.399999976158142, 1.5099999904632568, 1.6200000047683716, 1.7300000190734863, 1.850000023841858, 1.9600000381469727, 2.069999933242798, 2.180000066757202, 2.2899999618530273, 2.4000000953674316, 2.5199999809265137, 2.630000114440918, 2.740000009536743, 2.8499999046325684, 2.9600000381469727, 3.069999933242798, 3.180000066757202], "MaxHealth": [639.0, 706.0, 773.0, 840.0, 907.0, 974.0, 1041.0, 1108.0, 1175.0, 1242.0, 1309.0, 1376.0, 1442.0, 1509.0, 1576.0, 1643.0, 1710.0, 1777.0, 1844.0, 1911.0], "MaxMoveSpeed": [700.0], "VisionRadius": [5000.0], "CXPBounty": [550.0], "CXPSpawnTime": [1.5], "GainXPFromKills": [1.0], "MaxCardLevel": [20.0], "MaxLevel": [20.0], "XPBounty": [55.0, 66.96094512939453, 78.8006591796875, 90.35697174072266, 101.83509063720703, 135.3509063720703, 148.71578979492188, 162.11434936523438, 175.35400390625, 182.0854949951172, 220.5879669189453, 228.08668518066406, 235.84031677246094, 243.85751342773438, 252.1472625732422, 297.96435546875, 308.0934143066406, 318.5668029785156, 329.396240234375, 340.59381103515625], "XPToLevel": [110.0, 133.92189025878906, 157.601318359375, 180.7139434814453, 203.67018127441406, 225.5848388671875, 247.8596649169922, 270.1905822753906, 292.2566833496094, 303.475830078125, 315.12567138671875, 325.8381042480469, 336.91473388671875, 348.3678894042969, 360.21038818359375, 372.4554443359375, 385.11676025390625, 398.2085266113281, 411.74530029296875, 425.74224853515625]}}