{"Abilities": {"Alternate": {"Cooldown": [6.0, 6.0, 6.0, 6.0], "Cost": [-75.0, -90.0, -105.0, -120.0], "Range": [1800.0, 1800.0, 1800.0, 1800.0], "Slow.Duration": [1.5, 1.5, 1.5, 1.5], "Slow.Magnitude": [-175.0, -175.0, -175.0, -175.0], "ARC": [1.0446428060531616, 1.0446428060531616, 1.0446428060531616, 1.0446428060531616], "BasePower": [46.79999923706055, 76.05000305175781, 105.30000305175781, 134.5500030517578]}, "Primary": {"Cooldown": [12.0, 12.0, 12.0, 12.0], "Cost": [-120.0, -120.0, -120.0, -120.0], "Duration": [3.0, 3.0, 3.0, 3.0], "Radius": [375.0, 425.0, 475.0, 525.0], "Range": [1300.0, 1300.0, 1300.0, 1300.0], "ARC": [0.0, 0.0, 0.0, 0.0], "BasePower": [0.0, 0.0, 0.0, 0.0]}, "Secondary": {"Cooldown": [12.0, 12.0, 12.0, 12.0], "Cost": [-55.0, -55.0, -55.0, -55.0], "BuffDuration": [10.0, 10.0, 10.0, 10.0], "Damage.Delay": [2.0, 2.0, 2.0, 2.0], "Shots.Count": [3.0, 4.0, 5.0, 6.0], "TOOLTIP.ARC": [1.8214285373687744, 1.9821428060531616, 2.142857074737549, 2.3035714626312256], "TOOLTIP.Damage": [168.0, 236.0, 310.0, 390.0], "ARC": [1.5, 1.6607142686843872, 1.8214285373687744, 1.9821428060531616], "BasePower": [50.0, 106.0, 168.0, 236.0]}, "Ultimate": {"Cooldown": [90.0, 60.0, 30.0], "Cost": [-100.0, -125.0, -150.0], "ArmorShred.Duration": [8.0, 8.0, 8.0], "ArmorShred.Magnitude": [-15.0, -30.0, -45.0], "ARC": [2.5071427822113037, 2.5071427822113037, 2.5071427822113037], "BasePower": [140.39999389648438, 210.60000610351562, 280.79998779296875]}}, "Stats": {"AbilityPenetrationRating": [0.0], "AttackRating": [0.0], "AttackSpeedRating": [100.0, 102.4000015258789, 104.80000305175781, 107.19999694824219, 109.5999984741211, 112.0, 114.4000015258789, 116.80000305175781, 119.19999694824219, 121.5999984741211, 124.0, 126.4000015258789, 128.8000030517578, 131.1999969482422, 133.60000610351562, 136.0, 138.39999389648438, 140.8000030517578, 143.1999969482422, 145.60000610351562], "BaseAttackTime": [0.8500000238418579], "BasicPenetrationRating": [0.0], "CleaveRating": [0.0], "CriticalDamageBonus": [1.0], "LeftClickARC": [1.0], "LeftClickBasePower": [54.0, 57.75, 61.5, 65.25, 69.0, 72.75, 76.5, 80.25, 84.0, 87.75, 91.5, 95.25, 99.0, 102.75, 106.5, 110.25, 114.0, 117.75, 121.5, 125.25], "Energy": [356.3999938964844, 380.3999938964844, 404.3999938964844, 428.3999938964844, 452.3999938964844, 476.3999938964844, 500.3999938964844, 524.4000244140625, 548.4000244140625, 572.4000244140625, 596.4000244140625, 620.4000244140625, 644.4000244140625, 668.4000244140625, 692.4000244140625, 716.4000244140625, 740.4000244140625, 764.4000244140625, 788.4000244140625, 812.4000244140625], "EnergyRegenRate": [1.2879999876022339, 1.3680000305175781, 1.4479999542236328, 1.527999997138977, 1.6080000400543213, 1.687999963760376, 1.7680000066757202, 1.8480000495910645, 1.9279999732971191, 2.007999897003174, 2.0880000591278076, 2.1679999828338623, 2.247999906539917, 2.328000068664551, 2.4079999923706055, 2.48799991607666, 2.568000078201294, 2.6480000019073486, 2.7279999256134033, 2.808000087738037], "MaxEnergy": [356.3999938964844, 380.3999938964844, 404.3999938964844, 428.3999938964844, 452.3999938964844, 476.3999938964844, 500.3999938964844, 524.4000244140625, 548.4000244140625, 572.4000244140625, 596.4000244140625, 620.4000244140625, 644.4000244140625, 668.4000244140625, 692.4000244140625, 716.4000244140625, 740.4000244140625, 764.4000244140625, 788.4000244140625, 812.4000244140625], "AbilityResistanceRating": [25.0], "BasicResistanceRating": [17.280000686645508, 19.493999481201172, 21.70800018310547, 23.922000885009766, 26.13599967956543, 28.350000381469727, 30.56399917602539, 32.77799987792969, 34.992000579833984, 37.20600128173828, 39.41999816894531, 41.63399887084961, 43.847999572753906, 46.0620002746582, 48.2760009765625, 50.4900016784668, 52.70399856567383, 54.917999267578125, 57.13199996948242, 59.34600067138672], "CriticallyWoundedThresholdPCT": [0.25], "Health": [592.0399780273438, 652.8800048828125, 713.719970703125, 774.5599975585938, 835.4000244140625, 896.239990234375, 957.0800170898438, 1017.9199829101562, 1078.760009765625, 1139.5999755859375, 1200.43994140625, 1261.280029296875, 1322.1199951171875, 1382.9599609375, 1443.800048828125, 1504.6400146484375, 1565.47998046875, 1626.3199462890625, 1687.1600341796875, 1748.0], "HealthRegenRate": [0.9867333173751831, 1.0881333351135254, 1.1895333528518677, 1.29093337059021, 1.3923333883285522, 1.493733286857605, 1.5951333045959473, 1.6965333223342896, 1.7979333400726318, 1.8993333578109741, 2.0007333755493164, 2.102133274078369, 2.203533411026001, 2.3049333095550537, 2.4063334465026855, 2.5077333450317383, 2.609133243560791, 2.710533380508423, 2.8119332790374756, 2.9133334159851074], "MaxHealth": [592.0399780273438, 652.8800048828125, 713.719970703125, 774.5599975585938, 835.4000244140625, 896.239990234375, 957.0800170898438, 1017.9199829101562, 1078.760009765625, 1139.5999755859375, 1200.43994140625, 1261.280029296875, 1322.1199951171875, 1382.9599609375, 1443.800048828125, 1504.6400146484375, 1565.47998046875, 1626.3199462890625, 1687.1600341796875, 1748.0], "MaxMoveSpeed": [700.0], "VisionRadius": [5000.0], "CXPBounty": [455.0], "CXPSpawnTime": [1.5], "GainXPFromKills": [1.0], "MaxCardLevel": [20.0], "MaxLevel": [20.0], "XPBounty": [55.0, 66.96094512939453, 78.8006591796875, 90.35697174072266, 101.83509063720703, 135.3509063720703, 148.71578979492188, 162.11434936523438, 175.35400390625, 182.0854949951172, 220.5879669189453, 228.08668518066406, 235.84031677246094, 243.85751342773438, 252.1472625732422, 297.96435546875, 308.0934143066406, 318.5668029785156, 329.396240234375, 340.59381103515625], "XPToLevel": [110.0, 133.92189025878906, 157.601318359375, 180.7139434814453, 203.67018127441406, 225.5848388671875, 247.8596649169922, 270.1905822753906, 292.2566833496094, 303.475830078125, 315.12567138671875, 325.8381042480469, 336.91473388671875, 348.3678894042969, 360.21038818359375, 372.4554443359375, 385.11676025390625, 398.2085266113281, 411.74530029296875, 425.74224853515625]}}