{"Abilities": {"Alternate": {"Cooldown": [6.0, 6.0, 6.0, 6.0], "Cost": [-75.0, -90.0, -105.0, -120.0], "Range": [1800.0, 1800.0, 1800.0, 1800.0], "Slow.Duration": [1.5, 1.5, 1.5, 1.5], "Slow.Magnitude": [-175.0, -175.0, -175.0, -175.0], "ARC": [1.0446428060531616, 1.0446428060531616, 1.0446428060531616, 1.0446428060531616], "BasePower": [54.9900016784668, 84.23999786376953, 113.48999786376953, 142.74000549316406]}, "Primary": {"Cooldown": [12.0, 12.0, 12.0, 12.0], "Cost": [-120.0, -120.0, -120.0, -120.0], "Duration": [3.0, 3.0, 3.0, 3.0], "Radius": [375.0, 425.0, 475.0, 525.0], "Range": [1300.0, 1300.0, 1300.0, 1300.0], "ARC": [0.0, 0.0, 0.0, 0.0], "BasePower": [0.0, 0.0, 0.0, 0.0]}, "Secondary": {"Cooldown": [12.0, 12.0, 12.0, 12.0], "Cost": [-55.0, -55.0, -55.0, -55.0], "BuffDuration": [10.0, 10.0, 10.0, 10.0], "Damage.Delay": [2.0, 2.0, 2.0, 2.0], "Shots.Count": [3.0, 4.0, 5.0, 6.0], "TOOLTIP.ARC": [1.8214285373687744, 1.9821428060531616, 2.142857074737549, 2.3035714626312256], "TOOLTIP.Damage": [168.0, 236.0, 310.0, 390.0], "ARC": [1.5, 1.6607142686843872, 1.8214285373687744, 1.9821428060531616], "BasePower": [50.0, 106.0, 168.0, 236.0]}, "Ultimate": {"Cooldown": [90.0, 60.0, 30.0], "Cost": [-100.0, -125.0, -150.0], "ArmorShred.Duration": [8.0, 8.0, 8.0], "ArmorShred.Magnitude": [-15.0, -30.0, -45.0], "ARC": [2.5071427822113037, 2.5071427822113037, 2.5071427822113037], "BasePower": [140.39999389648438, 210.60000610351562, 280.79998779296875]}}, "Stats": {"AbilityPenetrationRating": [0.0], "AttackRating": [0.0], "AttackSpeedRating": [100.0, 102.69999694824219, 105.4000015258789, 108.0999984741211, 110.80000305175781, 113.5, 116.19999694824219, 118.9000015258789, 121.5999984741211, 124.30000305175781, 127.0, 129.6999969482422, 132.39999389648438, 135.10000610351562, 137.8000030517578, 140.5, 143.1999969482422, 145.89999389648438, 148.60000610351562, 151.3000030517578], "BaseAttackTime": [0.8500000238418579], "BasicPenetrationRating": [0.0], "CleaveRating": [0.0], "CriticalDamageBonus": [1.0], "LeftClickARC": [1.0], "LeftClickBasePower": [56.15999984741211, 60.28499984741211, 64.41000366210938, 68.53500366210938, 72.66000366210938, 76.78500366210938, 80.91000366210938, 85.03500366210938, 89.16000366210938, 93.28500366210938, 97.41000366210938, 101.53500366210938, 105.66000366210938, 109.78500366210938, 113.91000366210938, 118.03500366210938, 122.16000366210938, 126.28500366210938, 130.41000366210938, 134.53500366210938], "Energy": [356.3999938964844, 380.3999938964844, 404.3999938964844, 428.3999938964844, 452.3999938964844, 476.3999938964844, 500.3999938964844, 524.4000244140625, 548.4000244140625, 572.4000244140625, 596.4000244140625, 620.4000244140625, 644.4000244140625, 668.4000244140625, 692.4000244140625, 716.4000244140625, 740.4000244140625, 764.4000244140625, 788.4000244140625, 812.4000244140625], "EnergyRegenRate": [1.2879999876022339, 1.3680000305175781, 1.4479999542236328, 1.527999997138977, 1.6080000400543213, 1.687999963760376, 1.7680000066757202, 1.8480000495910645, 1.9279999732971191, 2.007999897003174, 2.0880000591278076, 2.1679999828338623, 2.247999906539917, 2.328000068664551, 2.4079999923706055, 2.48799991607666, 2.568000078201294, 2.6480000019073486, 2.7279999256134033, 2.808000087738037], "MaxEnergy": [356.3999938964844, 380.3999938964844, 404.3999938964844, 428.3999938964844, 452.3999938964844, 476.3999938964844, 500.3999938964844, 524.4000244140625, 548.4000244140625, 572.4000244140625, 596.4000244140625, 620.4000244140625, 644.4000244140625, 668.4000244140625, 692.4000244140625, 716.4000244140625, 740.4000244140625, 764.4000244140625, 788.4000244140625, 812.4000244140625], "AbilityResistanceRating": [25.0], "BasicResistanceRating": [18.143999099731445, 20.357999801635742, 22.57200050354004, 24.785999298095703, 27.0, 29.214000701904297, 31.42799949645996, 33.641998291015625, 35.85599899291992, 38.06999969482422, 40.284000396728516, 42.49800109863281, 44.71200180053711, 46.92599868774414, 49.13999938964844, 51.354000091552734, 53.56800079345703, 55.78200149536133, 57.99599838256836, 60.209999084472656], "CriticallyWoundedThresholdPCT": [0.25], "Health": [639.4031982421875, 706.3272094726562, 773.251220703125, 840.1751708984375, 907.0991821289062, 974.023193359375, 1040.9471435546875, 1107.8712158203125, 1174.795166015625, 1241.71923828125, 1308.6431884765625, 1375.5672607421875, 1442.4912109375, 1509.4151611328125, 1576.3392333984375, 1643.26318359375, 1710.187255859375, 1777.1112060546875, 1844.03515625, 1910.959228515625], "HealthRegenRate": [1.0656720399856567, 1.1772119998931885, 1.2887519598007202, 1.4002920389175415, 1.5118319988250732, 1.623371958732605, 1.7349120378494263, 1.846451997756958, 1.9579919576644897, 2.0695319175720215, 2.1810719966888428, 2.292612075805664, 2.4041519165039062, 2.5156919956207275, 2.627232074737549, 2.738771915435791, 2.8503119945526123, 2.9618520736694336, 3.073391914367676, 3.184931993484497], "MaxHealth": [639.4031982421875, 706.3272094726562, 773.251220703125, 840.1751708984375, 907.0991821289062, 974.023193359375, 1040.9471435546875, 1107.8712158203125, 1174.795166015625, 1241.71923828125, 1308.6431884765625, 1375.5672607421875, 1442.4912109375, 1509.4151611328125, 1576.3392333984375, 1643.26318359375, 1710.187255859375, 1777.1112060546875, 1844.03515625, 1910.959228515625], "MaxMoveSpeed": [700.0], "VisionRadius": [5000.0], "CXPBounty": [455.0], "CXPSpawnTime": [1.5], "GainXPFromKills": [1.0], "MaxCardLevel": [20.0], "MaxLevel": [20.0], "XPBounty": [55.0, 66.96094512939453, 78.8006591796875, 90.35697174072266, 101.83509063720703, 135.3509063720703, 148.71578979492188, 162.11434936523438, 175.35400390625, 182.0854949951172, 220.5879669189453, 228.08668518066406, 235.84031677246094, 243.85751342773438, 252.1472625732422, 297.96435546875, 308.0934143066406, 318.5668029785156, 329.396240234375, 340.59381103515625], "XPToLevel": [110.0, 133.92189025878906, 157.601318359375, 180.7139434814453, 203.67018127441406, 225.5848388671875, 247.8596649169922, 270.1905822753906, 292.2566833496094, 303.475830078125, 315.12567138671875, 325.8381042480469, 336.91473388671875, 348.3678894042969, 360.21038818359375, 372.4554443359375, 385.11676025390625, 398.2085266113281, 411.74530029296875, 425.74224853515625]}}