{"Abilities": {"Alternate": {"Cooldown": [6.0, 6.0, 6.0, 6.0], "Cost": [-80.0, -90.0, -100.0, -110.0], "ARC": [1.8803571462631226, 1.8803571462631226, 1.8803571462631226, 1.8803571462631226], "BasePower": [87.75, 140.39999389648438, 193.0500030517578, 245.6999969482422], "MaxChargeDuration": [1.2000000476837158, 1.2000000476837158, 1.2000000476837158, 1.2000000476837158], "Range": [2500.0, 2500.0, 2500.0, 2500.0], "StacksDuration": [3.0, 3.0, 3.0, 3.0], "StacksMax": [5.0, 5.0, 5.0, 5.0]}, "Primary": {"Cooldown": [12.0, 12.0, 12.0, 12.0], "Cost": [-75.0, -75.0, -75.0, -75.0], "ARC": [2.0892856121063232, 2.0892856121063232, 2.0892856121063232, 2.0892856121063232], "BasePower": [117.0, 175.5, 234.0, 292.5], "DamageDuration": [4.0, 4.0, 4.0, 4.0]}, "Secondary": {"Cooldown": [1.0, 1.0, 1.0, 1.0], "Cost": [0.0, 0.0, 0.0, 0.0], "ARC": [0.0, 0.0, 0.0, 0.0], "BasePower": [0.0, 0.0, 0.0, 0.0], "PercentBonusDamage": [0.019999999552965164, 0.03999999910593033, 0.05999999865889549, 0.07999999821186066]}, "Ultimate": {"Cooldown": [100.0, 85.0, 70.0], "Cost": [-100.0, -100.0, -100.0], "ARC": [0.0, 0.0, 0.0], "BasePower": [0.0, 0.0, 0.0], "DamageSplit": [0.5, 0.5, 0.5], "Duration": [3.0, 5.0, 7.0]}}, "Stats": {"AbilityPenetrationRating": [0.0], "AttackRating": [0.0], "AttackSpeedRating": [100.0, 103.0, 106.0, 109.0, 112.0, 115.0, 118.0, 121.0, 124.0, 127.0, 130.0, 133.0, 136.0, 139.0, 142.0, 145.0, 148.0, 151.0, 154.0, 157.0], "BaseAttackTime": [0.800000011920929], "BasicPenetrationRating": [0.0], "CleaveRating": [0.0], "CriticalDamageBonus": [1.0], "LeftClickARC": [1.0], "LeftClickBasePower": [50.220001220703125, 53.220001220703125, 56.220001220703125, 59.220001220703125, 62.220001220703125, 65.22000122070312, 68.22000122070312, 71.22000122070312, 74.22000122070312, 77.22000122070312, 80.22000122070312, 83.22000122070312, 86.22000122070312, 89.22000122070312, 92.22000122070312, 95.22000122070312, 98.22000122070312, 101.22000122070312, 104.22000122070312, 107.22000122070312], "Energy": [264.0, 276.0, 288.0, 300.0, 312.0, 324.0, 336.0, 348.0, 360.0, 372.0, 384.0, 396.0, 408.0, 420.0, 432.0, 444.0, 456.0, 468.0, 480.0, 492.0], "EnergyRegenRate": [1.2799999713897705, 1.3200000524520874, 1.3600000143051147, 1.399999976158142, 1.440000057220459, 1.4800000190734863, 1.5199999809265137, 1.559999942779541, 1.600000023841858, 1.6399999856948853, 1.6799999475479126, 1.7200000286102295, 1.7599999904632568, 1.7999999523162842, 1.840000033378601, 1.8799999952316284, 1.9199999570846558, 1.9600000381469727, 2.0, 2.0399999618530273], "MaxEnergy": [264.0, 276.0, 288.0, 300.0, 312.0, 324.0, 336.0, 348.0, 360.0, 372.0, 384.0, 396.0, 408.0, 420.0, 432.0, 444.0, 456.0, 468.0, 480.0, 492.0], "AbilityResistanceRating": [25.0], "BasicResistanceRating": [17.280000686645508, 19.493999481201172, 21.70800018310547, 23.922000885009766, 26.13599967956543, 28.350000381469727, 30.56399917602539, 32.77799987792969, 34.992000579833984, 37.20600128173828, 39.41999816894531, 41.63399887084961, 43.847999572753906, 46.0620002746582, 48.2760009765625, 50.4900016784668, 52.70399856567383, 54.917999267578125, 57.13199996948242, 59.34600067138672], "CriticallyWoundedThresholdPCT": [0.25], "Health": [592.0399780273438, 652.8800048828125, 713.719970703125, 774.5599975585938, 835.4000244140625, 896.239990234375, 957.0800170898438, 1017.9199829101562, 1078.760009765625, 1139.5999755859375, 1200.43994140625, 1261.280029296875, 1322.1199951171875, 1382.9599609375, 1443.800048828125, 1504.6400146484375, 1565.47998046875, 1626.3199462890625, 1687.1600341796875, 1748.0], "HealthRegenRate": [0.9867333173751831, 1.0881333351135254, 1.1895333528518677, 1.29093337059021, 1.3923333883285522, 1.493733286857605, 1.5951333045959473, 1.6965333223342896, 1.7979333400726318, 1.8993333578109741, 2.0007333755493164, 2.102133274078369, 2.203533411026001, 2.3049333095550537, 2.4063334465026855, 2.5077333450317383, 2.609133243560791, 2.710533380508423, 2.8119332790374756, 2.9133334159851074], "MaxHealth": [592.0399780273438, 652.8800048828125, 713.719970703125, 774.5599975585938, 835.4000244140625, 896.239990234375, 957.0800170898438, 1017.9199829101562, 1078.760009765625, 1139.5999755859375, 1200.43994140625, 1261.280029296875, 1322.1199951171875, 1382.9599609375, 1443.800048828125, 1504.6400146484375, 1565.47998046875, 1626.3199462890625, 1687.1600341796875, 1748.0], "MaxMoveSpeed": [720.0], "VisionRadius": [5000.0], "CXPBounty": [455.0], "CXPSpawnTime": [1.5], "GainXPFromKills": [1.0], "MaxCardLevel": [20.0], "MaxLevel": [20.0], "XPBounty": [55.0, 66.96094512939453, 78.8006591796875, 90.35697174072266, 101.83509063720703, 135.3509063720703, 148.71578979492188, 162.11434936523438, 175.35400390625, 182.0854949951172, 220.5879669189453, 228.08668518066406, 235.84031677246094, 243.85751342773438, 252.1472625732422, 297.96435546875, 308.0934143066406, 318.5668029785156, 329.396240234375, 340.59381103515625], "XPToLevel": [110.0, 133.92189025878906, 157.601318359375, 180.7139434814453, 203.67018127441406, 225.5848388671875, 247.8596649169922, 270.1905822753906, 292.2566833496094, 303.475830078125, 315.12567138671875, 325.8381042480469, 336.91473388671875, 348.3678894042969, 360.21038818359375, 372.4554443359375, 385.11676025390625, 398.2085266113281, 411.74530029296875, 425.74224853515625]}}