{"Abilities": {"Alternate": {"Cooldown": [6.0, 6.0, 6.0, 6.0], "Cost": [-55.0, -65.0, -75.0, -85.0], "ARC": [1.8799999952316284, 1.8799999952316284, 1.8799999952316284, 1.8799999952316284], "BasePower": [88.0, 140.0, 193.0, 246.0], "MaxChargeDuration": [1.2000000476837158, 1.2000000476837158, 1.2000000476837158, 1.2000000476837158], "Range": [2500.0, 2500.0, 2500.0, 2500.0], "StacksDuration": [3.0, 3.0, 3.0, 3.0], "StacksMax": [10.0, 10.0, 10.0, 10.0]}, "Primary": {"Cooldown": [8.0, 8.0, 8.0, 8.0], "Cost": [-50.0, -50.0, -50.0, -50.0], "ARC": [2.0899999141693115, 2.0899999141693115, 2.0899999141693115, 2.0899999141693115], "BasePower": [117.0, 176.0, 234.0, 293.0], "DamageDuration": [4.0, 4.0, 4.0, 4.0]}, "Secondary": {"Cooldown": [1.0, 1.0, 1.0, 1.0], "Cost": [0.0, 0.0, 0.0, 0.0], "ARC": [0.0, 0.0, 0.0, 0.0], "BasePower": [0.0, 0.0, 0.0, 0.0], "PercentBonusDamage": [0.017500000074505806, 0.03500000014901161, 0.05249999836087227, 0.07000000029802322]}, "Ultimate": {"Cooldown": [100.0, 85.0, 70.0], "Cost": [-100.0, -100.0, -100.0], "ARC": [0.0, 0.0, 0.0], "BasePower": [0.0, 0.0, 0.0], "DamageSplit": [0.5, 0.5799999833106995, 0.6600000262260437], "Duration": [4.0, 6.0, 8.0]}}, "Stats": {"AbilityPenetrationRating": [0.0], "AttackRating": [0.0], "AttackSpeedRating": [100.0, 103.0, 106.0, 109.0, 112.0, 115.0, 118.0, 121.0, 124.0, 127.0, 130.0, 133.0, 136.0, 139.0, 142.0, 145.0, 148.0, 151.0, 154.0, 157.0], "BaseAttackTime": [0.800000011920929], "BasicPenetrationRating": [0.0], "CleaveRating": [0.0], "CriticalDamageBonus": [1.0], "LeftClickARC": [1.0], "LeftClickBasePower": [50.20000076293945, 53.599998474121094, 57.0, 60.29999923706055, 63.70000076293945, 67.0999984741211, 70.5, 73.80000305175781, 77.19999694824219, 80.5999984741211, 84.0, 87.30000305175781, 90.69999694824219, 94.0999984741211, 97.5, 100.80000305175781, 104.19999694824219, 107.5999984741211, 111.0, 114.30000305175781], "Energy": [264.0, 276.0, 288.0, 300.0, 312.0, 324.0, 336.0, 348.0, 360.0, 372.0, 384.0, 396.0, 408.0, 420.0, 432.0, 444.0, 456.0, 468.0, 480.0, 492.0], "EnergyRegenRate": [1.2799999713897705, 1.3200000524520874, 1.3600000143051147, 1.399999976158142, 1.440000057220459, 1.4800000190734863, 1.5199999809265137, 1.559999942779541, 1.600000023841858, 1.6399999856948853, 1.6799999475479126, 1.7200000286102295, 1.7599999904632568, 1.7999999523162842, 1.840000033378601, 1.8799999952316284, 1.9199999570846558, 1.9600000381469727, 2.0, 2.0399999618530273], "MaxEnergy": [264.0, 276.0, 288.0, 300.0, 312.0, 324.0, 336.0, 348.0, 360.0, 372.0, 384.0, 396.0, 408.0, 420.0, 432.0, 444.0, 456.0, 468.0, 480.0, 492.0], "AbilityResistanceRating": [30.0], "BasicResistanceRating": [14.699999809265137, 17.200000762939453, 19.799999237060547, 22.299999237060547, 24.899999618530273, 27.399999618530273, 29.899999618530273, 32.5, 35.0, 37.599998474121094, 40.099998474121094, 42.599998474121094, 45.20000076293945, 47.70000076293945, 50.29999923706055, 52.79999923706055, 55.400001525878906, 57.900001525878906, 60.400001525878906, 63.0], "CriticallyWoundedThresholdPCT": [0.25], "Health": [592.0, 653.0, 714.0, 775.0, 835.0, 896.0, 957.0, 1018.0, 1079.0, 1140.0, 1200.0, 1261.0, 1322.0, 1383.0, 1444.0, 1505.0, 1565.0, 1626.0, 1687.0, 1748.0], "HealthRegenRate": [0.9900000095367432, 1.090000033378601, 1.190000057220459, 1.2899999618530273, 1.3899999856948853, 1.4900000095367432, 1.600000023841858, 1.7000000476837158, 1.7999999523162842, 1.899999976158142, 2.0, 2.0999999046325684, 2.200000047683716, 2.299999952316284, 2.4100000858306885, 2.509999990463257, 2.609999895095825, 2.7100000381469727, 2.809999942779541, 2.9100000858306885], "MaxHealth": [592.0, 653.0, 714.0, 775.0, 835.0, 896.0, 957.0, 1018.0, 1079.0, 1140.0, 1200.0, 1261.0, 1322.0, 1383.0, 1444.0, 1505.0, 1565.0, 1626.0, 1687.0, 1748.0], "MaxMoveSpeed": [680.0], "VisionRadius": [5000.0], "CXPBounty": [550.0], "CXPSpawnTime": [1.5], "GainXPFromKills": [1.0], "MaxCardLevel": [20.0], "MaxLevel": [20.0], "XPBounty": [38.5, 51.10177230834961, 65.11422729492188, 80.37014770507812, 97.01132202148438, 114.57335662841797, 133.71376037597656, 154.2930450439453, 176.12310791015625, 192.4675750732422, 209.80735778808594, 227.22921752929688, 245.59310913085938, 264.94293212890625, 285.32452392578125, 306.7856750488281, 329.3761901855469, 353.1480712890625, 378.1555480957031, 404.45513916015625], "XPToLevel": [110.0, 133.92189025878906, 157.601318359375, 180.7139434814453, 203.67018127441406, 225.5848388671875, 247.8596649169922, 270.1905822753906, 292.2566833496094, 303.475830078125, 315.12567138671875, 325.8381042480469, 336.91473388671875, 348.3678894042969, 360.21038818359375, 372.4554443359375, 385.11676025390625, 398.2085266113281, 411.74530029296875, 425.74224853515625]}}