{"Abilities": {"Alternate": {"Cooldown": [6.0, 6.0, 6.0, 6.0], "Cost": [-80.0, -90.0, -100.0, -110.0], "ARC": [1.8799999952316284, 1.8799999952316284, 1.8799999952316284, 1.8799999952316284], "BasePower": [88.0, 140.0, 193.0, 246.0], "MaxChargeDuration": [1.2000000476837158, 1.2000000476837158, 1.2000000476837158, 1.2000000476837158], "Range": [2500.0, 2500.0, 2500.0, 2500.0], "StacksDuration": [3.0, 3.0, 3.0, 3.0], "StacksMax": [5.0, 5.0, 5.0, 5.0]}, "Primary": {"Cooldown": [12.0, 12.0, 12.0, 12.0], "Cost": [-75.0, -75.0, -75.0, -75.0], "ARC": [2.0899999141693115, 2.0899999141693115, 2.0899999141693115, 2.0899999141693115], "BasePower": [117.0, 176.0, 234.0, 293.0], "DamageDuration": [4.0, 4.0, 4.0, 4.0]}, "Secondary": {"Cooldown": [1.0, 1.0, 1.0, 1.0], "Cost": [0.0, 0.0, 0.0, 0.0], "ARC": [0.0, 0.0, 0.0, 0.0], "BasePower": [0.0, 0.0, 0.0, 0.0], "PercentBonusDamage": [0.019999999552965164, 0.03999999910593033, 0.05999999865889549, 0.07999999821186066]}, "Ultimate": {"Cooldown": [100.0, 85.0, 70.0], "Cost": [-100.0, -100.0, -100.0], "ARC": [0.0, 0.0, 0.0], "BasePower": [0.0, 0.0, 0.0], "DamageSplit": [0.5, 0.5, 0.5], "Duration": [3.0, 5.0, 7.0]}}, "Stats": {"AbilityPenetrationRating": [0.0], "AttackRating": [0.0], "AttackSpeedRating": [100.0, 103.0, 106.0, 109.0, 112.0, 115.0, 118.0, 121.0, 124.0, 127.0, 130.0, 133.0, 136.0, 139.0, 142.0, 145.0, 148.0, 151.0, 154.0, 157.0], "BaseAttackTime": [0.800000011920929], "BasicPenetrationRating": [0.0], "CleaveRating": [0.0], "CriticalDamageBonus": [1.0], "LeftClickARC": [1.0], "LeftClickBasePower": [50.20000076293945, 53.20000076293945, 56.20000076293945, 59.20000076293945, 62.20000076293945, 65.19999694824219, 68.19999694824219, 71.19999694824219, 74.19999694824219, 77.19999694824219, 80.19999694824219, 83.19999694824219, 86.19999694824219, 89.19999694824219, 92.19999694824219, 95.19999694824219, 98.19999694824219, 101.19999694824219, 104.19999694824219, 107.19999694824219], "Energy": [264.0, 276.0, 288.0, 300.0, 312.0, 324.0, 336.0, 348.0, 360.0, 372.0, 384.0, 396.0, 408.0, 420.0, 432.0, 444.0, 456.0, 468.0, 480.0, 492.0], "EnergyRegenRate": [1.2799999713897705, 1.3200000524520874, 1.3600000143051147, 1.399999976158142, 1.440000057220459, 1.4800000190734863, 1.5199999809265137, 1.559999942779541, 1.600000023841858, 1.6399999856948853, 1.6799999475479126, 1.7200000286102295, 1.7599999904632568, 1.7999999523162842, 1.840000033378601, 1.8799999952316284, 1.9199999570846558, 1.9600000381469727, 2.0, 2.0399999618530273], "MaxEnergy": [264.0, 276.0, 288.0, 300.0, 312.0, 324.0, 336.0, 348.0, 360.0, 372.0, 384.0, 396.0, 408.0, 420.0, 432.0, 444.0, 456.0, 468.0, 480.0, 492.0], "AbilityResistanceRating": [25.0], "BasicResistanceRating": [17.299999237060547, 19.5, 21.700000762939453, 23.899999618530273, 26.100000381469727, 28.399999618530273, 30.600000381469727, 32.79999923706055, 35.0, 37.20000076293945, 39.400001525878906, 41.599998474121094, 43.79999923706055, 46.099998474121094, 48.29999923706055, 50.5, 52.70000076293945, 54.900001525878906, 57.099998474121094, 59.29999923706055], "CriticallyWoundedThresholdPCT": [0.25], "Health": [592.0, 653.0, 714.0, 775.0, 835.0, 896.0, 957.0, 1018.0, 1079.0, 1140.0, 1200.0, 1261.0, 1322.0, 1383.0, 1444.0, 1505.0, 1565.0, 1626.0, 1687.0, 1748.0], "HealthRegenRate": [0.9900000095367432, 1.090000033378601, 1.190000057220459, 1.2899999618530273, 1.3899999856948853, 1.4900000095367432, 1.600000023841858, 1.7000000476837158, 1.7999999523162842, 1.899999976158142, 2.0, 2.0999999046325684, 2.200000047683716, 2.299999952316284, 2.4100000858306885, 2.509999990463257, 2.609999895095825, 2.7100000381469727, 2.809999942779541, 2.9100000858306885], "MaxHealth": [592.0, 653.0, 714.0, 775.0, 835.0, 896.0, 957.0, 1018.0, 1079.0, 1140.0, 1200.0, 1261.0, 1322.0, 1383.0, 1444.0, 1505.0, 1565.0, 1626.0, 1687.0, 1748.0], "MaxMoveSpeed": [720.0], "VisionRadius": [5000.0], "CXPBounty": [550.0], "CXPSpawnTime": [1.5], "GainXPFromKills": [1.0], "MaxCardLevel": [20.0], "MaxLevel": [20.0], "XPBounty": [55.0, 66.96094512939453, 78.8006591796875, 90.35697174072266, 101.83509063720703, 135.3509063720703, 148.71578979492188, 162.11434936523438, 175.35400390625, 182.0854949951172, 220.5879669189453, 228.08668518066406, 235.84031677246094, 243.85751342773438, 252.1472625732422, 297.96435546875, 308.0934143066406, 318.5668029785156, 329.396240234375, 340.59381103515625], "XPToLevel": [110.0, 133.92189025878906, 157.601318359375, 180.7139434814453, 203.67018127441406, 225.5848388671875, 247.8596649169922, 270.1905822753906, 292.2566833496094, 303.475830078125, 315.12567138671875, 325.8381042480469, 336.91473388671875, 348.3678894042969, 360.21038818359375, 372.4554443359375, 385.11676025390625, 398.2085266113281, 411.74530029296875, 425.74224853515625]}}