{"Abilities": {"Alternate": {"Cooldown": [18.0, 18.0, 18.0, 18.0], "Cost": [-100.0, -100.0, -100.0, -100.0], "SelfSlow.Magnitude": [-250.0, -250.0, -250.0, -250.0], "Slow.Duration": [1.0, 1.0, 1.0, 1.0], "ARC": [0.0, 0.0, 0.0, 0.0], "BasePower": [0.0, 0.0, 0.0, 0.0], "DamageReductionMultiplier": [0.6000000238418579, 0.699999988079071, 0.800000011920929, 0.8999999761581421], "Shield": [2.0, 2.6666600704193115, 3.333319902420044, 3.9999799728393555]}, "Primary": {"Cooldown": [10.0, 10.0, 10.0, 10.0], "Cost": [-90.0, -90.0, -90.0, -90.0], "ARC": [1.462499976158142, 1.462499976158142, 1.462499976158142, 1.462499976158142], "BasePower": [87.75, 128.6999969482422, 169.64999389648438, 210.60000610351562], "ChargeDuration": [0.6499999761581421, 0.6499999761581421, 0.6499999761581421, 0.6499999761581421], "ChargeStrength": [1600.0, 1600.0, 1600.0, 1600.0]}, "Secondary": {"Cooldown": [24.0, 20.0, 16.0, 12.0], "Cost": [0.0, 0.0, 0.0, 0.0], "AbilityResistanceRating": [20.0, 40.0, 60.0, 80.0], "RefreshDuration": [6.0, 5.0, 4.0, 3.0], "ARC": [0.0, 0.0, 0.0, 0.0], "BasePower": [0.0, 0.0, 0.0, 0.0], "Range": [750.0, 750.0, 750.0, 750.0], "Shield.Duration": [4.0, 5.0, 6.0, 7.0], "ShieldWall.Duration": [4.0, 4.0, 4.0, 4.0], "Slow": [-180.0, -180.0, -180.0, -180.0]}, "Ultimate": {"Cooldown": [90.0, 75.0, 60.0], "Cost": [-75.0, -110.0, -145.0], "ARC": [2.5071427822113037, 2.5071427822113037, 2.5071427822113037], "BasePower": [210.60000610351562, 280.79998779296875, 351.0], "Radius": [500.0, 500.0, 500.0], "Range": [900.0, 900.0, 900.0]}}, "Stats": {"AbilityPenetrationRating": [0.0], "AttackRating": [0.0], "AttackSpeedRating": [100.0, 100.75, 101.5, 102.25, 103.0, 103.75, 104.5, 105.25, 106.0, 106.75, 107.5, 108.25, 109.0, 109.75, 110.5, 111.25, 112.0, 112.75, 113.5, 114.25], "BaseAttackTime": [0.8999999761581421], "BasicPenetrationRating": [0.0], "CleaveRating": [0.20000000298023224], "CriticalDamageBonus": [1.0], "LeftClickARC": [1.0], "LeftClickBasePower": [67.5, 70.3499984741211, 73.19999694824219, 76.05000305175781, 78.9000015258789, 81.75, 84.5999984741211, 87.44999694824219, 90.30000305175781, 93.1500015258789, 96.0, 98.8499984741211, 101.69999694824219, 104.55000305175781, 107.4000015258789, 110.25, 113.0999984741211, 115.94999694824219, 118.80000305175781, 121.6500015258789], "Energy": [276.0, 291.0, 306.0, 321.0, 336.0, 351.0, 366.0, 381.0, 396.0, 411.0, 426.0, 441.0, 456.0, 471.0, 486.0, 501.0, 516.0, 531.0, 546.0, 561.0], "EnergyRegenRate": [1.3200000524520874, 1.3700000047683716, 1.4199999570846558, 1.4700000286102295, 1.5199999809265137, 1.5700000524520874, 1.6200000047683716, 1.6699999570846558, 1.7200000286102295, 1.7699999809265137, 1.8200000524520874, 1.8700000047683716, 1.9199999570846558, 1.9700000286102295, 2.0199999809265137, 2.069999933242798, 2.119999885559082, 2.1700000762939453, 2.2200000286102295, 2.2699999809265137], "MaxEnergy": [276.0, 291.0, 306.0, 321.0, 336.0, 351.0, 366.0, 381.0, 396.0, 411.0, 426.0, 441.0, 456.0, 471.0, 486.0, 501.0, 516.0, 531.0, 546.0, 561.0], "AbilityResistanceRating": [10.0], "BasicResistanceRating": [27.84000015258789, 29.79075050354004, 31.741500854492188, 33.6922492980957, 35.643001556396484, 37.59375, 39.544498443603516, 41.4952507019043, 43.44599914550781, 45.396751403808594, 47.34749984741211, 49.298248291015625, 51.249000549316406, 53.19974899291992, 55.1505012512207, 57.10124969482422, 59.051998138427734, 61.002750396728516, 62.95349884033203, 64.90425109863281], "CriticallyWoundedThresholdPCT": [0.25], "Health": [740.77197265625, 823.9979858398438, 907.2239990234375, 990.4500122070312, 1073.676025390625, 1156.9019775390625, 1240.1280517578125, 1323.35400390625, 1406.5799560546875, 1489.8060302734375, 1573.031982421875, 1656.258056640625, 1739.4840087890625, 1822.7099609375, 1905.93603515625, 1989.1619873046875, 2072.387939453125, 2155.614013671875, 2238.840087890625, 2322.06591796875], "HealthRegenRate": [1.2346199750900269, 1.373329997062683, 1.5120400190353394, 1.6507500410079956, 1.7894599437713623, 1.9281699657440186, 2.066879987716675, 2.205590009689331, 2.3443000316619873, 2.4830100536346436, 2.6217200756073, 2.760430097579956, 2.899139881134033, 3.0378499031066895, 3.1765599250793457, 3.315269947052002, 3.453979969024658, 3.5926899909973145, 3.7314000129699707, 3.870110034942627], "MaxHealth": [740.77197265625, 823.9979858398438, 907.2239990234375, 990.4500122070312, 1073.676025390625, 1156.9019775390625, 1240.1280517578125, 1323.35400390625, 1406.5799560546875, 1489.8060302734375, 1573.031982421875, 1656.258056640625, 1739.4840087890625, 1822.7099609375, 1905.93603515625, 1989.1619873046875, 2072.387939453125, 2155.614013671875, 2238.840087890625, 2322.06591796875], "MaxMoveSpeed": [710.0], "VisionRadius": [5000.0], "CXPBounty": [455.0], "CXPSpawnTime": [1.5], "GainXPFromKills": [1.0], "MaxCardLevel": [20.0], "MaxLevel": [20.0], "XPBounty": [55.0, 66.96094512939453, 78.8006591796875, 90.35697174072266, 101.83509063720703, 135.3509063720703, 148.71578979492188, 162.11434936523438, 175.35400390625, 182.0854949951172, 220.5879669189453, 228.08668518066406, 235.84031677246094, 243.85751342773438, 252.1472625732422, 297.96435546875, 308.0934143066406, 318.5668029785156, 329.396240234375, 340.59381103515625], "XPToLevel": [110.0, 133.92189025878906, 157.601318359375, 180.7139434814453, 203.67018127441406, 225.5848388671875, 247.8596649169922, 270.1905822753906, 292.2566833496094, 303.475830078125, 315.12567138671875, 325.8381042480469, 336.91473388671875, 348.3678894042969, 360.21038818359375, 372.4554443359375, 385.11676025390625, 398.2085266113281, 411.74530029296875, 425.74224853515625]}}