{"Abilities": {"Alternate": {"Cooldown": [14.0, 14.0, 14.0, 14.0], "Cost": [-100.0, -100.0, -100.0, -100.0], "SelfSlow.Magnitude": [-0.3499999940395355, -0.3499999940395355, -0.3499999940395355, -0.3499999940395355], "Slow.Duration": [1.0, 1.0, 1.0, 1.0], "ARC": [0.0, 0.0, 0.0, 0.0], "BasePower": [0.0, 0.0, 0.0, 0.0], "DamageReductionMultiplier": [0.6000000238418579, 0.699999988079071, 0.800000011920929, 0.8999999761581421], "Shield": [2.0, 2.6666600704193115, 3.333319902420044, 3.9999799728393555]}, "Primary": {"Cooldown": [9.0, 8.0, 7.0, 6.0], "Cost": [-70.0, -70.0, -70.0, -70.0], "Stun.Duration": [0.6000000238418579, 0.800000011920929, 1.0, 1.2000000476837158], "ARC": [1.6699999570846558, 1.6699999570846558, 1.6699999570846558, 1.6699999570846558], "BasePower": [111.0, 158.0, 205.0, 252.0]}, "Secondary": {"Cooldown": [24.0, 20.0, 16.0, 12.0], "Cost": [0.0, 0.0, 0.0, 0.0], "AbilityResistanceRating": [20.0, 40.0, 60.0, 80.0], "RefreshDuration": [6.0, 5.0, 4.0, 3.0], "ARC": [0.0, 0.0, 0.0, 0.0], "BasePower": [0.0, 0.0, 0.0, 0.0], "Range": [750.0, 750.0, 750.0, 750.0], "Shield.Duration": [4.0, 5.0, 6.0, 7.0], "ShieldWall.Duration": [4.0, 4.0, 4.0, 4.0], "Slow": [-0.25, -0.25, -0.25, -0.25]}, "Ultimate": {"Cooldown": [90.0, 75.0, 60.0], "Cost": [-75.0, -110.0, -145.0], "Stun.Duration": [1.5, 2.0, 2.5], "ARC": [2.509999990463257, 2.509999990463257, 2.509999990463257], "BasePower": [211.0, 281.0, 351.0], "Radius": [550.0, 550.0, 550.0], "Range": [850.0, 850.0, 850.0]}}, "Stats": {"AbilityPenetrationRating": [0.0], "AttackRating": [0.0], "AttackSpeedRating": [100.0, 100.80000305175781, 101.5, 102.30000305175781, 103.0, 103.80000305175781, 104.5, 105.30000305175781, 106.0, 106.80000305175781, 107.5, 108.30000305175781, 109.0, 109.80000305175781, 110.5, 111.30000305175781, 112.0, 112.80000305175781, 113.5, 114.30000305175781], "BaseAttackTime": [0.8999999761581421], "BasicPenetrationRating": [0.0], "CleaveRating": [0.20000000298023224], "CriticalDamageBonus": [1.0], "LeftClickARC": [1.0], "LeftClickBasePower": [70.19999694824219, 72.9000015258789, 75.5999984741211, 78.30000305175781, 81.0, 83.69999694824219, 86.4000015258789, 89.0999984741211, 91.80000305175781, 94.5, 97.19999694824219, 99.9000015258789, 102.5999984741211, 105.30000305175781, 108.0, 110.69999694824219, 113.4000015258789, 116.0999984741211, 118.80000305175781, 121.5], "Energy": [262.0, 277.0, 292.0, 307.0, 322.0, 337.0, 352.0, 367.0, 382.0, 397.0, 412.0, 427.0, 442.0, 457.0, 472.0, 487.0, 502.0, 517.0, 532.0, 547.0], "EnergyRegenRate": [1.2699999809265137, 1.3200000524520874, 1.3700000047683716, 1.4199999570846558, 1.4700000286102295, 1.5199999809265137, 1.5700000524520874, 1.6200000047683716, 1.6699999570846558, 1.7200000286102295, 1.7699999809265137, 1.8200000524520874, 1.8700000047683716, 1.9199999570846558, 1.9700000286102295, 2.0199999809265137, 2.069999933242798, 2.119999885559082, 2.1700000762939453, 2.2200000286102295], "MaxEnergy": [262.0, 277.0, 292.0, 307.0, 322.0, 337.0, 352.0, 367.0, 382.0, 397.0, 412.0, 427.0, 442.0, 457.0, 472.0, 487.0, 502.0, 517.0, 532.0, 547.0], "AbilityResistanceRating": [10.0], "BasicResistanceRating": [19.700000762939453, 22.0, 24.200000762939453, 26.399999618530273, 28.700000762939453, 30.899999618530273, 33.20000076293945, 35.400001525878906, 37.599998474121094, 39.900001525878906, 42.099998474121094, 44.400001525878906, 46.599998474121094, 48.79999923706055, 51.099998474121094, 53.29999923706055, 55.599998474121094, 57.79999923706055, 60.0, 62.29999923706055], "CriticallyWoundedThresholdPCT": [0.25], "Health": [741.0, 824.0, 907.0, 990.0, 1074.0, 1157.0, 1240.0, 1323.0, 1407.0, 1490.0, 1573.0, 1656.0, 1739.0, 1823.0, 1906.0, 1989.0, 2072.0, 2156.0, 2239.0, 2322.0], "HealthRegenRate": [1.2300000190734863, 1.3700000047683716, 1.5099999904632568, 1.649999976158142, 1.7899999618530273, 1.9299999475479126, 2.069999933242798, 2.2100000381469727, 2.3399999141693115, 2.4800000190734863, 2.619999885559082, 2.759999990463257, 2.9000000953674316, 3.0399999618530273, 3.180000066757202, 3.319999933242798, 3.450000047683716, 3.5899999141693115, 3.7300000190734863, 3.869999885559082], "MaxHealth": [741.0, 824.0, 907.0, 990.0, 1074.0, 1157.0, 1240.0, 1323.0, 1407.0, 1490.0, 1573.0, 1656.0, 1739.0, 1823.0, 1906.0, 1989.0, 2072.0, 2156.0, 2239.0, 2322.0], "MaxMoveSpeed": [670.0], "VisionRadius": [5000.0], "CXPBounty": [550.0], "CXPSpawnTime": [1.5], "GainXPFromKills": [1.0], "MaxCardLevel": [20.0], "MaxLevel": [20.0], "XPBounty": [38.5, 51.10177230834961, 65.11422729492188, 80.37014770507812, 97.01132202148438, 114.57335662841797, 133.71376037597656, 154.2930450439453, 176.12310791015625, 192.4675750732422, 209.80735778808594, 227.22921752929688, 245.59310913085938, 264.94293212890625, 285.32452392578125, 306.7856750488281, 329.3761901855469, 353.1480712890625, 378.1555480957031, 404.45513916015625], "XPToLevel": [110.0, 133.92189025878906, 157.601318359375, 180.7139434814453, 203.67018127441406, 225.5848388671875, 247.8596649169922, 270.1905822753906, 292.2566833496094, 303.475830078125, 315.12567138671875, 325.8381042480469, 336.91473388671875, 348.3678894042969, 360.21038818359375, 372.4554443359375, 385.11676025390625, 398.2085266113281, 411.74530029296875, 425.74224853515625]}}