{"Abilities": {"Alternate": {"Cooldown": [14.0, 14.0, 14.0, 14.0], "Cost": [-100.0, -100.0, -100.0, -100.0], "SelfSlow.Magnitude": [-0.3499999940395355, -0.3499999940395355, -0.3499999940395355, -0.3499999940395355], "Slow.Duration": [1.0, 1.0, 1.0, 1.0], "ARC": [0.0, 0.0, 0.0, 0.0], "BasePower": [0.0, 0.0, 0.0, 0.0], "DamageReductionMultiplier": [0.6000000238418579, 0.699999988079071, 0.800000011920929, 0.8999999761581421], "Shield": [2.0, 2.6666600704193115, 3.333319902420044, 3.9999799728393555]}, "Primary": {"Cooldown": [9.0, 8.0, 7.0, 6.0], "Cost": [-70.0, -70.0, -70.0, -70.0], "Stun.Duration": [0.5, 0.5, 0.5, 0.5], "ARC": [1.0399999618530273, 1.0399999618530273, 1.0399999618530273, 1.0399999618530273], "BasePower": [88.0, 117.0, 146.0, 176.0]}, "Secondary": {"Cooldown": [24.0, 20.0, 16.0, 12.0], "Cost": [0.0, 0.0, 0.0, 0.0], "AbilityResistanceRating": [20.0, 40.0, 60.0, 80.0], "RefreshDuration": [6.0, 5.0, 4.0, 3.0], "ARC": [0.0, 0.0, 0.0, 0.0], "BasePower": [0.0, 0.0, 0.0, 0.0], "Range": [750.0, 750.0, 750.0, 750.0], "Shield.Duration": [4.0, 5.0, 6.0, 7.0], "ShieldWall.Duration": [4.0, 4.0, 4.0, 4.0], "Slow": [-0.25, -0.25, -0.25, -0.25]}, "Ultimate": {"Cooldown": [90.0, 75.0, 60.0], "Cost": [-75.0, -110.0, -145.0], "ARC": [2.509999990463257, 2.509999990463257, 2.509999990463257], "BasePower": [211.0, 281.0, 351.0], "Radius": [550.0, 550.0, 550.0], "Range": [850.0, 850.0, 850.0]}}, "Stats": {"AbilityPenetrationRating": [0.0], "AttackRating": [0.0], "AttackSpeedRating": [100.0, 100.80000305175781, 101.5, 102.30000305175781, 103.0, 103.80000305175781, 104.5, 105.30000305175781, 106.0, 106.80000305175781, 107.5, 108.30000305175781, 109.0, 109.80000305175781, 110.5, 111.30000305175781, 112.0, 112.80000305175781, 113.5, 114.30000305175781], "BaseAttackTime": [0.8999999761581421], "BasicPenetrationRating": [0.0], "CleaveRating": [0.20000000298023224], "CriticalDamageBonus": [1.0], "LeftClickARC": [1.0], "LeftClickBasePower": [67.5, 70.30000305175781, 73.19999694824219, 76.0, 78.9000015258789, 81.80000305175781, 84.5999984741211, 87.4000015258789, 90.30000305175781, 93.19999694824219, 96.0, 98.80000305175781, 101.69999694824219, 104.5999984741211, 107.4000015258789, 110.30000305175781, 113.0999984741211, 115.9000015258789, 118.80000305175781, 121.5999984741211], "Energy": [262.0, 277.0, 292.0, 307.0, 322.0, 337.0, 352.0, 367.0, 382.0, 397.0, 412.0, 427.0, 442.0, 457.0, 472.0, 487.0, 502.0, 517.0, 532.0, 547.0], "EnergyRegenRate": [1.2699999809265137, 1.3200000524520874, 1.3700000047683716, 1.4199999570846558, 1.4700000286102295, 1.5199999809265137, 1.5700000524520874, 1.6200000047683716, 1.6699999570846558, 1.7200000286102295, 1.7699999809265137, 1.8200000524520874, 1.8700000047683716, 1.9199999570846558, 1.9700000286102295, 2.0199999809265137, 2.069999933242798, 2.119999885559082, 2.1700000762939453, 2.2200000286102295], "MaxEnergy": [262.0, 277.0, 292.0, 307.0, 322.0, 337.0, 352.0, 367.0, 382.0, 397.0, 412.0, 427.0, 442.0, 457.0, 472.0, 487.0, 502.0, 517.0, 532.0, 547.0], "AbilityResistanceRating": [10.0], "BasicResistanceRating": [27.799999237060547, 29.799999237060547, 31.700000762939453, 33.70000076293945, 35.599998474121094, 37.599998474121094, 39.5, 41.5, 43.400001525878906, 45.400001525878906, 47.29999923706055, 49.29999923706055, 51.20000076293945, 53.20000076293945, 55.20000076293945, 57.099998474121094, 59.099998474121094, 61.0, 63.0, 64.9000015258789], "CriticallyWoundedThresholdPCT": [0.25], "Health": [741.0, 824.0, 907.0, 990.0, 1074.0, 1157.0, 1240.0, 1323.0, 1407.0, 1490.0, 1573.0, 1656.0, 1739.0, 1823.0, 1906.0, 1989.0, 2072.0, 2156.0, 2239.0, 2322.0], "HealthRegenRate": [1.2300000190734863, 1.3700000047683716, 1.5099999904632568, 1.649999976158142, 1.7899999618530273, 1.9299999475479126, 2.069999933242798, 2.2100000381469727, 2.3399999141693115, 2.4800000190734863, 2.619999885559082, 2.759999990463257, 2.9000000953674316, 3.0399999618530273, 3.180000066757202, 3.319999933242798, 3.450000047683716, 3.5899999141693115, 3.7300000190734863, 3.869999885559082], "MaxHealth": [741.0, 824.0, 907.0, 990.0, 1074.0, 1157.0, 1240.0, 1323.0, 1407.0, 1490.0, 1573.0, 1656.0, 1739.0, 1823.0, 1906.0, 1989.0, 2072.0, 2156.0, 2239.0, 2322.0], "MaxMoveSpeed": [710.0], "VisionRadius": [5000.0], "CXPBounty": [550.0], "CXPSpawnTime": [1.5], "GainXPFromKills": [1.0], "MaxCardLevel": [20.0], "MaxLevel": [20.0], "XPBounty": [55.0, 66.96094512939453, 78.8006591796875, 90.35697174072266, 101.83509063720703, 135.3509063720703, 148.71578979492188, 162.11434936523438, 175.35400390625, 182.0854949951172, 220.5879669189453, 228.08668518066406, 235.84031677246094, 243.85751342773438, 252.1472625732422, 297.96435546875, 308.0934143066406, 318.5668029785156, 329.396240234375, 340.59381103515625], "XPToLevel": [110.0, 133.92189025878906, 157.601318359375, 180.7139434814453, 203.67018127441406, 225.5848388671875, 247.8596649169922, 270.1905822753906, 292.2566833496094, 303.475830078125, 315.12567138671875, 325.8381042480469, 336.91473388671875, 348.3678894042969, 360.21038818359375, 372.4554443359375, 385.11676025390625, 398.2085266113281, 411.74530029296875, 425.74224853515625]}}