{"Abilities": {"Alternate": {"Cooldown": [10.0, 10.0, 10.0, 10.0], "Cost": [-60.0, -60.0, -60.0, -60.0], "ARC": [1.25, 1.25, 1.25, 1.25], "BasePower": [70.0, 105.0, 140.0, 175.0]}, "Primary": {"Cooldown": [13.0, 11.0, 9.0, 7.0], "Cost": [-80.0, -90.0, -100.0, -110.0], "ARC": [3.130000114440918, 3.130000114440918, 3.130000114440918, 3.130000114440918], "BasePower": [129.0, 216.0, 304.0, 392.0], "Duration": [5.0, 5.0, 5.0, 5.0]}, "Secondary": {"Cooldown": [6.0, 5.0, 4.0, 3.0], "Cost": [0.0, 0.0, 0.0, 0.0], "ARC": [0.0, 0.0, 0.0, 0.0], "Armor.Energy": [0.0, 0.0, 0.0, 0.0], "Armor.Physical": [4.0, 8.0, 12.0, 16.0], "BasePower": [0.0, 0.0, 0.0, 0.0], "Health": [70.0, 140.0, 210.0, 280.0]}, "Ultimate": {"Cooldown": [180.0, 140.0, 100.0], "Cost": [0.0, 0.0, 0.0], "ARC": [3.130000114440918, 3.130000114440918, 3.130000114440918], "BasePower": [176.0, 263.0, 351.0], "Duration": [3.0, 3.0, 3.0], "Health": [0.4000000059604645, 0.4000000059604645, 0.4000000059604645], "MaxRadiusSlow": [-125.0, -125.0, -125.0], "MinRadiusSlow": [-400.0, -400.0, -400.0], "RadiusDamage": [900.0, 900.0, 900.0], "RadiusSlow": [900.0, 900.0, 900.0], "SlowDuration": [3.4000000953674316, 3.4000000953674316, 3.4000000953674316]}}, "Stats": {"AbilityPenetrationRating": [0.0], "AttackRating": [0.0], "AttackSpeedRating": [100.0, 101.0999984741211, 102.30000305175781, 103.4000015258789, 104.5, 105.5999984741211, 106.80000305175781, 107.9000015258789, 109.0, 110.0999984741211, 111.30000305175781, 112.4000015258789, 113.5, 114.5999984741211, 115.80000305175781, 116.9000015258789, 118.0, 119.0999984741211, 120.30000305175781, 121.4000015258789], "BaseAttackTime": [0.8500000238418579], "BasicPenetrationRating": [0.0], "CleaveRating": [0.10000000149011612], "CriticalDamageBonus": [1.0], "LeftClickARC": [1.0], "LeftClickBasePower": [59.400001525878906, 63.5, 67.5, 71.5999984741211, 75.5999984741211, 79.69999694824219, 83.69999694824219, 87.80000305175781, 91.80000305175781, 95.9000015258789, 99.9000015258789, 104.0, 108.0, 112.0999984741211, 116.0999984741211, 120.19999694824219, 124.19999694824219, 128.3000030517578, 132.3000030517578, 136.39999389648438], "Energy": [221.0, 233.0, 245.0, 257.0, 269.0, 281.0, 293.0, 305.0, 317.0, 329.0, 341.0, 353.0, 365.0, 377.0, 389.0, 401.0, 413.0, 425.0, 437.0, 449.0], "EnergyRegenRate": [1.1399999856948853, 1.1799999475479126, 1.2200000286102295, 1.2599999904632568, 1.2999999523162842, 1.340000033378601, 1.3799999952316284, 1.4199999570846558, 1.4600000381469727, 1.5, 1.5399999618530273, 1.5800000429153442, 1.6200000047683716, 1.659999966621399, 1.7000000476837158, 1.7400000095367432, 1.7799999713897705, 1.8200000524520874, 1.8600000143051147, 1.899999976158142], "MaxEnergy": [221.0, 233.0, 245.0, 257.0, 269.0, 281.0, 293.0, 305.0, 317.0, 329.0, 341.0, 353.0, 365.0, 377.0, 389.0, 401.0, 413.0, 425.0, 437.0, 449.0], "AbilityResistanceRating": [30.0], "BasicResistanceRating": [21.399999618530273, 24.0, 26.600000381469727, 29.200000762939453, 31.799999237060547, 34.400001525878906, 37.0, 39.599998474121094, 42.20000076293945, 44.70000076293945, 47.29999923706055, 49.900001525878906, 52.5, 55.099998474121094, 57.70000076293945, 60.29999923706055, 62.900001525878906, 65.5, 68.0999984741211, 70.69999694824219], "CriticallyWoundedThresholdPCT": [0.25], "Health": [706.0, 774.0, 841.0, 908.0, 975.0, 1042.0, 1109.0, 1176.0, 1243.0, 1310.0, 1377.0, 1444.0, 1511.0, 1579.0, 1646.0, 1713.0, 1780.0, 1847.0, 1914.0, 1981.0], "HealthRegenRate": [1.1399999856948853, 1.2699999809265137, 1.399999976158142, 1.5299999713897705, 1.659999966621399, 1.7899999618530273, 1.9199999570846558, 2.049999952316284, 2.180000066757202, 2.309999942779541, 2.440000057220459, 2.569999933242798, 2.700000047683716, 2.8299999237060547, 2.9600000381469727, 3.0899999141693115, 3.2200000286102295, 3.3499999046325684, 3.4800000190734863, 3.609999895095825], "MaxHealth": [706.0, 774.0, 841.0, 908.0, 975.0, 1042.0, 1109.0, 1176.0, 1243.0, 1310.0, 1377.0, 1444.0, 1511.0, 1579.0, 1646.0, 1713.0, 1780.0, 1847.0, 1914.0, 1981.0], "MaxMoveSpeed": [705.0], "VisionRadius": [5000.0], "CXPBounty": [550.0], "CXPSpawnTime": [1.5], "GainXPFromKills": [1.0], "MaxCardLevel": [20.0], "MaxLevel": [20.0], "XPBounty": [55.0, 66.96094512939453, 78.8006591796875, 90.35697174072266, 101.83509063720703, 135.3509063720703, 148.71578979492188, 162.11434936523438, 175.35400390625, 182.0854949951172, 220.5879669189453, 228.08668518066406, 235.84031677246094, 243.85751342773438, 252.1472625732422, 297.96435546875, 308.0934143066406, 318.5668029785156, 329.396240234375, 340.59381103515625], "XPToLevel": [110.0, 133.92189025878906, 157.601318359375, 180.7139434814453, 203.67018127441406, 225.5848388671875, 247.8596649169922, 270.1905822753906, 292.2566833496094, 303.475830078125, 315.12567138671875, 325.8381042480469, 336.91473388671875, 348.3678894042969, 360.21038818359375, 372.4554443359375, 385.11676025390625, 398.2085266113281, 411.74530029296875, 425.74224853515625]}}