{"Abilities": {"Alternate": {"Cooldown": [10.0, 10.0, 10.0, 10.0], "Cost": [-60.0, -60.0, -60.0, -60.0], "ARC": [1.2535713911056519, 1.2535713911056519, 1.2535713911056519, 1.2535713911056519], "BasePower": [70.19999694824219, 105.30000305175781, 140.39999389648438, 175.5]}, "Primary": {"Cooldown": [13.0, 11.0, 9.0, 7.0], "Cost": [-80.0, -90.0, -100.0, -110.0], "ARC": [3.1339285373687744, 3.1339285373687744, 3.1339285373687744, 3.1339285373687744], "BasePower": [128.6999969482422, 216.4499969482422, 304.20001220703125, 391.95001220703125], "Duration": [5.0, 5.0, 5.0, 5.0]}, "Secondary": {"Cooldown": [6.0, 5.0, 4.0, 3.0], "Cost": [0.0, 0.0, 0.0, 0.0], "ARC": [0.0, 0.0, 0.0, 0.0], "Armor.Energy": [0.0, 0.0, 0.0, 0.0], "Armor.Physical": [4.0, 8.0, 12.0, 16.0], "BasePower": [0.0, 0.0, 0.0, 0.0], "Health": [70.0, 140.0, 210.0, 280.0]}, "Ultimate": {"Cooldown": [180.0, 140.0, 100.0], "Cost": [0.0, 0.0, 0.0], "ARC": [3.1339285373687744, 3.1339285373687744, 3.1339285373687744], "BasePower": [175.5, 263.25, 351.0], "Duration": [3.0, 3.0, 3.0], "Health": [0.4000000059604645, 0.4000000059604645, 0.4000000059604645], "MaxRadiusSlow": [-125.0, -125.0, -125.0], "MinRadiusSlow": [-400.0, -400.0, -400.0], "RadiusDamage": [900.0, 900.0, 900.0], "RadiusSlow": [900.0, 900.0, 900.0], "SlowDuration": [3.4000000953674316, 3.4000000953674316, 3.4000000953674316]}}, "Stats": {"AbilityPenetrationRating": [0.0], "AttackRating": [0.0], "AttackSpeedRating": [100.0, 101.125, 102.25, 103.375, 104.5, 105.625, 106.75, 107.875, 109.0, 110.125, 111.25, 112.375, 113.5, 114.625, 115.75, 116.875, 118.0, 119.125, 120.25, 121.375], "BaseAttackTime": [0.8500000238418579], "BasicPenetrationRating": [0.0], "CleaveRating": [0.10000000149011612], "CriticalDamageBonus": [1.0], "LeftClickARC": [1.0], "LeftClickBasePower": [59.400001525878906, 63.45000076293945, 67.5, 71.55000305175781, 75.5999984741211, 79.6500015258789, 83.69999694824219, 87.75, 91.80000305175781, 95.8499984741211, 99.9000015258789, 103.94999694824219, 108.0, 112.05000305175781, 116.0999984741211, 120.1500015258789, 124.19999694824219, 128.25, 132.3000030517578, 136.35000610351562], "Energy": [220.8000030517578, 232.8000030517578, 244.8000030517578, 256.79998779296875, 268.79998779296875, 280.79998779296875, 292.79998779296875, 304.79998779296875, 316.79998779296875, 328.79998779296875, 340.79998779296875, 352.79998779296875, 364.79998779296875, 376.79998779296875, 388.79998779296875, 400.79998779296875, 412.79998779296875, 424.79998779296875, 436.79998779296875, 448.79998779296875], "EnergyRegenRate": [1.1360000371932983, 1.1759999990463257, 1.215999960899353, 1.25600004196167, 1.2960000038146973, 1.3359999656677246, 1.3760000467300415, 1.4160000085830688, 1.4559999704360962, 1.496000051498413, 1.5360000133514404, 1.5759999752044678, 1.6160000562667847, 1.656000018119812, 1.6959999799728394, 1.7359999418258667, 1.7760000228881836, 1.815999984741211, 1.8559999465942383, 1.8960000276565552], "MaxEnergy": [220.8000030517578, 232.8000030517578, 244.8000030517578, 256.79998779296875, 268.79998779296875, 280.79998779296875, 292.79998779296875, 304.79998779296875, 316.79998779296875, 328.79998779296875, 340.79998779296875, 352.79998779296875, 364.79998779296875, 376.79998779296875, 388.79998779296875, 400.79998779296875, 412.79998779296875, 424.79998779296875, 436.79998779296875, 448.79998779296875], "AbilityResistanceRating": [25.0], "BasicResistanceRating": [21.420000076293945, 24.011999130249023, 26.604000091552734, 29.195999145507812, 31.788000106811523, 34.380001068115234, 36.97200012207031, 39.56399917602539, 42.15599822998047, 44.74800109863281, 47.34000015258789, 49.93199920654297, 52.52399826049805, 55.11600112915039, 57.70800018310547, 60.29999923706055, 62.891998291015625, 65.48400115966797, 68.07599639892578, 70.66799926757812], "CriticallyWoundedThresholdPCT": [0.25], "Health": [706.4769897460938, 773.5570068359375, 840.6370239257812, 907.7169799804688, 974.7969970703125, 1041.876953125, 1108.95703125, 1176.0369873046875, 1243.116943359375, 1310.197021484375, 1377.2769775390625, 1444.3570556640625, 1511.43701171875, 1578.5169677734375, 1645.5970458984375, 1712.677001953125, 1779.7569580078125, 1846.8370361328125, 1913.9169921875, 1980.9969482421875], "HealthRegenRate": [1.1431666612625122, 1.2731666564941406, 1.403166651725769, 1.5331666469573975, 1.6631666421890259, 1.7931666374206543, 1.9231666326522827, 2.053166627883911, 2.183166742324829, 2.313166618347168, 2.443166732788086, 2.573166608810425, 2.7031667232513428, 2.8331665992736816, 2.9631667137145996, 3.0931665897369385, 3.2231667041778564, 3.3531665802001953, 3.4831666946411133, 3.613166570663452], "MaxHealth": [706.4769897460938, 773.5570068359375, 840.6370239257812, 907.7169799804688, 974.7969970703125, 1041.876953125, 1108.95703125, 1176.0369873046875, 1243.116943359375, 1310.197021484375, 1377.2769775390625, 1444.3570556640625, 1511.43701171875, 1578.5169677734375, 1645.5970458984375, 1712.677001953125, 1779.7569580078125, 1846.8370361328125, 1913.9169921875, 1980.9969482421875], "MaxMoveSpeed": [705.0], "VisionRadius": [5000.0], "CXPBounty": [455.0], "CXPSpawnTime": [1.5], "GainXPFromKills": [1.0], "MaxCardLevel": [20.0], "MaxLevel": [20.0], "XPBounty": [55.0, 66.96094512939453, 78.8006591796875, 90.35697174072266, 101.83509063720703, 135.3509063720703, 148.71578979492188, 162.11434936523438, 175.35400390625, 182.0854949951172, 220.5879669189453, 228.08668518066406, 235.84031677246094, 243.85751342773438, 252.1472625732422, 297.96435546875, 308.0934143066406, 318.5668029785156, 329.396240234375, 340.59381103515625], "XPToLevel": [110.0, 133.92189025878906, 157.601318359375, 180.7139434814453, 203.67018127441406, 225.5848388671875, 247.8596649169922, 270.1905822753906, 292.2566833496094, 303.475830078125, 315.12567138671875, 325.8381042480469, 336.91473388671875, 348.3678894042969, 360.21038818359375, 372.4554443359375, 385.11676025390625, 398.2085266113281, 411.74530029296875, 425.74224853515625]}}