{"Abilities": {"Alternate": {"Cooldown": [10.0, 10.0, 10.0, 10.0], "Cost": [-50.0, -50.0, -50.0, -50.0], "ARC": [1.25, 1.25, 1.25, 1.25], "BasePower": [99.0, 135.0, 170.0, 205.0]}, "Primary": {"Cooldown": [13.0, 11.0, 9.0, 7.0], "Cost": [-65.0, -70.0, -75.0, -80.0], "ARC": [3.130000114440918, 3.130000114440918, 3.130000114440918, 3.130000114440918], "BasePower": [129.0, 216.0, 304.0, 392.0], "Duration": [5.0, 5.0, 5.0, 5.0]}, "Secondary": {"Cooldown": [6.0, 5.0, 4.0, 3.0], "Cost": [0.0, 0.0, 0.0, 0.0], "ARC": [0.0, 0.0, 0.0, 0.0], "Armor.Energy": [0.0, 0.0, 0.0, 0.0], "Armor.Physical": [4.0, 8.0, 12.0, 16.0], "BasePower": [0.0, 0.0, 0.0, 0.0], "Health": [70.0, 140.0, 210.0, 280.0]}, "Ultimate": {"Cooldown": [180.0, 120.0, 60.0], "Cost": [0.0, 0.0, 0.0], "ARC": [3.130000114440918, 3.130000114440918, 3.130000114440918], "BasePower": [176.0, 263.0, 351.0], "Duration": [3.0, 3.0, 3.0], "Health": [0.4000000059604645, 0.4000000059604645, 0.4000000059604645], "MaxRadiusSlow": [-0.18000000715255737, -0.18000000715255737, -0.18000000715255737], "MinRadiusSlow": [-0.6000000238418579, -0.6000000238418579, -0.6000000238418579], "RadiusDamage": [900.0, 900.0, 900.0], "RadiusSlow": [900.0, 900.0, 900.0], "SlowDuration": [3.4000000953674316, 3.4000000953674316, 3.4000000953674316]}}, "Stats": {"AbilityPenetrationRating": [0.0], "AttackRating": [0.0], "AttackSpeedRating": [100.0, 101.0999984741211, 102.30000305175781, 103.4000015258789, 104.5, 105.5999984741211, 106.80000305175781, 107.9000015258789, 109.0, 110.0999984741211, 111.30000305175781, 112.4000015258789, 113.5, 114.5999984741211, 115.80000305175781, 116.9000015258789, 118.0, 119.0999984741211, 120.30000305175781, 121.4000015258789], "BaseAttackTime": [0.8500000238418579], "BasicPenetrationRating": [0.0], "CleaveRating": [0.10000000149011612], "CriticalDamageBonus": [1.0], "LeftClickARC": [1.0], "LeftClickBasePower": [64.80000305175781, 68.5, 72.30000305175781, 76.0, 79.80000305175781, 83.5, 87.30000305175781, 91.0, 94.80000305175781, 98.5, 102.30000305175781, 106.0999984741211, 109.80000305175781, 113.5999984741211, 117.30000305175781, 121.0999984741211, 124.80000305175781, 128.60000610351562, 132.3000030517578, 136.10000610351562], "Energy": [221.0, 233.0, 245.0, 257.0, 269.0, 281.0, 293.0, 305.0, 317.0, 329.0, 341.0, 353.0, 365.0, 377.0, 389.0, 401.0, 413.0, 425.0, 437.0, 449.0], "EnergyRegenRate": [1.1399999856948853, 1.1799999475479126, 1.2200000286102295, 1.2599999904632568, 1.2999999523162842, 1.340000033378601, 1.3799999952316284, 1.4199999570846558, 1.4600000381469727, 1.5, 1.5399999618530273, 1.5800000429153442, 1.6200000047683716, 1.659999966621399, 1.7000000476837158, 1.7400000095367432, 1.7799999713897705, 1.8200000524520874, 1.8600000143051147, 1.899999976158142], "MaxEnergy": [221.0, 233.0, 245.0, 257.0, 269.0, 281.0, 293.0, 305.0, 317.0, 329.0, 341.0, 353.0, 365.0, 377.0, 389.0, 401.0, 413.0, 425.0, 437.0, 449.0], "AbilityResistanceRating": [30.0], "BasicResistanceRating": [15.199999809265137, 18.100000381469727, 21.100000381469727, 24.100000381469727, 27.100000381469727, 30.100000381469727, 33.0, 36.0, 39.0, 42.0, 44.900001525878906, 47.900001525878906, 50.900001525878906, 53.900001525878906, 56.79999923706055, 59.79999923706055, 62.79999923706055, 65.80000305175781, 68.69999694824219, 71.69999694824219], "CriticallyWoundedThresholdPCT": [0.25], "Health": [706.0, 774.0, 841.0, 908.0, 975.0, 1042.0, 1109.0, 1176.0, 1243.0, 1310.0, 1377.0, 1444.0, 1511.0, 1579.0, 1646.0, 1713.0, 1780.0, 1847.0, 1914.0, 1981.0], "HealthRegenRate": [1.1399999856948853, 1.2699999809265137, 1.399999976158142, 1.5299999713897705, 1.659999966621399, 1.7899999618530273, 1.9199999570846558, 2.049999952316284, 2.180000066757202, 2.309999942779541, 2.440000057220459, 2.569999933242798, 2.700000047683716, 2.8299999237060547, 2.9600000381469727, 3.0899999141693115, 3.2200000286102295, 3.3499999046325684, 3.4800000190734863, 3.609999895095825], "MaxHealth": [706.0, 774.0, 841.0, 908.0, 975.0, 1042.0, 1109.0, 1176.0, 1243.0, 1310.0, 1377.0, 1444.0, 1511.0, 1579.0, 1646.0, 1713.0, 1780.0, 1847.0, 1914.0, 1981.0], "MaxMoveSpeed": [665.0], "VisionRadius": [5000.0], "CXPBounty": [550.0], "CXPSpawnTime": [1.5], "GainXPFromKills": [1.0], "MaxCardLevel": [20.0], "MaxLevel": [20.0], "XPBounty": [38.5, 51.10177230834961, 65.11422729492188, 80.37014770507812, 97.01132202148438, 114.57335662841797, 133.71376037597656, 154.2930450439453, 176.12310791015625, 192.4675750732422, 209.80735778808594, 227.22921752929688, 245.59310913085938, 264.94293212890625, 285.32452392578125, 306.7856750488281, 329.3761901855469, 353.1480712890625, 378.1555480957031, 404.45513916015625], "XPToLevel": [110.0, 133.92189025878906, 157.601318359375, 180.7139434814453, 203.67018127441406, 225.5848388671875, 247.8596649169922, 270.1905822753906, 292.2566833496094, 303.475830078125, 315.12567138671875, 325.8381042480469, 336.91473388671875, 348.3678894042969, 360.21038818359375, 372.4554443359375, 385.11676025390625, 398.2085266113281, 411.74530029296875, 425.74224853515625]}}