{"Abilities": {"Alternate": {"Cooldown": [5.0, 5.0, 5.0, 5.0], "Cost": [-100.0, -110.0, -120.0, -130.0], "ARC": [3.1339285373687744, 3.1339285373687744, 3.1339285373687744, 3.1339285373687744], "BasePower": [128.6999969482422, 216.4499969482422, 304.20001220703125, 391.95001220703125], "Range": [1300.0, 1300.0, 1300.0, 1300.0]}, "Primary": {"Cooldown": [10.0, 10.0, 10.0, 10.0], "Cost": [-100.0, -110.0, -120.0, -130.0], "ARC": [1.8803571462631226, 1.8803571462631226, 1.8803571462631226, 1.8803571462631226], "BasePower": [87.75, 140.39999389648438, 193.0500030517578, 245.6999969482422], "ManaRestore": [5.0, 5.0, 5.0, 5.0], "Stun": [1.0, 1.399999976158142, 1.7999999523162842, 2.200000047683716]}, "Secondary": {"Cooldown": [45.0, 45.0, 45.0, 45.0], "Cost": [-110.0, -130.0, -150.0, -170.0], "ARC": [1.2535713911056519, 1.2535713911056519, 1.2535713911056519, 1.2535713911056519], "BasePower": [70.19999694824219, 105.30000305175781, 140.39999389648438, 175.5], "Duration": [20.0, 20.0, 20.0, 20.0], "ManaDrainOT": [0.019999999552965164, 0.029999999329447746, 0.03999999910593033, 0.05000000074505806]}, "Ultimate": {"Cooldown": [100.0, 85.0, 70.0], "Cost": [-75.0, -75.0, -75.0], "ARC": [0.0, 0.0, 0.0], "BasePower": [0.0, 0.0, 0.0], "ManaMulti": [0.699999988079071, 0.8999999761581421, 1.100000023841858]}}, "Stats": {"AbilityPenetrationRating": [0.0], "AttackRating": [0.0], "AttackSpeedRating": [100.0], "BaseAttackTime": [0.949999988079071], "BasicPenetrationRating": [0.0], "CleaveRating": [0.0], "CriticalDamageBonus": [1.0], "LeftClickARC": [1.0], "LeftClickBasePower": [52.91999816894531, 54.959999084472656, 57.0, 59.040000915527344, 61.08000183105469, 63.119998931884766, 65.16000366210938, 67.19999694824219, 69.23999786376953, 71.27999877929688, 73.31999969482422, 75.36000061035156, 77.4000015258789, 79.44000244140625, 81.4800033569336, 83.5199966430664, 85.55999755859375, 87.5999984741211, 89.63999938964844, 91.68000030517578], "Energy": [370.5, 400.5, 430.5, 460.5, 490.5, 520.5, 550.5, 580.5, 610.5, 640.5, 670.5, 700.5, 730.5, 760.5, 790.5, 820.5, 850.5, 880.5, 910.5, 940.5], "EnergyRegenRate": [1.434999942779541, 1.534999966621399, 1.6349999904632568, 1.7350000143051147, 1.8350000381469727, 1.934999942779541, 2.0350000858306885, 2.134999990463257, 2.234999895095825, 2.3350000381469727, 2.434999942779541, 2.5350000858306885, 2.634999990463257, 2.734999895095825, 2.8350000381469727, 2.934999942779541, 3.0350000858306885, 3.134999990463257, 3.234999895095825, 3.3350000381469727], "MaxEnergy": [370.5, 400.5, 430.5, 460.5, 490.5, 520.5, 550.5, 580.5, 610.5, 640.5, 670.5, 700.5, 730.5, 760.5, 790.5, 820.5, 850.5, 880.5, 910.5, 940.5], "AbilityResistanceRating": [25.0], "BasicResistanceRating": [17.280000686645508, 19.203750610351562, 21.127500534057617, 23.051250457763672, 24.975000381469727, 26.89875030517578, 28.822500228881836, 30.74625015258789, 32.66999816894531, 34.59375, 36.51750183105469, 38.44124984741211, 40.3650016784668, 42.28874969482422, 44.212501525878906, 46.13624954223633, 48.060001373291016, 49.98374938964844, 51.907501220703125, 53.83124923706055], "CriticallyWoundedThresholdPCT": [0.25], "Health": [600.7039794921875, 659.3599853515625, 718.0159912109375, 776.6719970703125, 835.3280029296875, 893.9840087890625, 952.6400146484375, 1011.2960205078125, 1069.9520263671875, 1128.6080322265625, 1187.2640380859375, 1245.9200439453125, 1304.5760498046875, 1363.2320556640625, 1421.887939453125, 1480.5439453125, 1539.199951171875, 1597.85595703125, 1656.511962890625, 1715.16796875], "HealthRegenRate": [0.9626666903495789, 1.0666667222976685, 1.1706666946411133, 1.274666666984558, 1.378666639328003, 1.4826666116714478, 1.5866667032241821, 1.690666675567627, 1.7946666479110718, 1.8986666202545166, 2.002666711807251, 2.1066665649414062, 2.2106666564941406, 2.314666748046875, 2.4186666011810303, 2.5226666927337646, 2.626666784286499, 2.7306666374206543, 2.8346667289733887, 2.938666582107544], "MaxHealth": [600.7039794921875, 658.7360229492188, 716.7680053710938, 774.7999877929688, 832.8319702148438, 890.864013671875, 948.89599609375, 1006.927978515625, 1064.9599609375, 1122.991943359375, 1181.0240478515625, 1239.0560302734375, 1297.0880126953125, 1355.1199951171875, 1413.1519775390625, 1471.1839599609375, 1529.2159423828125, 1587.248046875, 1645.280029296875, 1703.31201171875], "MaxMoveSpeed": [700.0], "VisionRadius": [5000.0], "CXPBounty": [455.0], "CXPSpawnTime": [1.5], "GainXPFromKills": [1.0], "MaxCardLevel": [20.0], "MaxLevel": [20.0], "XPBounty": [55.0, 66.96094512939453, 78.8006591796875, 90.35697174072266, 101.83509063720703, 135.3509063720703, 148.71578979492188, 162.11434936523438, 175.35400390625, 182.0854949951172, 220.5879669189453, 228.08668518066406, 235.84031677246094, 243.85751342773438, 252.1472625732422, 297.96435546875, 308.0934143066406, 318.5668029785156, 329.396240234375, 340.59381103515625], "XPToLevel": [110.0, 133.92189025878906, 157.601318359375, 180.7139434814453, 203.67018127441406, 225.5848388671875, 247.8596649169922, 270.1905822753906, 292.2566833496094, 303.475830078125, 315.12567138671875, 325.8381042480469, 336.91473388671875, 348.3678894042969, 360.21038818359375, 372.4554443359375, 385.11676025390625, 398.2085266113281, 411.74530029296875, 425.74224853515625]}}