{"Abilities": {"Alternate": {"Cooldown": [5.0, 5.0, 5.0, 5.0], "Cost": [-100.0, -110.0, -120.0, -130.0], "ARC": [3.130000114440918, 3.130000114440918, 3.130000114440918, 3.130000114440918], "BasePower": [129.0, 216.0, 304.0, 392.0], "Range": [1300.0, 1300.0, 1300.0, 1300.0]}, "Primary": {"Cooldown": [10.0, 10.0, 10.0, 10.0], "Cost": [-100.0, -110.0, -120.0, -130.0], "ARC": [1.6699999570846558, 1.6699999570846558, 1.6699999570846558, 1.6699999570846558], "BasePower": [82.0, 129.0, 176.0, 222.0], "ManaRestore": [5.0, 5.0, 5.0, 5.0], "Stun": [1.399999976158142, 1.600000023841858, 1.7999999523162842, 2.0]}, "Secondary": {"Cooldown": [45.0, 45.0, 45.0, 45.0], "Cost": [-110.0, -130.0, -150.0, -170.0], "ARC": [1.25, 1.25, 1.25, 1.25], "BasePower": [70.0, 105.0, 140.0, 175.0], "Duration": [20.0, 20.0, 20.0, 20.0], "ManaDrainOT": [0.019999999552965164, 0.029999999329447746, 0.03999999910593033, 0.05000000074505806]}, "Ultimate": {"Cooldown": [100.0, 85.0, 70.0], "Cost": [-75.0, -75.0, -75.0], "ARC": [0.0, 0.0, 0.0], "BasePower": [0.0, 0.0, 0.0], "ManaMulti": [0.699999988079071, 0.8999999761581421, 1.100000023841858]}}, "Stats": {"AbilityPenetrationRating": [0.0], "AttackRating": [0.0], "AttackSpeedRating": [100.0], "BaseAttackTime": [0.949999988079071], "BasicPenetrationRating": [0.0], "CleaveRating": [0.0], "CriticalDamageBonus": [1.0], "LeftClickARC": [1.0], "LeftClickBasePower": [52.900001525878906, 55.0, 57.0, 59.0, 61.099998474121094, 63.099998474121094, 65.19999694824219, 67.19999694824219, 69.19999694824219, 71.30000305175781, 73.30000305175781, 75.4000015258789, 77.4000015258789, 79.4000015258789, 81.5, 83.5, 85.5999984741211, 87.5999984741211, 89.5999984741211, 91.69999694824219], "Energy": [371.0, 401.0, 431.0, 461.0, 491.0, 521.0, 551.0, 581.0, 611.0, 641.0, 671.0, 701.0, 731.0, 761.0, 791.0, 821.0, 851.0, 881.0, 911.0, 941.0], "EnergyRegenRate": [1.4299999475479126, 1.5399999618530273, 1.6299999952316284, 1.7300000190734863, 1.8300000429153442, 1.9299999475479126, 2.0299999713897705, 2.130000114440918, 2.2300000190734863, 2.3399999141693115, 2.430000066757202, 2.5299999713897705, 2.640000104904175, 2.7300000190734863, 2.8399999141693115, 2.930000066757202, 3.0299999713897705, 3.140000104904175, 3.2300000190734863, 3.3399999141693115], "MaxEnergy": [371.0, 401.0, 431.0, 461.0, 491.0, 521.0, 551.0, 581.0, 611.0, 641.0, 671.0, 701.0, 731.0, 761.0, 791.0, 821.0, 851.0, 881.0, 911.0, 941.0], "AbilityResistanceRating": [30.0], "BasicResistanceRating": [12.199999809265137, 14.399999618530273, 16.700000762939453, 18.899999618530273, 21.100000381469727, 23.299999237060547, 25.5, 27.700000762939453, 29.899999618530273, 32.099998474121094, 34.29999923706055, 36.5, 38.70000076293945, 41.0, 43.20000076293945, 45.400001525878906, 47.599998474121094, 49.79999923706055, 52.0, 54.20000076293945], "CriticallyWoundedThresholdPCT": [0.25], "Health": [583.0, 641.0, 699.0, 757.0, 816.0, 874.0, 932.0, 990.0, 1048.0, 1106.0, 1164.0, 1222.0, 1280.0, 1338.0, 1396.0, 1454.0, 1512.0, 1570.0, 1628.0, 1686.0], "HealthRegenRate": [0.9700000286102295, 1.0700000524520874, 1.1699999570846558, 1.2599999904632568, 1.3600000143051147, 1.4600000381469727, 1.5499999523162842, 1.649999976158142, 1.75, 1.840000033378601, 1.940000057220459, 2.0399999618530273, 2.130000114440918, 2.2300000190734863, 2.3299999237060547, 2.4200000762939453, 2.5199999809265137, 2.619999885559082, 2.7100000381469727, 2.809999942779541], "MaxHealth": [583.0, 641.0, 699.0, 757.0, 816.0, 874.0, 932.0, 990.0, 1048.0, 1106.0, 1164.0, 1222.0, 1280.0, 1338.0, 1396.0, 1454.0, 1512.0, 1570.0, 1628.0, 1686.0], "MaxMoveSpeed": [660.0], "VisionRadius": [5000.0], "CXPBounty": [550.0], "CXPSpawnTime": [1.5], "GainXPFromKills": [1.0], "MaxCardLevel": [20.0], "MaxLevel": [20.0], "XPBounty": [38.5, 51.10177230834961, 65.11422729492188, 80.37014770507812, 97.01132202148438, 114.57335662841797, 133.71376037597656, 154.2930450439453, 176.12310791015625, 192.4675750732422, 209.80735778808594, 227.22921752929688, 245.59310913085938, 264.94293212890625, 285.32452392578125, 306.7856750488281, 329.3761901855469, 353.1480712890625, 378.1555480957031, 404.45513916015625], "XPToLevel": [110.0, 133.92189025878906, 157.601318359375, 180.7139434814453, 203.67018127441406, 225.5848388671875, 247.8596649169922, 270.1905822753906, 292.2566833496094, 303.475830078125, 315.12567138671875, 325.8381042480469, 336.91473388671875, 348.3678894042969, 360.21038818359375, 372.4554443359375, 385.11676025390625, 398.2085266113281, 411.74530029296875, 425.74224853515625]}}