{"Abilities": {}, "Stats": {"CriticallyWoundedThresholdPCT": [0.0], "Health": [200.0, 375.0, 550.0, 725.0, 900.0, 1075.0, 1250.0, 1425.0, 1600.0, 1775.0, 1950.0, 2125.0, 2300.0, 2475.0, 2650.0, 2825.0, 3000.0, 3175.0, 3350.0, 3525.0], "HealthRegenRate": [0.0], "MaxHealth": [200.0, 375.0, 550.0, 725.0, 900.0, 1075.0, 1250.0, 1425.0, 1600.0, 1775.0, 1950.0, 2125.0, 2300.0, 2475.0, 2650.0, 2825.0, 3000.0, 3175.0, 3350.0, 3525.0], "TargetMaxDamage": [9000.0], "VisionRadius": [0.0], "LifeSpan": [3.0, 4.0, 5.0, 6.0, 7.0, 8.0, 9.0, 10.0, 11.0, 12.0, 13.0, 14.0, 15.0, 16.0, 17.0, 18.0, 19.0, 20.0, 21.0, 22.0], "CXPBounty": [81.5999984741211], "CXPSpawnTime": [0.3499999940395355], "GainXPFromKills": [0.0], "MaxLevel": [0.0], "XPBounty": [0.0], "XPToLevel": [0.0]}}