{"Abilities": {"Alternate": {"Cooldown": [14.0, 14.0, 14.0, 14.0], "Cost": [-65.0, -75.0, -85.0, -95.0], "Duration": [2.5, 3.0, 3.5, 4.0], "Range": [1500.0, 1500.0, 1500.0, 1500.0], "Steal.AttackSpeed": [-66.0, -66.0, -66.0, -66.0], "Steal.MoveSpeed": [-150.0, -150.0, -150.0, -150.0], "ARC": [0.0, 0.0, 0.0, 0.0], "BasePower": [0.0, 0.0, 0.0, 0.0]}, "Primary": {"Cooldown": [25.0, 25.0, 25.0, 25.0], "Cost": [-75.0, -90.0, -105.0, -120.0], "Duration": [2.0, 3.0, 4.0, 5.0], "ARC": [0.0, 0.0, 0.0, 0.0], "BasePower": [0.0, 0.0, 0.0, 0.0]}, "Secondary": {"Cooldown": [0.0, 0.0, 0.0, 0.0], "Cost": [0.0, 0.0, 0.0, 0.0], "AttackCount": [6.0, 5.0, 4.0, 3.0], "Radius": [150.0, 150.0, 150.0, 150.0], "Slow.Max.Duration": [1.25, 1.25, 1.25, 1.25], "Slow.Max.Magnitude": [-125.0, -150.0, -175.0, -200.0], "Slow.Stack.Count": [10.0, 10.0, 10.0, 10.0], "Slow.Stack.Duration": [0.125, 0.125, 0.125, 0.125], "Slow.Stack.Magnitude": [-12.5, -15.0, -17.5, -20.0], "ARC": [0.30000001192092896, 0.30000001192092896, 0.30000001192092896, 0.30000001192092896], "BasePower": [25.0, 50.0, 75.0, 100.0]}, "Ultimate": {"Cooldown": [105.0, 75.0, 45.0], "Cost": [-75.0, -50.0, -25.0], "RewindTime": [4.0, 4.0, 4.0], "ARC": [0.0, 0.0, 0.0], "BasePower": [0.0, 0.0, 0.0]}}, "Stats": {"AbilityPenetrationRating": [0.0], "AttackRating": [0.0], "AttackSpeedRating": [100.0, 102.0999984741211, 104.19999694824219, 106.30000305175781, 108.4000015258789, 110.5, 112.5999984741211, 114.69999694824219, 116.80000305175781, 118.9000015258789, 121.0, 123.0999984741211, 125.19999694824219, 127.30000305175781, 129.39999389648438, 131.5, 133.60000610351562, 135.6999969482422, 137.8000030517578, 139.89999389648438], "BaseAttackTime": [1.350000023841858], "BasicPenetrationRating": [0.0], "CleaveRating": [0.0], "CriticalDamageBonus": [1.0], "LeftClickARC": [1.0], "LeftClickBasePower": [58.0, 60.0, 62.0, 64.0, 66.0, 68.0, 70.0, 72.0, 74.0, 76.0, 78.0, 80.0, 82.0, 84.0, 86.0, 88.0, 90.0, 92.0, 94.0, 96.0], "Energy": [264.0, 276.0, 288.0, 300.0, 312.0, 324.0, 336.0, 348.0, 360.0, 372.0, 384.0, 396.0, 408.0, 420.0, 432.0, 444.0, 456.0, 468.0, 480.0, 492.0], "EnergyRegenRate": [1.2799999713897705, 1.3200000524520874, 1.3600000143051147, 1.399999976158142, 1.440000057220459, 1.4800000190734863, 1.5199999809265137, 1.559999942779541, 1.600000023841858, 1.6399999856948853, 1.6799999475479126, 1.7200000286102295, 1.7599999904632568, 1.7999999523162842, 1.840000033378601, 1.8799999952316284, 1.9199999570846558, 1.9600000381469727, 2.0, 2.0399999618530273], "MaxEnergy": [264.0, 276.0, 288.0, 300.0, 312.0, 324.0, 336.0, 348.0, 360.0, 372.0, 384.0, 396.0, 408.0, 420.0, 432.0, 444.0, 456.0, 468.0, 480.0, 492.0], "AbilityResistanceRating": [30.0], "BasicResistanceRating": [17.299999237060547, 19.5, 21.700000762939453, 23.899999618530273, 26.100000381469727, 28.399999618530273, 30.600000381469727, 32.79999923706055, 35.0, 37.20000076293945, 39.400001525878906, 41.599998474121094, 43.79999923706055, 46.099998474121094, 48.29999923706055, 50.5, 52.70000076293945, 54.900001525878906, 57.099998474121094, 59.29999923706055], "CriticallyWoundedThresholdPCT": [0.25], "Health": [592.0, 653.0, 714.0, 775.0, 835.0, 896.0, 957.0, 1018.0, 1079.0, 1140.0, 1200.0, 1261.0, 1322.0, 1383.0, 1444.0, 1505.0, 1565.0, 1626.0, 1687.0, 1748.0], "HealthRegenRate": [0.9900000095367432, 1.090000033378601, 1.190000057220459, 1.2899999618530273, 1.3899999856948853, 1.4900000095367432, 1.600000023841858, 1.7000000476837158, 1.7999999523162842, 1.899999976158142, 2.0, 2.0999999046325684, 2.200000047683716, 2.299999952316284, 2.4100000858306885, 2.509999990463257, 2.609999895095825, 2.7100000381469727, 2.809999942779541, 2.9100000858306885], "MaxHealth": [592.0, 653.0, 714.0, 775.0, 835.0, 896.0, 957.0, 1018.0, 1079.0, 1140.0, 1200.0, 1261.0, 1322.0, 1383.0, 1444.0, 1505.0, 1565.0, 1626.0, 1687.0, 1748.0], "MaxMoveSpeed": [700.0], "VisionRadius": [5000.0], "CXPBounty": [550.0], "CXPSpawnTime": [1.5], "GainXPFromKills": [1.0], "MaxCardLevel": [20.0], "MaxLevel": [20.0], "XPBounty": [55.0, 66.96094512939453, 78.8006591796875, 90.35697174072266, 101.83509063720703, 135.3509063720703, 148.71578979492188, 162.11434936523438, 175.35400390625, 182.0854949951172, 220.5879669189453, 228.08668518066406, 235.84031677246094, 243.85751342773438, 252.1472625732422, 297.96435546875, 308.0934143066406, 318.5668029785156, 329.396240234375, 340.59381103515625], "XPToLevel": [110.0, 133.92189025878906, 157.601318359375, 180.7139434814453, 203.67018127441406, 225.5848388671875, 247.8596649169922, 270.1905822753906, 292.2566833496094, 303.475830078125, 315.12567138671875, 325.8381042480469, 336.91473388671875, 348.3678894042969, 360.21038818359375, 372.4554443359375, 385.11676025390625, 398.2085266113281, 411.74530029296875, 425.74224853515625]}}