{"Abilities": {"Alternate": {"Cooldown": [5.0, 5.0, 5.0, 5.0], "Cost": [-40.0, -40.0, -40.0, -40.0], "Stacks.Count": [3.0, 3.0, 3.0, 3.0], "ARC": [1.25, 1.25, 1.25, 1.25], "BasePower": [70.0, 105.0, 140.0, 175.0], "Slow": [-0.30000001192092896, -0.3799999952316284, -0.46000000834465027, -0.5400000214576721], "SlowDuration": [2.0, 2.0, 2.0, 2.0], "Stun": [0.25, 0.25, 0.25, 0.25]}, "Primary": {"Cooldown": [7.0, 7.0, 7.0, 7.0], "Cost": [-45.0, -45.0, -45.0, -45.0], "ARC": [0.0, 0.0, 0.0, 0.0], "Attacks": [5.0, 5.0, 5.0, 5.0], "BasePower": [0.0, 0.0, 0.0, 0.0], "BuffDuration": [3.0, 3.0, 3.0, 3.0], "DamageMultiplier": [0.550000011920929, 0.625, 0.699999988079071, 0.7749999761581421]}, "Secondary": {"Cooldown": [1.0, 1.0, 1.0, 1.0], "Cost": [0.0, 0.0, 0.0, 0.0], "ARC": [0.0, 0.0, 0.0, 0.0], "BasePower": [0.0, 0.0, 0.0, 0.0], "HealthRegeneration": [0.8999999761581421, 1.7999999523162842, 2.700000047683716, 3.5999999046325684], "StacksDuration": [1.5, 1.5, 1.5, 1.5]}, "Ultimate": {"Cooldown": [90.0, 70.0, 50.0], "Cost": [-75.0, -100.0, -125.0], "Slow.Duration": [1.0, 1.0, 1.0], "Slow.Magnitude": [-100.0, -100.0, -100.0], "Stacks.Count": [6.0, 6.0, 6.0], "ARC": [3.130000114440918, 3.130000114440918, 3.130000114440918], "BasePower": [263.0, 351.0, 439.0]}}, "Stats": {"AbilityPenetrationRating": [0.0], "AttackRating": [0.0], "AttackSpeedRating": [100.0, 101.30000305175781, 102.69999694824219, 104.0999984741211, 105.4000015258789, 106.80000305175781, 108.0999984741211, 109.5, 110.80000305175781, 112.19999694824219, 113.5, 114.80000305175781, 116.19999694824219, 117.5999984741211, 118.9000015258789, 120.30000305175781, 121.5999984741211, 123.0, 124.30000305175781, 125.69999694824219], "BaseAttackTime": [0.8500000238418579], "BasicPenetrationRating": [0.0], "CleaveRating": [0.10000000149011612], "CriticalDamageBonus": [1.0], "LeftClickARC": [1.0], "LeftClickBasePower": [64.80000305175781, 68.19999694824219, 71.5, 74.9000015258789, 78.30000305175781, 81.69999694824219, 85.0, 88.4000015258789, 91.80000305175781, 95.19999694824219, 98.5, 101.9000015258789, 105.30000305175781, 108.69999694824219, 112.0999984741211, 115.4000015258789, 118.80000305175781, 122.19999694824219, 125.5999984741211, 128.89999389648438], "Energy": [248.0, 260.0, 272.0, 284.0, 296.0, 308.0, 320.0, 332.0, 344.0, 356.0, 368.0, 380.0, 392.0, 404.0, 416.0, 428.0, 440.0, 452.0, 464.0, 476.0], "EnergyRegenRate": [1.2300000190734863, 1.2699999809265137, 1.309999942779541, 1.350000023841858, 1.3899999856948853, 1.4299999475479126, 1.4700000286102295, 1.5099999904632568, 1.5499999523162842, 1.590000033378601, 1.6299999952316284, 1.6699999570846558, 1.7100000381469727, 1.75, 1.7899999618530273, 1.8300000429153442, 1.8700000047683716, 1.909999966621399, 1.9500000476837158, 1.9900000095367432], "MaxEnergy": [248.0, 260.0, 272.0, 284.0, 296.0, 308.0, 320.0, 332.0, 344.0, 356.0, 368.0, 380.0, 392.0, 404.0, 416.0, 428.0, 440.0, 452.0, 464.0, 476.0], "AbilityResistanceRating": [30.0], "BasicResistanceRating": [19.600000381469727, 23.399999618530273, 27.100000381469727, 30.799999237060547, 34.5, 38.20000076293945, 42.0, 45.70000076293945, 49.400001525878906, 53.099998474121094, 56.79999923706055, 60.599998474121094, 64.30000305175781, 68.0, 71.69999694824219, 75.4000015258789, 79.19999694824219, 82.9000015258789, 86.5999984741211, 90.30000305175781], "CriticallyWoundedThresholdPCT": [0.25], "Health": [645.0, 717.0, 788.0, 860.0, 932.0, 1004.0, 1075.0, 1147.0, 1219.0, 1291.0, 1362.0, 1434.0, 1506.0, 1578.0, 1649.0, 1721.0, 1793.0, 1865.0, 1936.0, 2008.0], "HealthRegenRate": [1.0700000524520874, 1.190000057220459, 1.309999942779541, 1.4299999475479126, 1.5499999523162842, 1.6699999570846558, 1.7899999618530273, 1.909999966621399, 2.0299999713897705, 2.1500000953674316, 2.2699999809265137, 2.390000104904175, 2.509999990463257, 2.630000114440918, 2.75, 2.869999885559082, 2.990000009536743, 3.109999895095825, 3.2300000190734863, 3.3499999046325684], "MaxHealth": [645.0, 717.0, 788.0, 860.0, 932.0, 1004.0, 1075.0, 1147.0, 1219.0, 1291.0, 1362.0, 1434.0, 1506.0, 1578.0, 1649.0, 1721.0, 1793.0, 1865.0, 1936.0, 2008.0], "MaxMoveSpeed": [660.0], "VisionRadius": [5000.0], "CXPBounty": [550.0], "CXPSpawnTime": [1.5], "GainXPFromKills": [1.0], "MaxCardLevel": [20.0], "MaxLevel": [20.0], "XPBounty": [38.5, 51.10177230834961, 65.11422729492188, 80.37014770507812, 97.01132202148438, 114.57335662841797, 133.71376037597656, 154.2930450439453, 176.12310791015625, 192.4675750732422, 209.80735778808594, 227.22921752929688, 245.59310913085938, 264.94293212890625, 285.32452392578125, 306.7856750488281, 329.3761901855469, 353.1480712890625, 378.1555480957031, 404.45513916015625], "XPToLevel": [110.0, 133.92189025878906, 157.601318359375, 180.7139434814453, 203.67018127441406, 225.5848388671875, 247.8596649169922, 270.1905822753906, 292.2566833496094, 303.475830078125, 315.12567138671875, 325.8381042480469, 336.91473388671875, 348.3678894042969, 360.21038818359375, 372.4554443359375, 385.11676025390625, 398.2085266113281, 411.74530029296875, 425.74224853515625]}}