{"Abilities": {"Alternate": {"Cooldown": [5.0, 5.0, 5.0, 5.0], "Cost": [-65.0, -65.0, -65.0, -65.0], "Stacks.Count": [3.0, 3.0, 3.0, 3.0], "ARC": [1.25, 1.25, 1.25, 1.25], "BasePower": [70.0, 105.0, 140.0, 175.0], "Slow": [-200.0, -250.0, -300.0, -350.0], "SlowDuration": [1.0, 1.0, 1.0, 1.0], "Stun": [0.25, 0.25, 0.25, 0.25]}, "Primary": {"Cooldown": [7.0, 7.0, 7.0, 7.0], "Cost": [-65.0, -65.0, -65.0, -65.0], "ARC": [0.0, 0.0, 0.0, 0.0], "Attacks": [5.0, 5.0, 5.0, 5.0], "BasePower": [0.0, 0.0, 0.0, 0.0], "BuffDuration": [3.0, 3.0, 3.0, 3.0], "DamageMultiplier": [0.550000011920929, 0.625, 0.699999988079071, 0.7749999761581421]}, "Secondary": {"Cooldown": [1.0, 1.0, 1.0, 1.0], "Cost": [0.0, 0.0, 0.0, 0.0], "ARC": [0.0, 0.0, 0.0, 0.0], "BasePower": [0.0, 0.0, 0.0, 0.0], "HealthRegeneration": [0.8999999761581421, 1.7999999523162842, 2.700000047683716, 3.5999999046325684], "StacksDuration": [2.0, 2.0, 2.0, 2.0]}, "Ultimate": {"Cooldown": [90.0, 70.0, 50.0], "Cost": [-75.0, -100.0, -125.0], "Slow.Duration": [1.0, 1.0, 1.0], "Slow.Magnitude": [-100.0, -100.0, -100.0], "Stacks.Count": [6.0, 6.0, 6.0], "ARC": [3.130000114440918, 3.130000114440918, 3.130000114440918], "BasePower": [263.0, 351.0, 439.0]}}, "Stats": {"AbilityPenetrationRating": [0.0], "AttackRating": [0.0], "AttackSpeedRating": [100.0, 101.30000305175781, 102.69999694824219, 104.0999984741211, 105.4000015258789, 106.80000305175781, 108.0999984741211, 109.5, 110.80000305175781, 112.19999694824219, 113.5, 114.80000305175781, 116.19999694824219, 117.5999984741211, 118.9000015258789, 120.30000305175781, 121.5999984741211, 123.0, 124.30000305175781, 125.69999694824219], "BaseAttackTime": [0.8500000238418579], "BasicPenetrationRating": [0.0], "CleaveRating": [0.10000000149011612], "CriticalDamageBonus": [1.0], "LeftClickARC": [1.0], "LeftClickBasePower": [59.400001525878906, 63.0, 66.69999694824219, 70.30000305175781, 74.0, 77.5999984741211, 81.30000305175781, 84.9000015258789, 88.5999984741211, 92.19999694824219, 95.9000015258789, 99.5, 103.0999984741211, 106.80000305175781, 110.4000015258789, 114.0999984741211, 117.69999694824219, 121.4000015258789, 125.0, 128.6999969482422], "Energy": [248.0, 260.0, 272.0, 284.0, 296.0, 308.0, 320.0, 332.0, 344.0, 356.0, 368.0, 380.0, 392.0, 404.0, 416.0, 428.0, 440.0, 452.0, 464.0, 476.0], "EnergyRegenRate": [1.2300000190734863, 1.2699999809265137, 1.309999942779541, 1.350000023841858, 1.3899999856948853, 1.4299999475479126, 1.4700000286102295, 1.5099999904632568, 1.5499999523162842, 1.590000033378601, 1.6299999952316284, 1.6699999570846558, 1.7100000381469727, 1.75, 1.7899999618530273, 1.8300000429153442, 1.8700000047683716, 1.909999966621399, 1.9500000476837158, 1.9900000095367432], "MaxEnergy": [248.0, 260.0, 272.0, 284.0, 296.0, 308.0, 320.0, 332.0, 344.0, 356.0, 368.0, 380.0, 392.0, 404.0, 416.0, 428.0, 440.0, 452.0, 464.0, 476.0], "AbilityResistanceRating": [25.0], "BasicResistanceRating": [27.700000762939453, 31.0, 34.20000076293945, 37.400001525878906, 40.70000076293945, 43.900001525878906, 47.20000076293945, 50.400001525878906, 53.599998474121094, 56.900001525878906, 60.099998474121094, 63.400001525878906, 66.5999984741211, 69.80000305175781, 73.0999984741211, 76.30000305175781, 79.5999984741211, 82.80000305175781, 86.0, 89.30000305175781], "CriticallyWoundedThresholdPCT": [0.25], "Health": [645.0, 717.0, 788.0, 860.0, 932.0, 1004.0, 1075.0, 1147.0, 1219.0, 1291.0, 1362.0, 1434.0, 1506.0, 1578.0, 1649.0, 1721.0, 1793.0, 1865.0, 1936.0, 2008.0], "HealthRegenRate": [1.0700000524520874, 1.190000057220459, 1.309999942779541, 1.4299999475479126, 1.5499999523162842, 1.6699999570846558, 1.7899999618530273, 1.909999966621399, 2.0299999713897705, 2.1500000953674316, 2.2699999809265137, 2.390000104904175, 2.509999990463257, 2.630000114440918, 2.75, 2.869999885559082, 2.990000009536743, 3.109999895095825, 3.2300000190734863, 3.3499999046325684], "MaxHealth": [645.0, 717.0, 788.0, 860.0, 932.0, 1004.0, 1075.0, 1147.0, 1219.0, 1291.0, 1362.0, 1434.0, 1506.0, 1578.0, 1649.0, 1721.0, 1793.0, 1865.0, 1936.0, 2008.0], "MaxMoveSpeed": [700.0], "VisionRadius": [5000.0], "CXPBounty": [550.0], "CXPSpawnTime": [1.5], "GainXPFromKills": [1.0], "MaxCardLevel": [20.0], "MaxLevel": [20.0], "XPBounty": [55.0, 66.96094512939453, 78.8006591796875, 90.35697174072266, 101.83509063720703, 135.3509063720703, 148.71578979492188, 162.11434936523438, 175.35400390625, 182.0854949951172, 220.5879669189453, 228.08668518066406, 235.84031677246094, 243.85751342773438, 252.1472625732422, 297.96435546875, 308.0934143066406, 318.5668029785156, 329.396240234375, 340.59381103515625], "XPToLevel": [110.0, 133.92189025878906, 157.601318359375, 180.7139434814453, 203.67018127441406, 225.5848388671875, 247.8596649169922, 270.1905822753906, 292.2566833496094, 303.475830078125, 315.12567138671875, 325.8381042480469, 336.91473388671875, 348.3678894042969, 360.21038818359375, 372.4554443359375, 385.11676025390625, 398.2085266113281, 411.74530029296875, 425.74224853515625]}}