{"Abilities": {"Alternate": {"Cooldown": [5.0, 5.0, 5.0, 5.0], "Cost": [-65.0, -65.0, -65.0, -65.0], "Stacks.Count": [3.0, 3.0, 3.0, 3.0], "ARC": [1.2535713911056519, 1.2535713911056519, 1.2535713911056519, 1.2535713911056519], "BasePower": [70.19999694824219, 105.30000305175781, 140.39999389648438, 175.5], "Slow": [-200.0, -250.0, -300.0, -350.0], "SlowDuration": [1.0, 1.0, 1.0, 1.0], "Stun": [0.25, 0.25, 0.25, 0.25]}, "Primary": {"Cooldown": [7.0, 7.0, 7.0, 7.0], "Cost": [-65.0, -65.0, -65.0, -65.0], "ARC": [0.0, 0.0, 0.0, 0.0], "Attacks": [5.0, 5.0, 5.0, 5.0], "BasePower": [0.0, 0.0, 0.0, 0.0], "BuffDuration": [3.0, 3.0, 3.0, 3.0], "DamageMultiplier": [0.550000011920929, 0.625, 0.699999988079071, 0.7749999761581421]}, "Secondary": {"Cooldown": [1.0, 1.0, 1.0, 1.0], "Cost": [0.0, 0.0, 0.0, 0.0], "ARC": [0.0, 0.0, 0.0, 0.0], "BasePower": [0.0, 0.0, 0.0, 0.0], "HealthRegeneration": [0.8999999761581421, 1.7999999523162842, 2.700000047683716, 3.5999999046325684], "StacksDuration": [2.0, 2.0, 2.0, 2.0]}, "Ultimate": {"Cooldown": [90.0, 70.0, 50.0], "Cost": [-75.0, -100.0, -125.0], "Slow.Duration": [1.0, 1.0, 1.0], "Slow.Magnitude": [-100.0, -100.0, -100.0], "Stacks.Count": [6.0, 6.0, 6.0], "ARC": [3.1339285373687744, 3.1339285373687744, 3.1339285373687744], "BasePower": [263.25, 351.0, 438.75]}}, "Stats": {"AbilityPenetrationRating": [0.0], "AttackRating": [0.0], "AttackSpeedRating": [100.0, 101.3499984741211, 102.69999694824219, 104.05000305175781, 105.4000015258789, 106.75, 108.0999984741211, 109.44999694824219, 110.80000305175781, 112.1500015258789, 113.5, 114.8499984741211, 116.19999694824219, 117.55000305175781, 118.9000015258789, 120.25, 121.5999984741211, 122.94999694824219, 124.30000305175781, 125.6500015258789], "BaseAttackTime": [0.8500000238418579], "BasicPenetrationRating": [0.0], "CleaveRating": [0.10000000149011612], "CriticalDamageBonus": [1.0], "LeftClickARC": [1.0], "LeftClickBasePower": [59.400001525878906, 63.04499816894531, 66.69000244140625, 70.33499908447266, 73.9800033569336, 77.625, 81.2699966430664, 84.91500091552734, 88.55999755859375, 92.20500183105469, 95.8499984741211, 99.49500274658203, 103.13999938964844, 106.78500366210938, 110.43000030517578, 114.07499694824219, 117.72000122070312, 121.36499786376953, 125.01000213623047, 128.65499877929688], "Energy": [248.39999389648438, 260.3999938964844, 272.3999938964844, 284.3999938964844, 296.3999938964844, 308.3999938964844, 320.3999938964844, 332.3999938964844, 344.3999938964844, 356.3999938964844, 368.3999938964844, 380.3999938964844, 392.3999938964844, 404.3999938964844, 416.3999938964844, 428.3999938964844, 440.3999938964844, 452.3999938964844, 464.3999938964844, 476.3999938964844], "EnergyRegenRate": [1.2280000448226929, 1.2680000066757202, 1.3079999685287476, 1.3480000495910645, 1.3880000114440918, 1.4279999732971191, 1.468000054359436, 1.5080000162124634, 1.5479999780654907, 1.5880000591278076, 1.628000020980835, 1.6679999828338623, 1.7079999446868896, 1.7480000257492065, 1.7879999876022339, 1.8279999494552612, 1.8680000305175781, 1.9079999923706055, 1.9479999542236328, 1.9880000352859497], "MaxEnergy": [248.39999389648438, 260.3999938964844, 272.3999938964844, 284.3999938964844, 296.3999938964844, 308.3999938964844, 320.3999938964844, 332.3999938964844, 344.3999938964844, 356.3999938964844, 368.3999938964844, 380.3999938964844, 392.3999938964844, 404.3999938964844, 416.3999938964844, 428.3999938964844, 440.3999938964844, 452.3999938964844, 464.3999938964844, 476.3999938964844], "AbilityResistanceRating": [25.0], "BasicResistanceRating": [27.719999313354492, 30.959999084472656, 34.20000076293945, 37.439998626708984, 40.68000030517578, 43.91999816894531, 47.15999984741211, 50.400001525878906, 53.63999938964844, 56.880001068115234, 60.119998931884766, 63.36000061035156, 66.5999984741211, 69.83999633789062, 73.08000183105469, 76.31999969482422, 79.55999755859375, 82.80000305175781, 86.04000091552734, 89.27999877929688], "CriticallyWoundedThresholdPCT": [0.25], "Health": [644.7459716796875, 716.5059814453125, 788.2659912109375, 860.0260009765625, 931.7860107421875, 1003.5460205078125, 1075.3060302734375, 1147.0660400390625, 1218.8260498046875, 1290.5860595703125, 1362.345947265625, 1434.10595703125, 1505.865966796875, 1577.6259765625, 1649.385986328125, 1721.14599609375, 1792.906005859375, 1864.666015625, 1936.426025390625, 2008.18603515625], "HealthRegenRate": [1.0745766162872314, 1.1941766738891602, 1.3137766122817993, 1.433376669883728, 1.5529766082763672, 1.672576665878296, 1.7921767234802246, 1.9117766618728638, 2.031376600265503, 2.1509766578674316, 2.2705767154693604, 2.390176773071289, 2.5097765922546387, 2.6293766498565674, 2.748976707458496, 2.868576765060425, 2.9881765842437744, 3.107776641845703, 3.227376699447632, 3.3469767570495605], "MaxHealth": [644.7459716796875, 716.5059814453125, 788.2659912109375, 860.0260009765625, 931.7860107421875, 1003.5460205078125, 1075.3060302734375, 1147.0660400390625, 1218.8260498046875, 1290.5860595703125, 1362.345947265625, 1434.10595703125, 1505.865966796875, 1577.6259765625, 1649.385986328125, 1721.14599609375, 1792.906005859375, 1864.666015625, 1936.426025390625, 2008.18603515625], "MaxMoveSpeed": [700.0], "VisionRadius": [5000.0], "CXPBounty": [455.0], "CXPSpawnTime": [1.5], "GainXPFromKills": [1.0], "MaxCardLevel": [20.0], "MaxLevel": [20.0], "XPBounty": [55.0, 66.96094512939453, 78.8006591796875, 90.35697174072266, 101.83509063720703, 135.3509063720703, 148.71578979492188, 162.11434936523438, 175.35400390625, 182.0854949951172, 220.5879669189453, 228.08668518066406, 235.84031677246094, 243.85751342773438, 252.1472625732422, 297.96435546875, 308.0934143066406, 318.5668029785156, 329.396240234375, 340.59381103515625], "XPToLevel": [110.0, 133.92189025878906, 157.601318359375, 180.7139434814453, 203.67018127441406, 225.5848388671875, 247.8596649169922, 270.1905822753906, 292.2566833496094, 303.475830078125, 315.12567138671875, 325.8381042480469, 336.91473388671875, 348.3678894042969, 360.21038818359375, 372.4554443359375, 385.11676025390625, 398.2085266113281, 411.74530029296875, 425.74224853515625]}}