{"Abilities": {"Alternate": {"Cooldown": [5.0, 5.0, 5.0, 5.0], "Cost": [-80.0, -65.0, -50.0, -35.0], "Stacks.Count": [3.0, 3.0, 3.0, 3.0], "ARC": [0.25, 0.25, 0.25, 0.25], "BasePower": [55.0, 70.0, 85.0, 100.0], "Slow": [-550.0, -550.0, -550.0, -550.0], "SlowDuration": [1.0, 1.0, 1.0, 1.0], "Stun": [0.25, 0.25, 0.25, 0.25]}, "Primary": {"Cooldown": [10.0, 10.0, 10.0, 10.0], "Cost": [-60.0, -65.0, -70.0, -75.0], "ARC": [0.0, 0.0, 0.0, 0.0], "Attacks": [5.0, 5.0, 5.0, 5.0], "BasePower": [0.0, 0.0, 0.0, 0.0], "BuffDuration": [3.0, 3.0, 3.0, 3.0], "DamageMultiplier": [0.6000000238418579, 0.675000011920929, 0.75, 0.824999988079071]}, "Secondary": {"Cooldown": [1.0, 1.0, 1.0, 1.0], "Cost": [0.0, 0.0, 0.0, 0.0], "ARC": [0.0, 0.0, 0.0, 0.0], "BasePower": [0.0, 0.0, 0.0, 0.0], "HealthRegeneration": [1.0, 1.75, 2.5, 3.25], "StacksDuration": [2.200000047683716, 2.200000047683716, 2.200000047683716, 2.200000047683716]}, "Ultimate": {"Cooldown": [90.0, 70.0, 50.0], "Cost": [-75.0, -75.0, -75.0], "Stacks.Count": [6.0, 6.0, 6.0], "ARC": [0.800000011920929, 0.800000011920929, 0.800000011920929], "BasePower": [250.0, 350.0, 450.0]}}, "Stats": {"AbilityPenetrationRating": [0.0], "AttackRating": [0.0], "AttackSpeedRating": [100.0, 100.60199737548828, 101.2040023803711, 101.80599975585938, 102.40799713134766, 103.01000213623047, 103.61199951171875, 104.21399688720703, 104.81600189208984, 105.41799926757812, 106.0199966430664, 106.62200164794922, 107.2239990234375, 107.82599639892578, 108.4280014038086, 109.02999877929688, 109.63200378417969, 110.23400115966797, 110.83599853515625, 111.43800354003906], "BaseAttackTime": [1.2000000476837158], "BasicPenetrationRating": [0.0], "CleaveRating": [0.20000000298023224], "CriticalDamageBonus": [1.5], "LeftClickARC": [0.6499999761581421], "LeftClickBasePower": [58.0, 59.0, 60.0, 61.0, 62.0, 63.0, 64.0, 65.0, 66.0, 67.0, 68.0, 69.0, 70.0, 71.0, 72.0, 73.0, 74.0, 75.0, 76.0, 77.0], "Energy": [200.0, 236.0, 272.0, 308.0, 344.0, 380.0, 416.0, 452.0, 488.0, 524.0, 560.0, 596.0, 632.0, 668.0, 704.0, 740.0, 776.0, 812.0, 848.0, 884.0], "EnergyRegenRate": [0.699999988079071, 0.7900000214576721, 0.8799999952316284, 0.9700000286102295, 1.059999942779541, 1.149999976158142, 1.2400000095367432, 1.3300000429153442, 1.4199999570846558, 1.5099999904632568, 1.600000023841858, 1.690000057220459, 1.7799999713897705, 1.8700000047683716, 1.9600000381469727, 2.049999952316284, 2.140000104904175, 2.2300000190734863, 2.319999933242798, 2.4100000858306885], "MaxEnergy": [200.0, 236.0, 272.0, 308.0, 344.0, 380.0, 416.0, 452.0, 488.0, 524.0, 560.0, 596.0, 632.0, 668.0, 704.0, 740.0, 776.0, 812.0, 848.0, 884.0], "AbilityResistanceRating": [20.0, 20.75, 21.5, 22.25, 23.0, 23.75, 24.5, 25.25, 26.0, 26.75, 27.5, 28.25, 29.0, 29.75, 30.5, 31.25, 32.0, 32.75, 33.5, 34.25], "BasicResistanceRating": [14.0, 15.25, 16.5, 17.75, 19.0, 20.25, 21.5, 22.75, 24.0, 25.25, 26.5, 27.75, 29.0, 30.25, 31.5, 32.75, 34.0, 35.25, 36.5, 37.75], "CriticallyWoundedThresholdPCT": [0.25], "Health": [585.0, 664.0, 743.0, 822.0, 901.0, 980.0, 1059.0, 1138.0, 1217.0, 1296.0, 1375.0, 1454.0, 1533.0, 1612.0, 1691.0, 1770.0, 1849.0, 1928.0, 2007.0, 2086.0], "HealthRegenRate": [2.0, 2.299999952316284, 2.5999999046325684, 2.9000000953674316, 3.200000047683716, 3.5, 3.799999952316284, 4.099999904632568, 4.400000095367432, 4.699999809265137, 5.0, 5.300000190734863, 5.599999904632568, 5.900000095367432, 6.199999809265137, 6.5, 6.800000190734863, 7.099999904632568, 7.400000095367432, 7.699999809265137], "MaxHealth": [585.0, 664.0, 743.0, 822.0, 901.0, 980.0, 1059.0, 1138.0, 1217.0, 1296.0, 1375.0, 1454.0, 1533.0, 1612.0, 1691.0, 1770.0, 1849.0, 1928.0, 2007.0, 2086.0], "MaxMoveSpeed": [720.0], "VisionRadius": [5000.0], "CXPBounty": [675.0], "CXPSpawnTime": [1.5], "GainXPFromKills": [1.0], "MaxCardLevel": [20.0], "MaxLevel": [15.0], "XPBounty": [49.5, 65.25, 83.25, 101.25, 121.5, 144.0, 166.5, 189.0, 213.75, 238.5, 263.25, 285.75, 306.0, 324.0, 338.8500061035156, 551.4072875976562, 651.6632080078125, 770.1473999023438, 910.1741943359375, 1075.660400390625], "XPToLevel": [110.0, 145.0, 185.0, 225.0, 270.0, 320.0, 370.0, 420.0, 475.0, 530.0, 585.0, 635.0, 680.0, 720.0, 753.0, 1225.349609375, 1448.140380859375, 1711.438720703125, 2022.609375, 2390.3564453125]}}