{"Abilities": {"Alternate": {"Cooldown": [16.0, 14.0, 12.0, 10.0], "Cost": [-60.0, -60.0, -60.0, -60.0], "ARC": [0.0, 0.0, 0.0, 0.0], "BasePower": [0.0, 0.0, 0.0, 0.0], "Slow": [-125.0, -185.0, -245.0, -305.0]}, "Primary": {"Cooldown": [10.0, 10.0, 10.0, 10.0], "Cost": [-100.0, -110.0, -120.0, -130.0], "ARC": [1.2535713911056519, 1.2535713911056519, 1.2535713911056519, 1.2535713911056519], "BasePower": [70.19999694824219, 105.30000305175781, 140.39999389648438, 175.5], "Stun": [0.5, 1.0, 1.5, 2.0], "StunRadius": [180.0, 180.0, 180.0, 180.0]}, "Secondary": {"Cooldown": [10.0, 10.0, 10.0, 10.0], "Cost": [-110.0, -120.0, -130.0, -140.0], "ARC": [1.8803571462631226, 1.8803571462631226, 1.8803571462631226, 1.8803571462631226], "BasePower": [87.75, 140.39999389648438, 193.0500030517578, 245.6999969482422], "Duration": [3.0, 3.0, 3.0, 3.0]}, "Ultimate": {"Cooldown": [160.0, 135.0, 110.0], "Cost": [-150.0, -225.0, -300.0], "ARC": [0.0, 0.0, 0.0], "BasePower": [0.0, 0.0, 0.0], "Duration": [3.0, 4.0, 5.0]}}, "Stats": {"AbilityPenetrationRating": [0.0], "AttackRating": [0.0], "AttackSpeedRating": [100.0], "BaseAttackTime": [0.949999988079071], "BasicPenetrationRating": [0.0], "CleaveRating": [0.0], "CriticalDamageBonus": [1.0], "LeftClickARC": [1.0], "LeftClickBasePower": [52.91999816894531, 54.959999084472656, 57.0, 59.040000915527344, 61.08000183105469, 63.119998931884766, 65.16000366210938, 67.19999694824219, 69.23999786376953, 71.27999877929688, 73.31999969482422, 75.36000061035156, 77.4000015258789, 79.44000244140625, 81.4800033569336, 83.5199966430664, 85.55999755859375, 87.5999984741211, 89.63999938964844, 91.68000030517578], "Energy": [425.1000061035156, 455.1000061035156, 485.1000061035156, 515.0999755859375, 545.0999755859375, 575.0999755859375, 605.0999755859375, 635.0999755859375, 665.0999755859375, 695.0999755859375, 725.0999755859375, 755.0999755859375, 785.0999755859375, 815.0999755859375, 845.0999755859375, 875.0999755859375, 905.0999755859375, 935.0999755859375, 965.0999755859375, 995.0999755859375], "EnergyRegenRate": [1.6670000553131104, 1.7669999599456787, 1.8669999837875366, 1.9670000076293945, 2.066999912261963, 2.1670000553131104, 2.2669999599456787, 2.367000102996826, 2.4670000076293945, 2.566999912261963, 2.6670000553131104, 2.7669999599456787, 2.867000102996826, 2.9670000076293945, 3.066999912261963, 3.1670000553131104, 3.2669999599456787, 3.367000102996826, 3.4670000076293945, 3.566999912261963], "MaxEnergy": [425.1000061035156, 455.1000061035156, 485.1000061035156, 515.0999755859375, 545.0999755859375, 575.0999755859375, 605.0999755859375, 635.0999755859375, 665.0999755859375, 695.0999755859375, 725.0999755859375, 755.0999755859375, 785.0999755859375, 815.0999755859375, 845.0999755859375, 875.0999755859375, 905.0999755859375, 935.0999755859375, 965.0999755859375, 995.0999755859375], "AbilityResistanceRating": [25.0], "BasicResistanceRating": [19.200000762939453, 21.225000381469727, 23.25, 25.274999618530273, 27.299999237060547, 29.325000762939453, 31.350000381469727, 33.375, 35.400001525878906, 37.42499923706055, 39.45000076293945, 41.474998474121094, 43.5, 45.525001525878906, 47.54999923706055, 49.57500076293945, 51.599998474121094, 53.625, 55.650001525878906, 57.67499923706055], "CriticallyWoundedThresholdPCT": [0.25], "Health": [577.5999755859375, 640.0, 702.4000244140625, 764.7999877929688, 827.2000122070312, 889.5999755859375, 952.0, 1014.4000244140625, 1076.800048828125, 1139.199951171875, 1201.5999755859375, 1264.0, 1326.4000244140625, 1388.800048828125, 1451.199951171875, 1513.5999755859375, 1576.0, 1638.4000244140625, 1700.800048828125, 1763.199951171875], "HealthRegenRate": [0.9626666903495789, 1.0666667222976685, 1.1706666946411133, 1.274666666984558, 1.378666639328003, 1.4826666116714478, 1.5866667032241821, 1.690666675567627, 1.7946666479110718, 1.8986666202545166, 2.002666711807251, 2.1066665649414062, 2.2106666564941406, 2.314666748046875, 2.4186666011810303, 2.5226666927337646, 2.626666784286499, 2.7306666374206543, 2.8346667289733887, 2.938666582107544], "MaxHealth": [577.5999755859375, 640.0, 702.4000244140625, 764.7999877929688, 827.2000122070312, 889.5999755859375, 952.0, 1014.4000244140625, 1076.800048828125, 1139.199951171875, 1201.5999755859375, 1264.0, 1326.4000244140625, 1388.800048828125, 1451.199951171875, 1513.5999755859375, 1576.0, 1638.4000244140625, 1700.800048828125, 1763.199951171875], "MaxMoveSpeed": [675.0], "VisionRadius": [5000.0], "CXPBounty": [455.0], "CXPSpawnTime": [1.5], "GainXPFromKills": [1.0], "MaxCardLevel": [20.0], "MaxLevel": [20.0], "XPBounty": [55.0, 66.96094512939453, 78.8006591796875, 90.35697174072266, 101.83509063720703, 135.3509063720703, 148.71578979492188, 162.11434936523438, 175.35400390625, 182.0854949951172, 220.5879669189453, 228.08668518066406, 235.84031677246094, 243.85751342773438, 252.1472625732422, 297.96435546875, 308.0934143066406, 318.5668029785156, 329.396240234375, 340.59381103515625], "XPToLevel": [110.0, 133.92189025878906, 157.601318359375, 180.7139434814453, 203.67018127441406, 225.5848388671875, 247.8596649169922, 270.1905822753906, 292.2566833496094, 303.475830078125, 315.12567138671875, 325.8381042480469, 336.91473388671875, 348.3678894042969, 360.21038818359375, 372.4554443359375, 385.11676025390625, 398.2085266113281, 411.74530029296875, 425.74224853515625]}}