{"Abilities": {"Alternate": {"Cooldown": [5.0, 5.0, 5.0, 5.0], "Cost": [-40.0, -30.0, -20.0, -10.0], "ARC": [0.0, 0.0, 0.0, 0.0], "BasePower": [0.0, 0.0, 0.0, 0.0]}, "Primary": {"Cooldown": [4.0, 4.0, 4.0, 4.0], "Cost": [-40.0, -40.0, -40.0, -40.0], "ARC": [0.0, 0.0, 0.0, 0.0], "BasePower": [0.0, 0.0, 0.0, 0.0], "TripleShotHeroMultiplier": [0.25, 0.30000001192092896, 0.3499999940395355, 0.4000000059604645], "TripleShotMinionMultiplier": [0.4000000059604645, 0.4000000059604645, 0.4000000059604645, 0.4000000059604645]}, "Secondary": {"Cooldown": [10.0, 10.0, 10.0, 10.0], "Cost": [-30.0, -32.0, -34.0, -36.0], "ARC": [0.8399999737739563, 0.8399999737739563, 0.8399999737739563, 0.8399999737739563], "BasePower": [47.0, 70.0, 94.0, 117.0]}, "Ultimate": {"Cooldown": [90.0, 70.0, 50.0], "Cost": [-75.0, -75.0, -75.0], "ARC": [6.429999828338623, 6.429999828338623, 6.429999828338623], "BasePower": [351.0, 562.0, 772.0], "Duration": [3.0, 3.0, 3.0], "MovementSpeed": [-75.0, -75.0, -75.0], "ShotARC": [0.20999999344348907, 0.20999999344348907, 0.20999999344348907], "ShotCount": [30.0, 30.0, 30.0], "ShotDamage": [10.0, 16.0, 22.0]}}, "Stats": {"AbilityPenetrationRating": [0.0], "AttackRating": [0.0], "AttackSpeedRating": [100.0, 102.69999694824219, 105.4000015258789, 108.0999984741211, 110.80000305175781, 113.5, 116.19999694824219, 118.9000015258789, 121.5999984741211, 124.30000305175781, 127.0, 129.6999969482422, 132.39999389648438, 135.10000610351562, 137.8000030517578, 140.5, 143.1999969482422, 145.89999389648438, 148.60000610351562, 151.3000030517578], "BaseAttackTime": [0.800000011920929], "BasicPenetrationRating": [0.0], "CleaveRating": [0.0], "CriticalDamageBonus": [1.0], "LeftClickARC": [1.0], "LeftClickBasePower": [52.400001525878906, 55.79999923706055, 59.20000076293945, 62.599998474121094, 66.0, 69.4000015258789, 72.9000015258789, 76.30000305175781, 79.69999694824219, 83.0999984741211, 86.5, 89.9000015258789, 93.30000305175781, 96.69999694824219, 100.19999694824219, 103.5999984741211, 107.0, 110.4000015258789, 113.80000305175781, 117.19999694824219], "Energy": [264.0, 276.0, 288.0, 300.0, 312.0, 324.0, 336.0, 348.0, 360.0, 372.0, 384.0, 396.0, 408.0, 420.0, 432.0, 444.0, 456.0, 468.0, 480.0, 492.0], "EnergyRegenRate": [1.2799999713897705, 1.3200000524520874, 1.3600000143051147, 1.399999976158142, 1.440000057220459, 1.4800000190734863, 1.5199999809265137, 1.559999942779541, 1.600000023841858, 1.6399999856948853, 1.6799999475479126, 1.7200000286102295, 1.7599999904632568, 1.7999999523162842, 1.840000033378601, 1.8799999952316284, 1.9199999570846558, 1.9600000381469727, 2.0, 2.0399999618530273], "MaxEnergy": [264.0, 276.0, 288.0, 300.0, 312.0, 324.0, 336.0, 348.0, 360.0, 372.0, 384.0, 396.0, 408.0, 420.0, 432.0, 444.0, 456.0, 468.0, 480.0, 492.0], "AbilityResistanceRating": [25.0], "BasicResistanceRating": [17.299999237060547, 19.600000381469727, 21.899999618530273, 24.299999237060547, 26.600000381469727, 28.899999618530273, 31.200000762939453, 33.599998474121094, 35.900001525878906, 38.20000076293945, 40.5, 42.900001525878906, 45.20000076293945, 47.5, 49.79999923706055, 52.20000076293945, 54.5, 56.79999923706055, 59.099998474121094, 61.400001525878906], "CriticallyWoundedThresholdPCT": [0.25], "Health": [574.0, 633.0, 691.0, 749.0, 808.0, 866.0, 925.0, 983.0, 1042.0, 1100.0, 1158.0, 1217.0, 1275.0, 1334.0, 1392.0, 1450.0, 1509.0, 1567.0, 1626.0, 1684.0], "HealthRegenRate": [0.9599999785423279, 1.0499999523162842, 1.149999976158142, 1.25, 1.350000023841858, 1.440000057220459, 1.5399999618530273, 1.6399999856948853, 1.7400000095367432, 1.8300000429153442, 1.9299999475479126, 2.0299999713897705, 2.130000114440918, 2.2200000286102295, 2.319999933242798, 2.4200000762939453, 2.509999990463257, 2.609999895095825, 2.7100000381469727, 2.809999942779541], "MaxHealth": [574.0, 633.0, 691.0, 749.0, 808.0, 866.0, 925.0, 983.0, 1042.0, 1100.0, 1158.0, 1217.0, 1275.0, 1334.0, 1392.0, 1450.0, 1509.0, 1567.0, 1626.0, 1684.0], "MaxMoveSpeed": [705.0], "VisionRadius": [5000.0], "CXPBounty": [550.0], "CXPSpawnTime": [1.5], "GainXPFromKills": [1.0], "MaxCardLevel": [20.0], "MaxLevel": [20.0], "XPBounty": [55.0, 66.96094512939453, 78.8006591796875, 90.35697174072266, 101.83509063720703, 135.3509063720703, 148.71578979492188, 162.11434936523438, 175.35400390625, 182.0854949951172, 220.5879669189453, 228.08668518066406, 235.84031677246094, 243.85751342773438, 252.1472625732422, 297.96435546875, 308.0934143066406, 318.5668029785156, 329.396240234375, 340.59381103515625], "XPToLevel": [110.0, 133.92189025878906, 157.601318359375, 180.7139434814453, 203.67018127441406, 225.5848388671875, 247.8596649169922, 270.1905822753906, 292.2566833496094, 303.475830078125, 315.12567138671875, 325.8381042480469, 336.91473388671875, 348.3678894042969, 360.21038818359375, 372.4554443359375, 385.11676025390625, 398.2085266113281, 411.74530029296875, 425.74224853515625]}}