{"Abilities": {"Alternate": {"Cooldown": [1.0, 1.0, 1.0, 1.0], "Cost": [-35.0, -35.0, -35.0, -35.0], "Cooldown.Charge": [10.0, 10.0, 10.0, 10.0], "Slow.Duration": [1.0, 1.0, 1.0, 1.0], "Slow.Magnitude": [-0.14000000059604645, -0.18000000715255737, -0.2199999988079071, -0.25999999046325684], "ARC": [0.8399999737739563, 0.8399999737739563, 0.8399999737739563, 0.8399999737739563], "BasePower": [53.0, 76.0, 99.0, 123.0]}, "Primary": {"Cooldown": [0.0, 0.0, 0.0, 0.0], "Cost": [0.0, 0.0, 0.0, 0.0], "Buff.Timeout": [10.0, 10.0, 10.0, 10.0], "Damage.BonusPCT": [0.10000000149011612, 0.15000000596046448, 0.20000000298023224, 0.25], "Shot.Count": [12.0, 12.0, 12.0, 12.0], "ARC": [0.0, 0.0, 0.0, 0.0], "BasePower": [0.0, 0.0, 0.0, 0.0]}, "Secondary": {"Cooldown": [5.0, 5.0, 5.0, 5.0], "Cost": [-40.0, -30.0, -20.0, -10.0], "GrenadeRefund.Count": [1.0, 1.0, 1.0, 1.0], "ARC": [0.0, 0.0, 0.0, 0.0], "BasePower": [0.0, 0.0, 0.0, 0.0]}, "Ultimate": {"Cooldown": [90.0, 70.0, 50.0], "Cost": [-75.0, -75.0, -75.0], "ARC": [7.519999980926514, 7.519999980926514, 7.519999980926514], "BasePower": [438.0, 684.0, 931.0], "ShotARC": [0.3799999952316284, 0.3799999952316284, 0.3799999952316284], "ShotCount": [20.0, 20.0, 20.0], "ShotDamage": [19.0, 29.0, 40.0]}}, "Stats": {"AbilityPenetrationRating": [0.0], "AttackRating": [0.0], "AttackSpeedRating": [145.0, 145.89999389648438, 146.8000030517578, 147.6999969482422, 148.60000610351562, 149.5, 150.39999389648438, 151.3000030517578, 152.1999969482422, 153.10000610351562, 154.0, 154.89999389648438, 155.8000030517578, 156.6999969482422, 157.60000610351562, 158.5, 159.39999389648438, 160.3000030517578, 161.1999969482422, 162.10000610351562], "BaseAttackTime": [0.800000011920929], "BasicPenetrationRating": [0.0], "CleaveRating": [0.0], "CriticalDamageBonus": [1.0], "LeftClickARC": [1.0], "LeftClickBasePower": [40.0, 42.900001525878906, 45.79999923706055, 48.70000076293945, 51.70000076293945, 54.599998474121094, 57.5, 60.400001525878906, 63.400001525878906, 66.30000305175781, 69.19999694824219, 72.0999984741211, 75.0999984741211, 78.0, 80.9000015258789, 83.80000305175781, 86.80000305175781, 89.69999694824219, 92.5999984741211, 95.5], "Energy": [264.0, 276.0, 288.0, 300.0, 312.0, 324.0, 336.0, 348.0, 360.0, 372.0, 384.0, 396.0, 408.0, 420.0, 432.0, 444.0, 456.0, 468.0, 480.0, 492.0], "EnergyRegenRate": [1.2799999713897705, 1.3200000524520874, 1.3600000143051147, 1.399999976158142, 1.440000057220459, 1.4800000190734863, 1.5199999809265137, 1.559999942779541, 1.600000023841858, 1.6399999856948853, 1.6799999475479126, 1.7200000286102295, 1.7599999904632568, 1.7999999523162842, 1.840000033378601, 1.8799999952316284, 1.9199999570846558, 1.9600000381469727, 2.0, 2.0399999618530273], "MaxEnergy": [264.0, 276.0, 288.0, 300.0, 312.0, 324.0, 336.0, 348.0, 360.0, 372.0, 384.0, 396.0, 408.0, 420.0, 432.0, 444.0, 456.0, 468.0, 480.0, 492.0], "AbilityResistanceRating": [30.0], "BasicResistanceRating": [12.199999809265137, 14.899999618530273, 17.600000381469727, 20.200000762939453, 22.899999618530273, 25.600000381469727, 28.299999237060547, 30.899999618530273, 33.599998474121094, 36.29999923706055, 38.900001525878906, 41.599998474121094, 44.29999923706055, 46.900001525878906, 49.599998474121094, 52.29999923706055, 54.900001525878906, 57.599998474121094, 60.29999923706055, 63.0], "CriticallyWoundedThresholdPCT": [0.25], "Health": [574.0, 633.0, 691.0, 749.0, 808.0, 866.0, 925.0, 983.0, 1042.0, 1100.0, 1158.0, 1217.0, 1275.0, 1334.0, 1392.0, 1450.0, 1509.0, 1567.0, 1626.0, 1684.0], "HealthRegenRate": [0.9599999785423279, 1.0499999523162842, 1.149999976158142, 1.25, 1.350000023841858, 1.440000057220459, 1.5399999618530273, 1.6399999856948853, 1.7400000095367432, 1.8300000429153442, 1.9299999475479126, 2.0299999713897705, 2.130000114440918, 2.2200000286102295, 2.319999933242798, 2.4200000762939453, 2.509999990463257, 2.609999895095825, 2.7100000381469727, 2.809999942779541], "MaxHealth": [574.0, 633.0, 691.0, 749.0, 808.0, 866.0, 925.0, 983.0, 1042.0, 1100.0, 1158.0, 1217.0, 1275.0, 1334.0, 1392.0, 1450.0, 1509.0, 1567.0, 1626.0, 1684.0], "MaxMoveSpeed": [665.0], "VisionRadius": [5000.0], "CXPBounty": [550.0], "CXPSpawnTime": [1.5], "GainXPFromKills": [1.0], "MaxCardLevel": [20.0], "MaxLevel": [20.0], "XPBounty": [38.5, 51.10177230834961, 65.11422729492188, 80.37014770507812, 97.01132202148438, 114.57335662841797, 133.71376037597656, 154.2930450439453, 176.12310791015625, 192.4675750732422, 209.80735778808594, 227.22921752929688, 245.59310913085938, 264.94293212890625, 285.32452392578125, 306.7856750488281, 329.3761901855469, 353.1480712890625, 378.1555480957031, 404.45513916015625], "XPToLevel": [110.0, 133.92189025878906, 157.601318359375, 180.7139434814453, 203.67018127441406, 225.5848388671875, 247.8596649169922, 270.1905822753906, 292.2566833496094, 303.475830078125, 315.12567138671875, 325.8381042480469, 336.91473388671875, 348.3678894042969, 360.21038818359375, 372.4554443359375, 385.11676025390625, 398.2085266113281, 411.74530029296875, 425.74224853515625]}}