{"Abilities": {"Alternate": {"Cooldown": [4.0, 4.0, 4.0, 4.0], "Cost": [-40.0, -30.0, -20.0, -10.0], "ARC": [0.0, 0.0, 0.0, 0.0], "BasePower": [0.0, 0.0, 0.0, 0.0]}, "Primary": {"Cooldown": [4.0, 4.0, 4.0, 4.0], "Cost": [-40.0, -40.0, -40.0, -40.0], "ARC": [0.0, 0.0, 0.0, 0.0], "BasePower": [0.0, 0.0, 0.0, 0.0], "TripleShotHeroMultiplier": [0.30000001192092896, 0.3499999940395355, 0.4000000059604645, 0.44999998807907104], "TripleShotMinionMultiplier": [0.44999998807907104, 0.44999998807907104, 0.44999998807907104, 0.44999998807907104]}, "Secondary": {"Cooldown": [10.0, 10.0, 10.0, 10.0], "Cost": [-30.0, -32.0, -34.0, -36.0], "ARC": [0.8357142806053162, 0.8357142806053162, 0.8357142806053162, 0.8357142806053162], "BasePower": [46.79999923706055, 70.19999694824219, 93.5999984741211, 117.0]}, "Ultimate": {"Cooldown": [90.0, 70.0, 50.0], "Cost": [-75.0, -75.0, -75.0], "ARC": [6.4285712242126465, 6.4285712242126465, 6.4285712242126465], "BasePower": [351.0, 561.5999755859375, 772.2000122070312], "Duration": [3.0, 3.0, 3.0], "MovementSpeed": [-75.0, -75.0, -75.0], "ShotARC": [0.2142857164144516, 0.2142857164144516, 0.2142857164144516], "ShotCount": [30.0, 30.0, 30.0], "ShotDamage": [10.0, 16.0, 22.0]}}, "Stats": {"AbilityPenetrationRating": [0.0], "AttackRating": [0.0], "AttackSpeedRating": [100.0, 102.69999694824219, 105.4000015258789, 108.0999984741211, 110.80000305175781, 113.5, 116.19999694824219, 118.9000015258789, 121.5999984741211, 124.30000305175781, 127.0, 129.6999969482422, 132.39999389648438, 135.10000610351562, 137.8000030517578, 140.5, 143.1999969482422, 145.89999389648438, 148.60000610351562, 151.3000030517578], "BaseAttackTime": [0.800000011920929], "BasicPenetrationRating": [0.0], "CleaveRating": [0.0], "CriticalDamageBonus": [1.0], "LeftClickARC": [1.0], "LeftClickBasePower": [52.380001068115234, 55.79249954223633, 59.20500183105469, 62.61750030517578, 66.02999877929688, 69.44249725341797, 72.8550033569336, 76.26750183105469, 79.68000030517578, 83.09249877929688, 86.50499725341797, 89.9175033569336, 93.33000183105469, 96.74250030517578, 100.15499877929688, 103.56749725341797, 106.9800033569336, 110.39250183105469, 113.80500030517578, 117.21749877929688], "Energy": [264.0, 276.0, 288.0, 300.0, 312.0, 324.0, 336.0, 348.0, 360.0, 372.0, 384.0, 396.0, 408.0, 420.0, 432.0, 444.0, 456.0, 468.0, 480.0, 492.0], "EnergyRegenRate": [1.2799999713897705, 1.3200000524520874, 1.3600000143051147, 1.399999976158142, 1.440000057220459, 1.4800000190734863, 1.5199999809265137, 1.559999942779541, 1.600000023841858, 1.6399999856948853, 1.6799999475479126, 1.7200000286102295, 1.7599999904632568, 1.7999999523162842, 1.840000033378601, 1.8799999952316284, 1.9199999570846558, 1.9600000381469727, 2.0, 2.0399999618530273], "MaxEnergy": [264.0, 276.0, 288.0, 300.0, 312.0, 324.0, 336.0, 348.0, 360.0, 372.0, 384.0, 396.0, 408.0, 420.0, 432.0, 444.0, 456.0, 468.0, 480.0, 492.0], "AbilityResistanceRating": [25.0], "BasicResistanceRating": [17.280000686645508, 19.604700088500977, 21.929399490356445, 24.254100799560547, 26.578800201416016, 28.903499603271484, 31.228200912475586, 33.55289840698242, 35.877601623535156, 38.202301025390625, 40.527000427246094, 42.85169982910156, 45.17639923095703, 47.5010986328125, 49.825801849365234, 52.1505012512207, 54.47520065307617, 56.79990005493164, 59.12459945678711, 61.44929885864258], "CriticallyWoundedThresholdPCT": [0.25], "Health": [574.27880859375, 632.6851806640625, 691.0916137695312, 749.4979858398438, 807.9044189453125, 866.310791015625, 924.7172241210938, 983.1235961914062, 1041.530029296875, 1099.9364013671875, 1158.3427734375, 1216.7491455078125, 1275.1556396484375, 1333.56201171875, 1391.9683837890625, 1450.374755859375, 1508.78125, 1567.1876220703125, 1625.593994140625, 1684.0003662109375], "HealthRegenRate": [0.9571313261985779, 1.0544753074645996, 1.1518193483352661, 1.2491633892059326, 1.3465073108673096, 1.443851351737976, 1.541195273399353, 1.6385393142700195, 1.735883355140686, 1.833227276802063, 1.9305713176727295, 2.0279152393341064, 2.1252593994140625, 2.2226033210754395, 2.3199472427368164, 2.4172914028167725, 2.5146353244781494, 2.6119792461395264, 2.7093234062194824, 2.8066673278808594], "MaxHealth": [574.27880859375, 632.6851806640625, 691.0916137695312, 749.4979858398438, 807.9044189453125, 866.310791015625, 924.7172241210938, 983.1235961914062, 1041.530029296875, 1099.9364013671875, 1158.3427734375, 1216.7491455078125, 1275.1556396484375, 1333.56201171875, 1391.9683837890625, 1450.374755859375, 1508.78125, 1567.1876220703125, 1625.593994140625, 1684.0003662109375], "MaxMoveSpeed": [705.0], "VisionRadius": [5000.0], "CXPBounty": [455.0], "CXPSpawnTime": [1.5], "GainXPFromKills": [1.0], "MaxCardLevel": [20.0], "MaxLevel": [20.0], "XPBounty": [55.0, 66.96094512939453, 78.8006591796875, 90.35697174072266, 101.83509063720703, 135.3509063720703, 148.71578979492188, 162.11434936523438, 175.35400390625, 182.0854949951172, 220.5879669189453, 228.08668518066406, 235.84031677246094, 243.85751342773438, 252.1472625732422, 297.96435546875, 308.0934143066406, 318.5668029785156, 329.396240234375, 340.59381103515625], "XPToLevel": [110.0, 133.92189025878906, 157.601318359375, 180.7139434814453, 203.67018127441406, 225.5848388671875, 247.8596649169922, 270.1905822753906, 292.2566833496094, 303.475830078125, 315.12567138671875, 325.8381042480469, 336.91473388671875, 348.3678894042969, 360.21038818359375, 372.4554443359375, 385.11676025390625, 398.2085266113281, 411.74530029296875, 425.74224853515625]}}