{"Abilities": {"Alternate": {"Cooldown": [6.0, 6.0, 6.0, 6.0], "Cost": [-90.0, -100.0, -110.0, -120.0], "ARC": [1.6699999570846558, 1.6699999570846558, 1.6699999570846558, 1.6699999570846558], "BasePower": [105.0, 152.0, 199.0, 246.0], "LifeSteal": [0.019999999552965164, 0.029999999329447746, 0.03999999910593033, 0.05000000074505806], "LifeStealHero": [0.10000000149011612, 0.15000000596046448, 0.20000000298023224, 0.25], "LifeStealRate": [1.0, 1.0, 1.0, 1.0]}, "Primary": {"Cooldown": [8.0, 8.0, 8.0, 8.0], "Cost": [-80.0, -80.0, -80.0, -80.0], "ARC": [1.25, 1.25, 1.25, 1.25], "BasePower": [70.0, 105.0, 140.0, 175.0], "Range": [850.0, 850.0, 850.0, 850.0], "ReturnDuration": [3.0, 3.0, 3.0, 3.0], "Slow": [-0.41999998688697815, -0.44999998807907104, -0.47999998927116394, -0.5099999904632568], "SlowDuration": [1.5, 1.5, 1.5, 1.5]}, "Secondary": {"Cooldown": [8.0, 8.0, 8.0, 8.0], "Cost": [-110.0, -120.0, -130.0, -140.0], "ARC": [3.549999952316284, 3.549999952316284, 3.549999952316284, 3.549999952316284], "BasePower": [140.0, 240.0, 339.0, 439.0]}, "Ultimate": {"Cooldown": [100.0, 80.0, 60.0], "Cost": [-120.0, -180.0, -240.0], "ARC": [5.21999979019165, 5.21999979019165, 5.21999979019165], "BasePower": [322.0, 468.0, 614.0], "Duration": [0.75, 0.75, 0.75]}}, "Stats": {"AbilityPenetrationRating": [0.0], "AttackRating": [0.0], "AttackSpeedRating": [100.0], "BaseAttackTime": [0.8999999761581421], "BasicPenetrationRating": [0.0], "CleaveRating": [0.10000000149011612], "CriticalDamageBonus": [1.0], "LeftClickARC": [1.0], "LeftClickBasePower": [52.900001525878906, 55.0, 57.0, 59.0, 61.099998474121094, 63.099998474121094, 65.19999694824219, 67.19999694824219, 69.19999694824219, 71.30000305175781, 73.30000305175781, 75.4000015258789, 77.4000015258789, 79.4000015258789, 81.5, 83.5, 85.5999984741211, 87.5999984741211, 89.5999984741211, 91.69999694824219], "Energy": [390.0, 420.0, 450.0, 480.0, 510.0, 540.0, 570.0, 600.0, 630.0, 660.0, 690.0, 720.0, 750.0, 780.0, 810.0, 840.0, 870.0, 900.0, 930.0, 960.0], "EnergyRegenRate": [1.7000000476837158, 1.7999999523162842, 1.899999976158142, 2.0, 2.0999999046325684, 2.200000047683716, 2.299999952316284, 2.4000000953674316, 2.5, 2.5999999046325684, 2.700000047683716, 2.799999952316284, 2.9000000953674316, 3.0, 3.0999999046325684, 3.200000047683716, 3.299999952316284, 3.4000000953674316, 3.5, 3.5999999046325684], "MaxEnergy": [390.0, 420.0, 450.0, 480.0, 510.0, 540.0, 570.0, 600.0, 630.0, 660.0, 690.0, 720.0, 750.0, 780.0, 810.0, 840.0, 870.0, 900.0, 930.0, 960.0], "AbilityResistanceRating": [30.0], "BasicResistanceRating": [13.600000381469727, 15.899999618530273, 18.299999237060547, 20.600000381469727, 22.899999618530273, 25.200000762939453, 27.600000381469727, 29.899999618530273, 32.20000076293945, 34.5, 36.900001525878906, 39.20000076293945, 41.5, 43.79999923706055, 46.20000076293945, 48.5, 50.79999923706055, 53.099998474121094, 55.5, 57.79999923706055], "CriticallyWoundedThresholdPCT": [0.25], "Health": [520.0, 573.0, 626.0, 679.0, 732.0, 785.0, 838.0, 891.0, 944.0, 997.0, 1050.0, 1103.0, 1156.0, 1209.0, 1262.0, 1315.0, 1368.0, 1422.0, 1475.0, 1528.0], "HealthRegenRate": [0.8700000047683716, 0.949999988079071, 1.0399999618530273, 1.1299999952316284, 1.2200000286102295, 1.309999942779541, 1.399999976158142, 1.4900000095367432, 1.5700000524520874, 1.659999966621399, 1.75, 1.840000033378601, 1.9299999475479126, 2.0199999809265137, 2.0999999046325684, 2.190000057220459, 2.2799999713897705, 2.369999885559082, 2.4600000381469727, 2.549999952316284], "MaxHealth": [520.0, 573.0, 626.0, 679.0, 732.0, 785.0, 838.0, 891.0, 944.0, 997.0, 1050.0, 1103.0, 1156.0, 1209.0, 1262.0, 1315.0, 1368.0, 1422.0, 1475.0, 1528.0], "MaxMoveSpeed": [655.0], "VisionRadius": [5000.0], "CXPBounty": [550.0], "CXPSpawnTime": [1.5], "GainXPFromKills": [1.0], "MaxCardLevel": [20.0], "MaxLevel": [20.0], "XPBounty": [38.5, 51.10177230834961, 65.11422729492188, 80.37014770507812, 97.01132202148438, 114.57335662841797, 133.71376037597656, 154.2930450439453, 176.12310791015625, 192.4675750732422, 209.80735778808594, 227.22921752929688, 245.59310913085938, 264.94293212890625, 285.32452392578125, 306.7856750488281, 329.3761901855469, 353.1480712890625, 378.1555480957031, 404.45513916015625], "XPToLevel": [110.0, 133.92189025878906, 157.601318359375, 180.7139434814453, 203.67018127441406, 225.5848388671875, 247.8596649169922, 270.1905822753906, 292.2566833496094, 303.475830078125, 315.12567138671875, 325.8381042480469, 336.91473388671875, 348.3678894042969, 360.21038818359375, 372.4554443359375, 385.11676025390625, 398.2085266113281, 411.74530029296875, 425.74224853515625]}}