{"Abilities": {"Alternate": {"Cooldown": [6.0, 6.0, 6.0, 6.0], "Cost": [-90.0, -100.0, -110.0, -120.0], "ARC": [1.6714285612106323, 1.6714285612106323, 1.6714285612106323, 1.6714285612106323], "BasePower": [87.75, 134.5500030517578, 181.35000610351562, 228.14999389648438], "LifeSteal": [0.019999999552965164, 0.029999999329447746, 0.03999999910593033, 0.05000000074505806], "LifeStealHero": [0.10000000149011612, 0.15000000596046448, 0.20000000298023224, 0.25], "LifeStealRate": [1.0, 1.0, 1.0, 1.0]}, "Primary": {"Cooldown": [8.0, 8.0, 8.0, 8.0], "Cost": [-80.0, -80.0, -80.0, -80.0], "ARC": [1.2535713911056519, 1.2535713911056519, 1.2535713911056519, 1.2535713911056519], "BasePower": [70.19999694824219, 105.30000305175781, 140.39999389648438, 175.5], "Range": [850.0, 850.0, 850.0, 850.0], "ReturnDuration": [3.0, 3.0, 3.0, 3.0], "Slow": [-125.0, -125.0, -125.0, -125.0], "SlowDuration": [1.0, 1.0, 1.0, 1.0]}, "Secondary": {"Cooldown": [8.0, 8.0, 8.0, 8.0], "Cost": [-110.0, -120.0, -130.0, -140.0], "ARC": [3.551785707473755, 3.551785707473755, 3.551785707473755, 3.551785707473755], "BasePower": [140.39999389648438, 239.85000610351562, 339.29998779296875, 438.75]}, "Ultimate": {"Cooldown": [100.0, 80.0, 60.0], "Cost": [-120.0, -180.0, -240.0], "ARC": [5.223214149475098, 5.223214149475098, 5.223214149475098], "BasePower": [321.75, 468.0, 614.25], "Duration": [0.75, 0.75, 0.75]}}, "Stats": {"AbilityPenetrationRating": [0.0], "AttackRating": [0.0], "AttackSpeedRating": [100.0], "BaseAttackTime": [0.8999999761581421], "BasicPenetrationRating": [0.0], "CleaveRating": [0.10000000149011612], "CriticalDamageBonus": [1.0], "LeftClickARC": [1.0], "LeftClickBasePower": [52.91999816894531, 54.959999084472656, 57.0, 59.040000915527344, 61.08000183105469, 63.119998931884766, 65.16000366210938, 67.19999694824219, 69.23999786376953, 71.27999877929688, 73.31999969482422, 75.36000061035156, 77.4000015258789, 79.44000244140625, 81.4800033569336, 83.5199966430664, 85.55999755859375, 87.5999984741211, 89.63999938964844, 91.68000030517578], "Energy": [390.0, 420.0, 450.0, 480.0, 510.0, 540.0, 570.0, 600.0, 630.0, 660.0, 690.0, 720.0, 750.0, 780.0, 810.0, 840.0, 870.0, 900.0, 930.0, 960.0], "EnergyRegenRate": [1.7000000476837158, 1.7999999523162842, 1.899999976158142, 2.0, 2.0999999046325684, 2.200000047683716, 2.299999952316284, 2.4000000953674316, 2.5, 2.5999999046325684, 2.700000047683716, 2.799999952316284, 2.9000000953674316, 3.0, 3.0999999046325684, 3.200000047683716, 3.299999952316284, 3.4000000953674316, 3.5, 3.5999999046325684], "MaxEnergy": [390.0, 420.0, 450.0, 480.0, 510.0, 540.0, 570.0, 600.0, 630.0, 660.0, 690.0, 720.0, 750.0, 780.0, 810.0, 840.0, 870.0, 900.0, 930.0, 960.0], "AbilityResistanceRating": [25.0], "BasicResistanceRating": [19.200000762939453, 21.225000381469727, 23.25, 25.274999618530273, 27.299999237060547, 29.325000762939453, 31.350000381469727, 33.375, 35.400001525878906, 37.42499923706055, 39.45000076293945, 41.474998474121094, 43.5, 45.525001525878906, 47.54999923706055, 49.57500076293945, 51.599998474121094, 53.625, 55.650001525878906, 57.67499923706055], "CriticallyWoundedThresholdPCT": [0.25], "Health": [519.8400268554688, 572.8800048828125, 625.9199829101562, 678.9600219726562, 732.0, 785.0399780273438, 838.0800170898438, 891.1199951171875, 944.1599731445312, 997.2000122070312, 1050.239990234375, 1103.280029296875, 1156.3199462890625, 1209.3599853515625, 1262.4000244140625, 1315.43994140625, 1368.47998046875, 1421.52001953125, 1474.56005859375, 1527.5999755859375], "HealthRegenRate": [0.8664000034332275, 0.954800009727478, 1.0432000160217285, 1.131600022315979, 1.2200000286102295, 1.30840003490448, 1.3968000411987305, 1.485200047492981, 1.5736000537872314, 1.6619999408721924, 1.7503999471664429, 1.8387999534606934, 1.9271999597549438, 2.0155999660491943, 2.1040000915527344, 2.1923999786376953, 2.2808001041412354, 2.3691999912261963, 2.4576001167297363, 2.5460000038146973], "MaxHealth": [519.8400268554688, 572.8800048828125, 625.9199829101562, 678.9600219726562, 732.0, 785.0399780273438, 838.0800170898438, 891.1199951171875, 944.1599731445312, 997.2000122070312, 1050.239990234375, 1103.280029296875, 1156.3199462890625, 1209.3599853515625, 1262.4000244140625, 1315.43994140625, 1368.47998046875, 1421.52001953125, 1474.56005859375, 1527.5999755859375], "MaxMoveSpeed": [695.0], "VisionRadius": [5000.0], "CXPBounty": [455.0], "CXPSpawnTime": [1.5], "GainXPFromKills": [1.0], "MaxCardLevel": [20.0], "MaxLevel": [20.0], "XPBounty": [55.0, 66.96094512939453, 78.8006591796875, 90.35697174072266, 101.83509063720703, 135.3509063720703, 148.71578979492188, 162.11434936523438, 175.35400390625, 182.0854949951172, 220.5879669189453, 228.08668518066406, 235.84031677246094, 243.85751342773438, 252.1472625732422, 297.96435546875, 308.0934143066406, 318.5668029785156, 329.396240234375, 340.59381103515625], "XPToLevel": [110.0, 133.92189025878906, 157.601318359375, 180.7139434814453, 203.67018127441406, 225.5848388671875, 247.8596649169922, 270.1905822753906, 292.2566833496094, 303.475830078125, 315.12567138671875, 325.8381042480469, 336.91473388671875, 348.3678894042969, 360.21038818359375, 372.4554443359375, 385.11676025390625, 398.2085266113281, 411.74530029296875, 425.74224853515625]}}