{"Abilities": {"Alternate": {"Cooldown": [8.0, 8.0, 8.0, 8.0], "Cost": [-100.0, -110.0, -120.0, -130.0], "ARC": [1.8803571462631226, 1.8803571462631226, 1.8803571462631226, 1.8803571462631226], "BasePower": [87.75, 140.39999389648438, 193.0500030517578, 245.6999969482422], "Stun": [1.0, 1.25, 1.5, 1.75]}, "Primary": {"Cooldown": [12.0, 12.0, 12.0, 12.0], "Cost": [-80.0, -80.0, -80.0, -80.0], "Movespeed.Max.Duration": [4.0, 4.0, 4.0, 4.0], "Movespeed.Max.Magnitude": [125.0, 150.0, 175.0, 200.0], "Movespeed.Stack.Count": [10.0, 10.0, 10.0, 10.0], "Movespeed.Stack.Duration": [0.4000000059604645, 0.4000000059604645, 0.4000000059604645, 0.4000000059604645], "Movespeed.Stack.Magnitude": [12.5, 15.0, 17.5, 20.0], "ARC": [0.0, 0.0, 0.0, 0.0], "BasePower": [0.0, 0.0, 0.0, 0.0]}, "Secondary": {"Cooldown": [1.0, 1.0, 1.0, 1.0], "Cost": [-12.0, -18.0, -24.0, -30.0], "ARC": [0.0, 0.0, 0.0, 0.0], "BasePower": [0.0, 0.0, 0.0, 0.0], "HealthRegen": [24.0, 36.0, 48.0, 60.0]}, "Ultimate": {"Cooldown": [100.0, 85.0, 70.0], "Cost": [-75.0, -100.0, -125.0], "ARC": [5.223214149475098, 5.223214149475098, 5.223214149475098], "BasePower": [351.0, 497.25, 643.5], "Duration": [3.0, 3.0, 3.0], "Slow": [-350.0, -350.0, -350.0]}}, "Stats": {"AbilityPenetrationRating": [0.0], "AttackRating": [0.0], "AttackSpeedRating": [100.0], "BaseAttackTime": [1.0499999523162842], "BasicPenetrationRating": [0.0], "CleaveRating": [0.20000000298023224], "CriticalDamageBonus": [1.0], "LeftClickARC": [1.0], "LeftClickBasePower": [63.50400161743164, 67.58399963378906, 71.66400146484375, 75.74400329589844, 79.8239974975586, 83.90399932861328, 87.98400115966797, 92.06400299072266, 96.14399719238281, 100.2239990234375, 104.30400085449219, 108.38400268554688, 112.46399688720703, 116.54399871826172, 120.6240005493164, 124.7040023803711, 128.78399658203125, 132.86399841308594, 136.94400024414062, 141.0240020751953], "Energy": [312.0, 334.5, 357.0, 379.5, 402.0, 424.5, 447.0, 469.5, 492.0, 514.5, 537.0, 559.5, 582.0, 604.5, 627.0, 649.5, 672.0, 694.5, 717.0, 739.5], "EnergyRegenRate": [1.440000057220459, 1.5149999856948853, 1.590000033378601, 1.6649999618530273, 1.7400000095367432, 1.815000057220459, 1.8899999856948853, 1.965000033378601, 2.0399999618530273, 2.115000009536743, 2.190000057220459, 2.265000104904175, 2.3399999141693115, 2.4149999618530273, 2.490000009536743, 2.565000057220459, 2.640000104904175, 2.7149999141693115, 2.7899999618530273, 2.865000009536743], "MaxEnergy": [312.0, 334.5, 357.0, 379.5, 402.0, 424.5, 447.0, 469.5, 492.0, 514.5, 537.0, 559.5, 582.0, 604.5, 627.0, 649.5, 672.0, 694.5, 717.0, 739.5], "AbilityResistanceRating": [25.0], "BasicResistanceRating": [24.0, 26.53125, 29.0625, 31.59375, 34.125, 36.65625, 39.1875, 41.71875, 44.25, 46.78125, 49.3125, 51.84375, 54.375, 56.90625, 59.4375, 61.96875, 64.5, 67.03125, 69.5625, 72.09375], "CriticallyWoundedThresholdPCT": [0.25], "Health": [693.1199951171875, 764.8800048828125, 836.6400146484375, 908.4000244140625, 980.1599731445312, 1051.9200439453125, 1123.6800537109375, 1195.43994140625, 1267.199951171875, 1338.9599609375, 1410.719970703125, 1482.47998046875, 1554.239990234375, 1626.0, 1697.760009765625, 1769.52001953125, 1841.280029296875, 1913.0400390625, 1984.800048828125, 2056.56005859375], "HealthRegenRate": [0.9626666903495789, 1.0666667222976685, 1.1706666946411133, 1.274666666984558, 1.378666639328003, 1.4826666116714478, 1.5866667032241821, 1.690666675567627, 1.7946666479110718, 1.8986666202545166, 2.002666711807251, 2.1066665649414062, 2.2106666564941406, 2.314666748046875, 2.4186666011810303, 2.5226666927337646, 2.626666784286499, 2.7306666374206543, 2.8346667289733887, 2.938666582107544], "MaxHealth": [693.1199951171875, 764.8800048828125, 836.6400146484375, 908.4000244140625, 980.1599731445312, 1051.9200439453125, 1123.6800537109375, 1195.43994140625, 1267.199951171875, 1338.9599609375, 1410.719970703125, 1482.47998046875, 1554.239990234375, 1626.0, 1697.760009765625, 1769.52001953125, 1841.280029296875, 1913.0400390625, 1984.800048828125, 2056.56005859375], "MaxMoveSpeed": [695.0], "VisionRadius": [5000.0], "CXPBounty": [455.0], "CXPSpawnTime": [1.5], "GainXPFromKills": [1.0], "MaxCardLevel": [20.0], "MaxLevel": [20.0], "XPBounty": [55.0, 66.96094512939453, 78.8006591796875, 90.35697174072266, 101.83509063720703, 135.3509063720703, 148.71578979492188, 162.11434936523438, 175.35400390625, 182.0854949951172, 220.5879669189453, 228.08668518066406, 235.84031677246094, 243.85751342773438, 252.1472625732422, 297.96435546875, 308.0934143066406, 318.5668029785156, 329.396240234375, 340.59381103515625], "XPToLevel": [110.0, 133.92189025878906, 157.601318359375, 180.7139434814453, 203.67018127441406, 225.5848388671875, 247.8596649169922, 270.1905822753906, 292.2566833496094, 303.475830078125, 315.12567138671875, 325.8381042480469, 336.91473388671875, 348.3678894042969, 360.21038818359375, 372.4554443359375, 385.11676025390625, 398.2085266113281, 411.74530029296875, 425.74224853515625]}}