{"Abilities": {"Alternate": {"Cooldown": [8.0, 8.0, 8.0, 8.0], "Cost": [-100.0, -110.0, -120.0, -130.0], "ARC": [1.8799999952316284, 1.8799999952316284, 1.8799999952316284, 1.8799999952316284], "BasePower": [88.0, 140.0, 193.0, 246.0], "Stun": [1.2000000476837158, 1.399999976158142, 1.600000023841858, 1.7999999523162842]}, "Primary": {"Cooldown": [12.0, 12.0, 12.0, 12.0], "Cost": [-80.0, -80.0, -80.0, -80.0], "Movespeed.Max.Duration": [4.0, 4.0, 4.0, 4.0], "Movespeed.Max.Magnitude": [0.25, 0.2800000011920929, 0.3100000023841858, 0.3400000035762787], "Movespeed.Stack.Count": [10.0, 10.0, 10.0, 10.0], "Movespeed.Stack.Duration": [0.4000000059604645, 0.4000000059604645, 0.4000000059604645, 0.4000000059604645], "Movespeed.Stack.Magnitude": [0.02500000037252903, 0.02800000086426735, 0.03099999949336052, 0.03400000184774399], "ARC": [0.0, 0.0, 0.0, 0.0], "BasePower": [0.0, 0.0, 0.0, 0.0]}, "Secondary": {"Cooldown": [1.0, 1.0, 1.0, 1.0], "Cost": [-12.0, -18.0, -24.0, -30.0], "Heal.AoE.PerSecond": [20.0, 30.0, 40.0, 50.0], "Heal.AoE.PerTick": [10.0, 15.0, 20.0, 25.0], "Heal.Self.PerSecond": [20.0, 30.0, 40.0, 50.0], "Heal.Self.PerTick": [10.0, 15.0, 20.0, 25.0], "TickRate": [0.5, 0.5, 0.5, 0.5], "ARC": [0.0, 0.0, 0.0, 0.0], "BasePower": [0.0, 0.0, 0.0, 0.0]}, "Ultimate": {"Cooldown": [100.0, 85.0, 70.0], "Cost": [-75.0, -100.0, -125.0], "Stun.Duration": [1.5, 1.5, 1.5], "ARC": [4.809999942779541, 4.809999942779541, 4.809999942779541], "BasePower": [339.0, 474.0, 608.0], "Duration": [3.0, 3.0, 3.0], "Slow": [-0.5, -0.5, -0.5]}}, "Stats": {"AbilityPenetrationRating": [0.0], "AttackRating": [0.0], "AttackSpeedRating": [100.0], "BaseAttackTime": [1.0499999523162842], "BasicPenetrationRating": [0.0], "CleaveRating": [0.20000000298023224], "CriticalDamageBonus": [1.0], "LeftClickARC": [1.0], "LeftClickBasePower": [63.5, 67.5999984741211, 71.69999694824219, 75.69999694824219, 79.80000305175781, 83.9000015258789, 88.0, 92.0999984741211, 96.0999984741211, 100.19999694824219, 104.30000305175781, 108.4000015258789, 112.5, 116.5, 120.5999984741211, 124.69999694824219, 128.8000030517578, 132.89999389648438, 136.89999389648438, 141.0], "Energy": [312.0, 335.0, 357.0, 380.0, 402.0, 425.0, 447.0, 470.0, 492.0, 515.0, 537.0, 560.0, 582.0, 605.0, 627.0, 650.0, 672.0, 695.0, 717.0, 740.0], "EnergyRegenRate": [1.440000057220459, 1.5199999809265137, 1.590000033378601, 1.6699999570846558, 1.7400000095367432, 1.8200000524520874, 1.8899999856948853, 1.9600000381469727, 2.0399999618530273, 2.109999895095825, 2.190000057220459, 2.259999990463257, 2.3399999141693115, 2.4200000762939453, 2.490000009536743, 2.569999933242798, 2.640000104904175, 2.7200000286102295, 2.7899999618530273, 2.869999885559082], "MaxEnergy": [312.0, 335.0, 357.0, 380.0, 402.0, 425.0, 447.0, 470.0, 492.0, 515.0, 537.0, 560.0, 582.0, 605.0, 627.0, 650.0, 672.0, 695.0, 717.0, 740.0], "AbilityResistanceRating": [30.0], "BasicResistanceRating": [17.0, 19.899999618530273, 22.799999237060547, 25.700000762939453, 28.600000381469727, 31.5, 34.400001525878906, 37.29999923706055, 40.29999923706055, 43.20000076293945, 46.099998474121094, 49.0, 51.900001525878906, 54.79999923706055, 57.70000076293945, 60.599998474121094, 63.5, 66.4000015258789, 69.30000305175781, 72.19999694824219], "CriticallyWoundedThresholdPCT": [0.25], "Health": [693.0, 765.0, 837.0, 908.0, 980.0, 1052.0, 1124.0, 1195.0, 1267.0, 1339.0, 1411.0, 1482.0, 1554.0, 1626.0, 1698.0, 1770.0, 1841.0, 1913.0, 1985.0, 2057.0], "HealthRegenRate": [0.9599999785423279, 1.0700000524520874, 1.1699999570846558, 1.2699999809265137, 1.3799999952316284, 1.4800000190734863, 1.590000033378601, 1.690000057220459, 1.7899999618530273, 1.899999976158142, 2.0, 2.109999895095825, 2.2100000381469727, 2.309999942779541, 2.4200000762939453, 2.5199999809265137, 2.630000114440918, 2.7300000190734863, 2.8299999237060547, 2.940000057220459], "MaxHealth": [693.0, 765.0, 837.0, 908.0, 980.0, 1052.0, 1124.0, 1195.0, 1267.0, 1339.0, 1411.0, 1482.0, 1554.0, 1626.0, 1698.0, 1770.0, 1841.0, 1913.0, 1985.0, 2057.0], "MaxMoveSpeed": [655.0], "VisionRadius": [5000.0], "CXPBounty": [550.0], "CXPSpawnTime": [1.5], "GainXPFromKills": [1.0], "MaxCardLevel": [20.0], "MaxLevel": [20.0], "XPBounty": [38.5, 51.10177230834961, 65.11422729492188, 80.37014770507812, 97.01132202148438, 114.57335662841797, 133.71376037597656, 154.2930450439453, 176.12310791015625, 192.4675750732422, 209.80735778808594, 227.22921752929688, 245.59310913085938, 264.94293212890625, 285.32452392578125, 306.7856750488281, 329.3761901855469, 353.1480712890625, 378.1555480957031, 404.45513916015625], "XPToLevel": [110.0, 133.92189025878906, 157.601318359375, 180.7139434814453, 203.67018127441406, 225.5848388671875, 247.8596649169922, 270.1905822753906, 292.2566833496094, 303.475830078125, 315.12567138671875, 325.8381042480469, 336.91473388671875, 348.3678894042969, 360.21038818359375, 372.4554443359375, 385.11676025390625, 398.2085266113281, 411.74530029296875, 425.74224853515625]}}