{"Abilities": {"Alternate": {"Cooldown": [8.0, 8.0, 8.0, 8.0], "Cost": [-100.0, -110.0, -120.0, -130.0], "ARC": [1.8799999952316284, 1.8799999952316284, 1.8799999952316284, 1.8799999952316284], "BasePower": [88.0, 140.0, 193.0, 246.0], "Stun": [1.0, 1.25, 1.5, 1.75]}, "Primary": {"Cooldown": [12.0, 12.0, 12.0, 12.0], "Cost": [-80.0, -80.0, -80.0, -80.0], "Movespeed.Max.Duration": [4.0, 4.0, 4.0, 4.0], "Movespeed.Max.Magnitude": [125.0, 150.0, 175.0, 200.0], "Movespeed.Stack.Count": [10.0, 10.0, 10.0, 10.0], "Movespeed.Stack.Duration": [0.4000000059604645, 0.4000000059604645, 0.4000000059604645, 0.4000000059604645], "Movespeed.Stack.Magnitude": [12.5, 15.0, 17.5, 20.0], "ARC": [0.0, 0.0, 0.0, 0.0], "BasePower": [0.0, 0.0, 0.0, 0.0]}, "Secondary": {"Cooldown": [1.0, 1.0, 1.0, 1.0], "Cost": [-12.0, -18.0, -24.0, -30.0], "ARC": [0.0, 0.0, 0.0, 0.0], "BasePower": [0.0, 0.0, 0.0, 0.0], "HealthRegen": [20.0, 30.0, 40.0, 50.0]}, "Ultimate": {"Cooldown": [100.0, 85.0, 70.0], "Cost": [-75.0, -100.0, -125.0], "ARC": [4.599999904632568, 4.599999904632568, 4.599999904632568], "BasePower": [322.0, 450.0, 579.0], "Duration": [3.0, 3.0, 3.0], "Slow": [-350.0, -350.0, -350.0]}}, "Stats": {"AbilityPenetrationRating": [0.0], "AttackRating": [0.0], "AttackSpeedRating": [100.0], "BaseAttackTime": [1.0499999523162842], "BasicPenetrationRating": [0.0], "CleaveRating": [0.20000000298023224], "CriticalDamageBonus": [1.0], "LeftClickARC": [1.0], "LeftClickBasePower": [63.5, 67.5999984741211, 71.69999694824219, 75.69999694824219, 79.80000305175781, 83.9000015258789, 88.0, 92.0999984741211, 96.0999984741211, 100.19999694824219, 104.30000305175781, 108.4000015258789, 112.5, 116.5, 120.5999984741211, 124.69999694824219, 128.8000030517578, 132.89999389648438, 136.89999389648438, 141.0], "Energy": [312.0, 335.0, 357.0, 380.0, 402.0, 425.0, 447.0, 470.0, 492.0, 515.0, 537.0, 560.0, 582.0, 605.0, 627.0, 650.0, 672.0, 695.0, 717.0, 740.0], "EnergyRegenRate": [1.440000057220459, 1.5199999809265137, 1.590000033378601, 1.6699999570846558, 1.7400000095367432, 1.8200000524520874, 1.8899999856948853, 1.9600000381469727, 2.0399999618530273, 2.109999895095825, 2.190000057220459, 2.259999990463257, 2.3399999141693115, 2.4200000762939453, 2.490000009536743, 2.569999933242798, 2.640000104904175, 2.7200000286102295, 2.7899999618530273, 2.869999885559082], "MaxEnergy": [312.0, 335.0, 357.0, 380.0, 402.0, 425.0, 447.0, 470.0, 492.0, 515.0, 537.0, 560.0, 582.0, 605.0, 627.0, 650.0, 672.0, 695.0, 717.0, 740.0], "AbilityResistanceRating": [30.0], "BasicResistanceRating": [24.0, 26.5, 29.100000381469727, 31.600000381469727, 34.099998474121094, 36.70000076293945, 39.20000076293945, 41.70000076293945, 44.29999923706055, 46.79999923706055, 49.29999923706055, 51.79999923706055, 54.400001525878906, 56.900001525878906, 59.400001525878906, 62.0, 64.5, 67.0, 69.5999984741211, 72.0999984741211], "CriticallyWoundedThresholdPCT": [0.25], "Health": [693.0, 765.0, 837.0, 908.0, 980.0, 1052.0, 1124.0, 1195.0, 1267.0, 1339.0, 1411.0, 1482.0, 1554.0, 1626.0, 1698.0, 1770.0, 1841.0, 1913.0, 1985.0, 2057.0], "HealthRegenRate": [0.9599999785423279, 1.0700000524520874, 1.1699999570846558, 1.2699999809265137, 1.3799999952316284, 1.4800000190734863, 1.590000033378601, 1.690000057220459, 1.7899999618530273, 1.899999976158142, 2.0, 2.109999895095825, 2.2100000381469727, 2.309999942779541, 2.4200000762939453, 2.5199999809265137, 2.630000114440918, 2.7300000190734863, 2.8299999237060547, 2.940000057220459], "MaxHealth": [693.0, 765.0, 837.0, 908.0, 980.0, 1052.0, 1124.0, 1195.0, 1267.0, 1339.0, 1411.0, 1482.0, 1554.0, 1626.0, 1698.0, 1770.0, 1841.0, 1913.0, 1985.0, 2057.0], "MaxMoveSpeed": [695.0], "VisionRadius": [5000.0], "CXPBounty": [550.0], "CXPSpawnTime": [1.5], "GainXPFromKills": [1.0], "MaxCardLevel": [20.0], "MaxLevel": [20.0], "XPBounty": [55.0, 66.96094512939453, 78.8006591796875, 90.35697174072266, 101.83509063720703, 135.3509063720703, 148.71578979492188, 162.11434936523438, 175.35400390625, 182.0854949951172, 220.5879669189453, 228.08668518066406, 235.84031677246094, 243.85751342773438, 252.1472625732422, 297.96435546875, 308.0934143066406, 318.5668029785156, 329.396240234375, 340.59381103515625], "XPToLevel": [110.0, 133.92189025878906, 157.601318359375, 180.7139434814453, 203.67018127441406, 225.5848388671875, 247.8596649169922, 270.1905822753906, 292.2566833496094, 303.475830078125, 315.12567138671875, 325.8381042480469, 336.91473388671875, 348.3678894042969, 360.21038818359375, 372.4554443359375, 385.11676025390625, 398.2085266113281, 411.74530029296875, 425.74224853515625]}}