{"Stats": {"ActiveTime": [60.0], "AwardPlayerXP": [0.0], "BuilderXPRewardXP": [50.0, 65.0, 80.0, 95.0, 110.0, 125.0, 140.0, 155.0, 170.0, 185.0, 200.0, 215.0, 230.0, 245.0, 260.0, 275.0, 290.0, 305.0, 320.0, 335.0], "DeadZoneTime": [60.0], "GeyserTime": [60.0], "InitalSpawnDelay": [60.0], "MaxResourcePoints": [810000.0], "PlayerXPScalar": [0.009999999776482582], "ResourceGatheringScaler": [1.1260000467300415], "ResourcePoints": [810000.0], "GainXPFromKills": [0.0], "MaxLevel": [15.0], "XPBounty": [72.0], "XPToLevel": [1.0]}, "Abilities": {}}