{"Abilities": {"Alternate": {"Cooldown": [12.0, 11.0, 10.0, 9.0], "Cost": [-90.0, -90.0, -90.0, -90.0], "Air.DamageMod": [0.0, 0.0, 0.0, 0.0], "Range": [900.0, 900.0, 900.0, 900.0], "Stone.DamageMod": [0.5, 0.5, 0.5, 0.5], "Stone.Stun": [1.0, 1.2000000476837158, 1.399999976158142, 1.600000023841858], "ARC": [1.8799999952316284, 1.8799999952316284, 1.8799999952316284, 1.8799999952316284], "BasePower": [117.0, 170.0, 222.0, 275.0]}, "Primary": {"Cooldown": [14.0, 13.0, 12.0, 11.0], "Cost": [0.0, 0.0, 0.0, 0.0], "Air.Airwalk.Duration": [1.0, 1.0, 1.0, 1.0], "Air.Airwalk.Movespeed": [0.15000000596046448, 0.20000000298023224, 0.25, 0.30000001192092896], "Air.Cooldown": [0.0, 0.0, 0.0, 0.0], "Force": [1000.0, 1000.0, 1000.0, 1000.0], "Stone.ARC": [1.6100000143051147, 1.6100000143051147, 1.6100000143051147, 1.6100000143051147], "Stone.BasePower": [90.0, 135.0, 180.0, 225.0], "Stone.Slow.Duration": [2.5, 2.5, 2.5, 2.5], "Stone.Slow.Magnitude": [-0.3199999928474426, -0.3499999940395355, -0.3799999952316284, -0.4099999964237213], "ARC": [0.0, 0.0, 0.0, 0.0], "BasePower": [0.0, 0.0, 0.0, 0.0]}, "Secondary": {"Cooldown": [1.0, 1.0, 1.0, 1.0], "Cost": [0.0, 0.0, 0.0, 0.0], "Air.GravityModifier": [0.75, 0.75, 0.75, 0.75], "Gold.Bonus.Chance": [0.25, 0.25, 0.25, 0.25], "Gold.Bonus.Magnitude": [10.0, 15.0, 20.0, 25.0], "Heal.Bonus.Magnitude": [65.0, 90.0, 115.0, 140.0], "Stone.CleaveRating": [0.4000000059604645, 0.4000000059604645, 0.4000000059604645, 0.4000000059604645], "ARC": [0.0, 0.0, 0.0, 0.0], "BasePower": [0.0, 0.0, 0.0, 0.0]}, "Ultimate": {"Cooldown": [0.0, 0.0, 0.0], "Cost": [0.0, 0.0, 0.0], "Clone.Attack.Count": [1.0, 2.0, 3.0], "Clone.Attack.DamagePercent": [0.15000000596046448, 0.20000000298023224, 0.25], "Clone.Lifetime": [4.0, 4.0, 4.0], "ARC": [0.0, 0.0, 0.0], "BasePower": [0.0, 0.0, 0.0]}}, "Stats": {"AbilityPenetrationRating": [0.0], "AttackRating": [0.0], "AttackSpeedRating": [100.0, 101.80000305175781, 103.5999984741211, 105.4000015258789, 107.19999694824219, 109.0, 110.80000305175781, 112.5999984741211, 114.4000015258789, 116.19999694824219, 118.0, 119.80000305175781, 121.5999984741211, 123.4000015258789, 125.19999694824219, 127.0, 128.8000030517578, 130.60000610351562, 132.39999389648438, 134.1999969482422], "BaseAttackTime": [0.8500000238418579], "BasicPenetrationRating": [0.0], "CleaveRating": [0.10000000149011612], "CriticalDamageBonus": [1.0], "LeftClickARC": [1.0], "LeftClickBasePower": [61.599998474121094, 64.69999694824219, 67.9000015258789, 71.0999984741211, 74.30000305175781, 77.5, 80.69999694824219, 83.9000015258789, 87.0999984741211, 90.19999694824219, 93.4000015258789, 96.5999984741211, 99.80000305175781, 103.0, 106.19999694824219, 109.4000015258789, 112.5999984741211, 115.69999694824219, 118.9000015258789, 122.0999984741211], "Energy": [207.0, 219.0, 231.0, 243.0, 255.0, 267.0, 279.0, 291.0, 303.0, 315.0, 327.0, 339.0, 351.0, 363.0, 375.0, 387.0, 399.0, 411.0, 423.0, 435.0], "EnergyRegenRate": [1.090000033378601, 1.1299999952316284, 1.1699999570846558, 1.2100000381469727, 1.25, 1.2899999618530273, 1.3300000429153442, 1.3700000047683716, 1.409999966621399, 1.4500000476837158, 1.4900000095367432, 1.5299999713897705, 1.5700000524520874, 1.6100000143051147, 1.649999976158142, 1.690000057220459, 1.7300000190734863, 1.7699999809265137, 1.809999942779541, 1.850000023841858], "MaxEnergy": [207.0, 219.0, 231.0, 243.0, 255.0, 267.0, 279.0, 291.0, 303.0, 315.0, 327.0, 339.0, 351.0, 363.0, 375.0, 387.0, 399.0, 411.0, 423.0, 435.0], "AbilityResistanceRating": [30.0], "BasicResistanceRating": [16.100000381469727, 18.700000762939453, 21.299999237060547, 23.899999618530273, 26.5, 29.100000381469727, 31.700000762939453, 34.29999923706055, 36.900001525878906, 39.5, 42.099998474121094, 44.70000076293945, 47.29999923706055, 49.900001525878906, 52.5, 55.099998474121094, 57.70000076293945, 60.29999923706055, 62.900001525878906, 65.5], "CriticallyWoundedThresholdPCT": [0.25], "Health": [590.0, 654.0, 718.0, 782.0, 846.0, 910.0, 974.0, 1038.0, 1102.0, 1166.0, 1229.0, 1293.0, 1357.0, 1421.0, 1485.0, 1549.0, 1613.0, 1677.0, 1741.0, 1805.0], "HealthRegenRate": [0.9800000190734863, 1.090000033378601, 1.2000000476837158, 1.2999999523162842, 1.409999966621399, 1.5199999809265137, 1.6200000047683716, 1.7300000190734863, 1.840000033378601, 1.940000057220459, 2.049999952316284, 2.1600000858306885, 2.259999990463257, 2.369999885559082, 2.4800000190734863, 2.5799999237060547, 2.690000057220459, 2.799999952316284, 2.9000000953674316, 3.009999990463257], "MaxHealth": [590.0, 654.0, 718.0, 782.0, 846.0, 910.0, 974.0, 1038.0, 1102.0, 1166.0, 1229.0, 1293.0, 1357.0, 1421.0, 1485.0, 1549.0, 1613.0, 1677.0, 1741.0, 1805.0], "MaxMoveSpeed": [660.0], "VisionRadius": [5000.0], "CXPBounty": [550.0], "CXPSpawnTime": [1.5], "GainXPFromKills": [1.0], "MaxCardLevel": [20.0], "MaxLevel": [20.0], "XPBounty": [38.5, 51.10177230834961, 65.11422729492188, 80.37014770507812, 97.01132202148438, 114.57335662841797, 133.71376037597656, 154.2930450439453, 176.12310791015625, 192.4675750732422, 209.80735778808594, 227.22921752929688, 245.59310913085938, 264.94293212890625, 285.32452392578125, 306.7856750488281, 329.3761901855469, 353.1480712890625, 378.1555480957031, 404.45513916015625], "XPToLevel": [110.0, 133.92189025878906, 157.601318359375, 180.7139434814453, 203.67018127441406, 225.5848388671875, 247.8596649169922, 270.1905822753906, 292.2566833496094, 303.475830078125, 315.12567138671875, 325.8381042480469, 336.91473388671875, 348.3678894042969, 360.21038818359375, 372.4554443359375, 385.11676025390625, 398.2085266113281, 411.74530029296875, 425.74224853515625]}}