{"Abilities": {"Alternate": {"Cooldown": [12.0, 11.0, 10.0, 9.0], "Cost": [-90.0, -90.0, -90.0, -90.0], "Air.DamageMod": [0.0, 0.0, 0.0, 0.0], "Range": [900.0, 900.0, 900.0, 900.0], "Stone.DamageMod": [0.5, 0.5, 0.5, 0.5], "ARC": [1.8799999952316284, 1.8799999952316284, 1.8799999952316284, 1.8799999952316284], "BasePower": [88.0, 140.0, 193.0, 246.0]}, "Primary": {"Cooldown": [14.0, 13.0, 12.0, 11.0], "Cost": [0.0, 0.0, 0.0, 0.0], "Air.Airwalk.Duration": [1.0, 1.0, 1.0, 1.0], "Air.Airwalk.Movespeed": [100.0, 150.0, 200.0, 250.0], "Air.Cooldown": [0.0, 0.0, 0.0, 0.0], "Force": [1000.0, 1000.0, 1000.0, 1000.0], "Stone.ARC": [1.0700000524520874, 1.0700000524520874, 1.0700000524520874, 1.0700000524520874], "Stone.BasePower": [60.0, 90.0, 120.0, 150.0], "Stone.Slow.Duration": [2.0, 2.0, 2.0, 2.0], "Stone.Slow.Magnitude": [-125.0, -125.0, -125.0, -125.0], "ARC": [0.0, 0.0, 0.0, 0.0], "BasePower": [0.0, 0.0, 0.0, 0.0]}, "Secondary": {"Cooldown": [1.0, 1.0, 1.0, 1.0], "Cost": [0.0, 0.0, 0.0, 0.0], "Air.GravityModifier": [0.75, 0.75, 0.75, 0.75], "Gold.Bonus.Chance": [0.25, 0.25, 0.25, 0.25], "Gold.Bonus.Magnitude": [10.0, 15.0, 20.0, 25.0], "Heal.Bonus.Magnitude": [40.0, 60.0, 80.0, 100.0], "Stone.CleaveRating": [0.4000000059604645, 0.4000000059604645, 0.4000000059604645, 0.4000000059604645], "ARC": [0.0, 0.0, 0.0, 0.0], "BasePower": [0.0, 0.0, 0.0, 0.0]}, "Ultimate": {"Cooldown": [0.0, 0.0, 0.0], "Cost": [0.0, 0.0, 0.0], "Clone.Attack.Count": [1.0, 2.0, 3.0], "Clone.Attack.DamagePercent": [0.15000000596046448, 0.20000000298023224, 0.25], "Clone.Lifetime": [4.0, 4.0, 4.0], "ARC": [0.0, 0.0, 0.0], "BasePower": [0.0, 0.0, 0.0]}}, "Stats": {"AbilityPenetrationRating": [0.0], "AttackRating": [0.0], "AttackSpeedRating": [100.0, 101.80000305175781, 103.5999984741211, 105.4000015258789, 107.19999694824219, 109.0, 110.80000305175781, 112.5999984741211, 114.4000015258789, 116.19999694824219, 118.0, 119.80000305175781, 121.5999984741211, 123.4000015258789, 125.19999694824219, 127.0, 128.8000030517578, 130.60000610351562, 132.39999389648438, 134.1999969482422], "BaseAttackTime": [0.8500000238418579], "BasicPenetrationRating": [0.0], "CleaveRating": [0.10000000149011612], "CriticalDamageBonus": [1.0], "LeftClickARC": [1.0], "LeftClickBasePower": [56.400001525878906, 59.29999923706055, 62.099998474121094, 64.9000015258789, 67.80000305175781, 70.5999984741211, 73.4000015258789, 76.30000305175781, 79.0999984741211, 81.9000015258789, 84.80000305175781, 87.5999984741211, 90.5, 93.30000305175781, 96.0999984741211, 99.0, 101.80000305175781, 104.5999984741211, 107.5, 110.30000305175781], "Energy": [207.0, 219.0, 231.0, 243.0, 255.0, 267.0, 279.0, 291.0, 303.0, 315.0, 327.0, 339.0, 351.0, 363.0, 375.0, 387.0, 399.0, 411.0, 423.0, 435.0], "EnergyRegenRate": [1.090000033378601, 1.1299999952316284, 1.1699999570846558, 1.2100000381469727, 1.25, 1.2899999618530273, 1.3300000429153442, 1.3700000047683716, 1.409999966621399, 1.4500000476837158, 1.4900000095367432, 1.5299999713897705, 1.5700000524520874, 1.6100000143051147, 1.649999976158142, 1.690000057220459, 1.7300000190734863, 1.7699999809265137, 1.809999942779541, 1.850000023841858], "MaxEnergy": [207.0, 219.0, 231.0, 243.0, 255.0, 267.0, 279.0, 291.0, 303.0, 315.0, 327.0, 339.0, 351.0, 363.0, 375.0, 387.0, 399.0, 411.0, 423.0, 435.0], "AbilityResistanceRating": [25.0], "BasicResistanceRating": [22.700000762939453, 24.899999618530273, 27.200000762939453, 29.5, 31.799999237060547, 34.0, 36.29999923706055, 38.599998474121094, 40.79999923706055, 43.099998474121094, 45.400001525878906, 47.599998474121094, 49.900001525878906, 52.20000076293945, 54.400001525878906, 56.70000076293945, 59.0, 61.20000076293945, 63.5, 65.80000305175781], "CriticallyWoundedThresholdPCT": [0.25], "Health": [590.0, 648.0, 707.0, 765.0, 824.0, 882.0, 941.0, 999.0, 1058.0, 1116.0, 1175.0, 1233.0, 1292.0, 1350.0, 1409.0, 1467.0, 1526.0, 1584.0, 1643.0, 1701.0], "HealthRegenRate": [0.9800000190734863, 1.0800000429153442, 1.1799999475479126, 1.2799999713897705, 1.3700000047683716, 1.4700000286102295, 1.5700000524520874, 1.6699999570846558, 1.7599999904632568, 1.8600000143051147, 1.9600000381469727, 2.059999942779541, 2.1500000953674316, 2.25, 2.3499999046325684, 2.450000047683716, 2.5399999618530273, 2.640000104904175, 2.740000009536743, 2.8399999141693115], "MaxHealth": [590.0, 648.0, 707.0, 765.0, 824.0, 882.0, 941.0, 999.0, 1058.0, 1116.0, 1175.0, 1233.0, 1292.0, 1350.0, 1409.0, 1467.0, 1526.0, 1584.0, 1643.0, 1701.0], "MaxMoveSpeed": [700.0], "VisionRadius": [5000.0], "CXPBounty": [550.0], "CXPSpawnTime": [1.5], "GainXPFromKills": [1.0], "MaxCardLevel": [20.0], "MaxLevel": [20.0], "XPBounty": [55.0, 66.96094512939453, 78.8006591796875, 90.35697174072266, 101.83509063720703, 135.3509063720703, 148.71578979492188, 162.11434936523438, 175.35400390625, 182.0854949951172, 220.5879669189453, 228.08668518066406, 235.84031677246094, 243.85751342773438, 252.1472625732422, 297.96435546875, 308.0934143066406, 318.5668029785156, 329.396240234375, 340.59381103515625], "XPToLevel": [110.0, 133.92189025878906, 157.601318359375, 180.7139434814453, 203.67018127441406, 225.5848388671875, 247.8596649169922, 270.1905822753906, 292.2566833496094, 303.475830078125, 315.12567138671875, 325.8381042480469, 336.91473388671875, 348.3678894042969, 360.21038818359375, 372.4554443359375, 385.11676025390625, 398.2085266113281, 411.74530029296875, 425.74224853515625]}}