{"Abilities": {"Alternate": {"Cooldown": [12.0, 11.0, 10.0, 9.0], "Cost": [-90.0, -90.0, -90.0, -90.0], "Air.DamageMod": [0.0, 0.0, 0.0, 0.0], "Range": [900.0, 900.0, 900.0, 900.0], "Stone.DamageMod": [0.5, 0.5, 0.5, 0.5], "ARC": [1.8803571462631226, 1.8803571462631226, 1.8803571462631226, 1.8803571462631226], "BasePower": [87.75, 140.39999389648438, 193.0500030517578, 245.6999969482422]}, "Primary": {"Cooldown": [14.0, 13.0, 12.0, 11.0], "Cost": [0.0, 0.0, 0.0, 0.0], "Air.Airwalk.Duration": [1.0, 1.0, 1.0, 1.0], "Air.Airwalk.Movespeed": [100.0, 150.0, 200.0, 250.0], "Air.Cooldown": [0.0, 0.0, 0.0, 0.0], "Force": [1000.0, 1000.0, 1000.0, 1000.0], "Stone.ARC": [1.0714285373687744, 1.0714285373687744, 1.0714285373687744, 1.0714285373687744], "Stone.BasePower": [60.0, 90.0, 120.0, 150.0], "Stone.Slow.Duration": [2.0, 2.0, 2.0, 2.0], "Stone.Slow.Magnitude": [-125.0, -125.0, -125.0, -125.0], "ARC": [0.0, 0.0, 0.0, 0.0], "BasePower": [0.0, 0.0, 0.0, 0.0]}, "Secondary": {"Cooldown": [1.0, 1.0, 1.0, 1.0], "Cost": [0.0, 0.0, 0.0, 0.0], "Air.GravityModifier": [0.75, 0.75, 0.75, 0.75], "Gold.Bonus.Chance": [0.25, 0.25, 0.25, 0.25], "Gold.Bonus.Magnitude": [10.0, 15.0, 20.0, 25.0], "Heal.Bonus.Magnitude": [40.0, 60.0, 80.0, 100.0], "Stone.CleaveRating": [0.4000000059604645, 0.4000000059604645, 0.4000000059604645, 0.4000000059604645], "ARC": [0.0, 0.0, 0.0, 0.0], "BasePower": [0.0, 0.0, 0.0, 0.0]}, "Ultimate": {"Cooldown": [0.0, 0.0, 0.0], "Cost": [0.0, 0.0, 0.0], "Clone.Attack.Count": [1.0, 2.0, 3.0], "Clone.Attack.DamagePercent": [0.15000000596046448, 0.20000000298023224, 0.25], "Clone.Lifetime": [4.0, 4.0, 4.0], "ARC": [0.0, 0.0, 0.0], "BasePower": [0.0, 0.0, 0.0]}}, "Stats": {"AbilityPenetrationRating": [0.0], "AttackRating": [0.0], "AttackSpeedRating": [100.0, 101.80000305175781, 103.5999984741211, 105.4000015258789, 107.19999694824219, 109.0, 110.80000305175781, 112.5999984741211, 114.4000015258789, 116.19999694824219, 118.0, 119.80000305175781, 121.5999984741211, 123.4000015258789, 125.19999694824219, 127.0, 128.8000030517578, 130.60000610351562, 132.39999389648438, 134.1999969482422], "BaseAttackTime": [0.8500000238418579], "BasicPenetrationRating": [0.0], "CleaveRating": [0.10000000149011612], "CriticalDamageBonus": [1.0], "LeftClickARC": [1.0], "LeftClickBasePower": [56.43000030517578, 59.26499938964844, 62.099998474121094, 64.93499755859375, 67.7699966430664, 70.6050033569336, 73.44000244140625, 76.2750015258789, 79.11000061035156, 81.94499969482422, 84.77999877929688, 87.61499786376953, 90.44999694824219, 93.28500366210938, 96.12000274658203, 98.95500183105469, 101.79000091552734, 104.625, 107.45999908447266, 110.29499816894531], "Energy": [207.0, 219.0, 231.0, 243.0, 255.0, 267.0, 279.0, 291.0, 303.0, 315.0, 327.0, 339.0, 351.0, 363.0, 375.0, 387.0, 399.0, 411.0, 423.0, 435.0], "EnergyRegenRate": [1.090000033378601, 1.1299999952316284, 1.1699999570846558, 1.2100000381469727, 1.25, 1.2899999618530273, 1.3300000429153442, 1.3700000047683716, 1.409999966621399, 1.4500000476837158, 1.4900000095367432, 1.5299999713897705, 1.5700000524520874, 1.6100000143051147, 1.649999976158142, 1.690000057220459, 1.7300000190734863, 1.7699999809265137, 1.809999942779541, 1.850000023841858], "MaxEnergy": [207.0, 219.0, 231.0, 243.0, 255.0, 267.0, 279.0, 291.0, 303.0, 315.0, 327.0, 339.0, 351.0, 363.0, 375.0, 387.0, 399.0, 411.0, 423.0, 435.0], "AbilityResistanceRating": [25.0], "BasicResistanceRating": [22.68000030517578, 24.947999954223633, 27.215999603271484, 29.483999252319336, 31.75200080871582, 34.02000045776367, 36.28799819946289, 38.555999755859375, 40.82400131225586, 43.09199905395508, 45.36000061035156, 47.62799835205078, 49.895999908447266, 52.16400146484375, 54.43199920654297, 56.70000076293945, 58.96799850463867, 61.236000061035156, 63.50400161743164, 65.77200317382812], "CriticallyWoundedThresholdPCT": [0.25], "Health": [589.8740234375, 648.3740234375, 706.8740234375, 765.3740234375, 823.8740234375, 882.3740234375, 940.8740234375, 999.3740234375, 1057.8740234375, 1116.3740234375, 1174.8740234375, 1233.3740234375, 1291.8740234375, 1350.3740234375, 1408.8740234375, 1467.3740234375, 1525.8740234375, 1584.3740234375, 1642.8740234375, 1701.3740234375], "HealthRegenRate": [0.9831233620643616, 1.0806233882904053, 1.1781233549118042, 1.2756233215332031, 1.373123288154602, 1.4706233739852905, 1.5681233406066895, 1.6656233072280884, 1.7631232738494873, 1.8606233596801758, 1.9581233263015747, 2.0556232929229736, 2.153123378753662, 2.2506232261657715, 2.34812331199646, 2.4456233978271484, 2.543123245239258, 2.6406233310699463, 2.7381234169006348, 2.835623264312744], "MaxHealth": [589.8740234375, 648.3740234375, 706.8740234375, 765.3740234375, 823.8740234375, 882.3740234375, 940.8740234375, 999.3740234375, 1057.8740234375, 1116.3740234375, 1174.8740234375, 1233.3740234375, 1291.8740234375, 1350.3740234375, 1408.8740234375, 1467.3740234375, 1525.8740234375, 1584.3740234375, 1642.8740234375, 1701.3740234375], "MaxMoveSpeed": [700.0], "VisionRadius": [5000.0], "CXPBounty": [455.0], "CXPSpawnTime": [1.5], "GainXPFromKills": [1.0], "MaxCardLevel": [20.0], "MaxLevel": [20.0], "XPBounty": [55.0, 66.96094512939453, 78.8006591796875, 90.35697174072266, 101.83509063720703, 135.3509063720703, 148.71578979492188, 162.11434936523438, 175.35400390625, 182.0854949951172, 220.5879669189453, 228.08668518066406, 235.84031677246094, 243.85751342773438, 252.1472625732422, 297.96435546875, 308.0934143066406, 318.5668029785156, 329.396240234375, 340.59381103515625], "XPToLevel": [110.0, 133.92189025878906, 157.601318359375, 180.7139434814453, 203.67018127441406, 225.5848388671875, 247.8596649169922, 270.1905822753906, 292.2566833496094, 303.475830078125, 315.12567138671875, 325.8381042480469, 336.91473388671875, 348.3678894042969, 360.21038818359375, 372.4554443359375, 385.11676025390625, 398.2085266113281, 411.74530029296875, 425.74224853515625]}}