{"Abilities": {"Alternate": {"Cooldown": [12.0, 12.0, 12.0, 12.0], "Cost": [-55.0, -60.0, -65.0, -70.0], "Air.DamageMod": [0.0, 0.0, 0.0, 0.0], "Range": [900.0, 900.0, 900.0, 900.0], "Stone.DamageMod": [0.5, 0.5, 0.5, 0.5], "ARC": [0.75, 0.75, 0.75, 0.75], "BasePower": [75.0, 125.0, 175.0, 225.0]}, "Primary": {"Cooldown": [14.0, 12.0, 10.0, 8.0], "Cost": [0.0, 0.0, 0.0, 0.0], "Air.Airwalk.Duration": [1.0, 1.0, 1.0, 1.0], "Air.Airwalk.Movespeed": [250.0, 250.0, 250.0, 250.0], "Air.Cooldown": [11.199999809265137, 9.600000381469727, 8.0, 6.400000095367432], "Force": [1000.0, 1000.0, 1000.0, 1000.0], "Stone.ARC": [0.4000000059604645, 0.4000000059604645, 0.4000000059604645, 0.4000000059604645], "Stone.BasePower": [60.0, 100.0, 140.0, 180.0], "Stone.Slow.Duration": [2.0, 2.0, 2.0, 2.0], "Stone.Slow.Magnitude": [-200.0, -250.0, -300.0, -350.0], "ARC": [0.0, 0.0, 0.0, 0.0], "BasePower": [0.0, 0.0, 0.0, 0.0]}, "Secondary": {"Cooldown": [5.0, 5.0, 5.0, 5.0], "Cost": [0.0, 0.0, 0.0, 0.0], "Air.GravityModifier": [0.75, 0.75, 0.75, 0.75], "Gold.Bonus.Chance": [0.10000000149011612, 0.15000000596046448, 0.20000000298023224, 0.25], "Gold.Bonus.Magnitude": [100.0, 100.0, 100.0, 100.0], "Stone.CleaveRating": [0.4000000059604645, 0.4000000059604645, 0.4000000059604645, 0.4000000059604645], "ARC": [0.0, 0.0, 0.0, 0.0], "BasePower": [0.0, 0.0, 0.0, 0.0]}, "Ultimate": {"Cooldown": [0.0, 0.0, 0.0], "Cost": [0.0, 0.0, 0.0], "Clone.Attack.Count": [1.0, 2.0, 3.0], "Clone.Attack.DamagePercent": [0.20000000298023224, 0.30000001192092896, 0.4000000059604645], "Clone.Lifetime": [5.0, 5.0, 5.0], "ARC": [0.0, 0.0, 0.0], "BasePower": [0.0, 0.0, 0.0]}}, "Stats": {"AbilityPenetrationRating": [0.0], "AttackRating": [0.0], "AttackSpeedRating": [100.0, 101.9000015258789, 103.80000305175781, 105.69999694824219, 107.5999984741211, 109.5, 111.4000015258789, 113.30000305175781, 115.19999694824219, 117.0999984741211, 119.0, 120.9000015258789, 122.80000305175781, 124.69999694824219, 126.5999984741211, 128.5, 130.39999389648438, 132.3000030517578, 134.1999969482422, 136.10000610351562], "BaseAttackTime": [1.350000023841858], "BasicPenetrationRating": [0.0], "CleaveRating": [0.10000000149011612], "CriticalDamageBonus": [1.5], "LeftClickARC": [0.8999999761581421], "LeftClickBasePower": [61.0, 62.5, 64.0, 65.5, 67.0, 68.5, 70.0, 71.5, 73.0, 74.5, 76.0, 77.5, 79.0, 80.5, 82.0, 83.5, 85.0, 86.5, 88.0, 89.5], "Energy": [200.0, 236.0, 272.0, 308.0, 344.0, 380.0, 416.0, 452.0, 488.0, 524.0, 560.0, 596.0, 632.0, 668.0, 704.0, 740.0, 776.0, 812.0, 848.0, 884.0], "EnergyRegenRate": [0.699999988079071, 0.7900000214576721, 0.8799999952316284, 0.9700000286102295, 1.059999942779541, 1.149999976158142, 1.2400000095367432, 1.3300000429153442, 1.4199999570846558, 1.5099999904632568, 1.600000023841858, 1.690000057220459, 1.7799999713897705, 1.8700000047683716, 1.9600000381469727, 2.049999952316284, 2.140000104904175, 2.2300000190734863, 2.319999933242798, 2.4100000858306885], "MaxEnergy": [200.0, 236.0, 272.0, 308.0, 344.0, 380.0, 416.0, 452.0, 488.0, 524.0, 560.0, 596.0, 632.0, 668.0, 704.0, 740.0, 776.0, 812.0, 848.0, 884.0], "AbilityResistanceRating": [20.0, 20.75, 21.5, 22.25, 23.0, 23.75, 24.5, 25.25, 26.0, 26.75, 27.5, 28.25, 29.0, 29.75, 30.5, 31.25, 32.0, 32.75, 33.5, 34.25], "BasicResistanceRating": [14.0, 15.25, 16.5, 17.75, 19.0, 20.25, 21.5, 22.75, 24.0, 25.25, 26.5, 27.75, 29.0, 30.25, 31.5, 32.75, 34.0, 35.25, 36.5, 37.75], "CriticallyWoundedThresholdPCT": [0.25], "Health": [526.5, 597.5999755859375, 668.7000122070312, 739.7999877929688, 810.9000244140625, 882.0, 953.0999755859375, 1024.199951171875, 1095.300048828125, 1166.4000244140625, 1237.5, 1308.5999755859375, 1379.699951171875, 1450.800048828125, 1521.9000244140625, 1593.0, 1664.0999755859375, 1735.199951171875, 1806.300048828125, 1877.4000244140625], "HealthRegenRate": [2.0, 2.299999952316284, 2.5999999046325684, 2.9000000953674316, 3.200000047683716, 3.5, 3.799999952316284, 4.099999904632568, 4.400000095367432, 4.699999809265137, 5.0, 5.300000190734863, 5.599999904632568, 5.900000095367432, 6.199999809265137, 6.5, 6.800000190734863, 7.099999904632568, 7.400000095367432, 7.699999809265137], "MaxHealth": [526.5, 597.5999755859375, 668.7000122070312, 739.7999877929688, 810.9000244140625, 882.0, 953.0999755859375, 1024.199951171875, 1095.300048828125, 1166.4000244140625, 1237.5, 1308.5999755859375, 1379.699951171875, 1450.800048828125, 1521.9000244140625, 1593.0, 1664.0999755859375, 1735.199951171875, 1806.300048828125, 1877.4000244140625], "MaxMoveSpeed": [720.0], "VisionRadius": [5000.0], "CXPBounty": [675.0], "CXPSpawnTime": [1.5], "GainXPFromKills": [1.0], "MaxCardLevel": [20.0], "MaxLevel": [15.0], "XPBounty": [49.5, 65.25, 83.25, 101.25, 121.5, 144.0, 166.5, 189.0, 213.75, 238.5, 263.25, 285.75, 306.0, 324.0, 338.8500061035156, 551.4072875976562, 651.6632080078125, 770.1473999023438, 910.1741943359375, 1075.660400390625], "XPToLevel": [110.0, 145.0, 185.0, 225.0, 270.0, 320.0, 370.0, 420.0, 475.0, 530.0, 585.0, 635.0, 680.0, 720.0, 753.0, 1225.349609375, 1448.140380859375, 1711.438720703125, 2022.609375, 2390.3564453125]}}