{"Abilities": {"Alternate": {"Cooldown": [12.0, 11.0, 10.0, 9.0], "Cost": [-90.0, -90.0, -90.0, -90.0], "Air.DamageMod": [0.0, 0.0, 0.0, 0.0], "Range": [900.0, 900.0, 900.0, 900.0], "Stone.DamageMod": [0.5, 0.5, 0.5, 0.5], "ARC": [1.8803571462631226, 1.8803571462631226, 1.8803571462631226, 1.8803571462631226], "BasePower": [87.75, 140.39999389648438, 193.0500030517578, 245.6999969482422]}, "Primary": {"Cooldown": [12.0, 11.0, 10.0, 9.0], "Cost": [0.0, 0.0, 0.0, 0.0], "Air.Airwalk.Duration": [1.0, 1.0, 1.0, 1.0], "Air.Airwalk.Movespeed": [100.0, 150.0, 200.0, 250.0], "Air.Cooldown": [0.0, 0.0, 0.0, 0.0], "Force": [1000.0, 1000.0, 1000.0, 1000.0], "Stone.ARC": [1.0714285373687744, 1.0714285373687744, 1.0714285373687744, 1.0714285373687744], "Stone.BasePower": [60.0, 90.0, 120.0, 150.0], "Stone.Slow.Duration": [2.0, 2.0, 2.0, 2.0], "Stone.Slow.Magnitude": [-125.0, -125.0, -125.0, -125.0], "ARC": [0.0, 0.0, 0.0, 0.0], "BasePower": [0.0, 0.0, 0.0, 0.0]}, "Secondary": {"Cooldown": [1.0, 1.0, 1.0, 1.0], "Cost": [0.0, 0.0, 0.0, 0.0], "Air.GravityModifier": [0.75, 0.75, 0.75, 0.75], "Gold.Bonus.Chance": [0.25, 0.25, 0.25, 0.25], "Gold.Bonus.Magnitude": [20.0, 30.0, 40.0, 50.0], "Heal.Bonus.Magnitude": [40.0, 60.0, 80.0, 100.0], "Stone.CleaveRating": [0.4000000059604645, 0.4000000059604645, 0.4000000059604645, 0.4000000059604645], "ARC": [0.0, 0.0, 0.0, 0.0], "BasePower": [0.0, 0.0, 0.0, 0.0]}, "Ultimate": {"Cooldown": [0.0, 0.0, 0.0], "Cost": [0.0, 0.0, 0.0], "Clone.Attack.Count": [1.0, 2.0, 3.0], "Clone.Attack.DamagePercent": [0.15000000596046448, 0.20000000298023224, 0.25], "Clone.Lifetime": [4.0, 4.0, 4.0], "ARC": [0.0, 0.0, 0.0], "BasePower": [0.0, 0.0, 0.0]}}, "Stats": {"AbilityPenetrationRating": [0.0], "AttackRating": [0.0], "AttackSpeedRating": [100.0, 102.25, 104.5, 106.75, 109.0, 111.25, 113.5, 115.75, 118.0, 120.25, 122.5, 124.75, 127.0, 129.25, 131.5, 133.75, 136.0, 138.25, 140.5, 142.75], "BaseAttackTime": [0.8500000238418579], "BasicPenetrationRating": [0.0], "CleaveRating": [0.10000000149011612], "CriticalDamageBonus": [1.0], "LeftClickARC": [1.0], "LeftClickBasePower": [56.43000030517578, 59.66999816894531, 62.90999984741211, 66.1500015258789, 69.38999938964844, 72.62999725341797, 75.87000274658203, 79.11000061035156, 82.3499984741211, 85.58999633789062, 88.83000183105469, 92.06999969482422, 95.30999755859375, 98.55000305175781, 101.79000091552734, 105.02999877929688, 108.2699966430664, 111.51000213623047, 114.75, 117.98999786376953], "Energy": [207.0, 219.0, 231.0, 243.0, 255.0, 267.0, 279.0, 291.0, 303.0, 315.0, 327.0, 339.0, 351.0, 363.0, 375.0, 387.0, 399.0, 411.0, 423.0, 435.0], "EnergyRegenRate": [1.090000033378601, 1.1299999952316284, 1.1699999570846558, 1.2100000381469727, 1.25, 1.2899999618530273, 1.3300000429153442, 1.3700000047683716, 1.409999966621399, 1.4500000476837158, 1.4900000095367432, 1.5299999713897705, 1.5700000524520874, 1.6100000143051147, 1.649999976158142, 1.690000057220459, 1.7300000190734863, 1.7699999809265137, 1.809999942779541, 1.850000023841858], "MaxEnergy": [207.0, 219.0, 231.0, 243.0, 255.0, 267.0, 279.0, 291.0, 303.0, 315.0, 327.0, 339.0, 351.0, 363.0, 375.0, 387.0, 399.0, 411.0, 423.0, 435.0], "AbilityResistanceRating": [25.0], "BasicResistanceRating": [25.200000762939453, 28.440000534057617, 31.68000030517578, 34.91999816894531, 38.15999984741211, 41.400001525878906, 44.63999938964844, 47.880001068115234, 51.119998931884766, 54.36000061035156, 57.599998474121094, 60.84000015258789, 64.08000183105469, 67.31999969482422, 70.55999755859375, 73.80000305175781, 77.04000091552734, 80.27999877929688, 83.5199966430664, 86.76000213623047], "CriticallyWoundedThresholdPCT": [0.25], "Health": [672.1820068359375, 740.0419921875, 807.9019775390625, 875.7620239257812, 943.6220092773438, 1011.4819946289062, 1079.342041015625, 1147.2020263671875, 1215.06201171875, 1282.9219970703125, 1350.781982421875, 1418.6419677734375, 1486.501953125, 1554.362060546875, 1622.2220458984375, 1690.08203125, 1757.9420166015625, 1825.802001953125, 1893.6619873046875, 1961.52197265625], "HealthRegenRate": [1.1431666612625122, 1.2731666564941406, 1.403166651725769, 1.5331666469573975, 1.6631666421890259, 1.7931666374206543, 1.9231666326522827, 2.053166627883911, 2.183166742324829, 2.313166618347168, 2.443166732788086, 2.573166608810425, 2.7031667232513428, 2.8331665992736816, 2.9631667137145996, 3.0931665897369385, 3.2231667041778564, 3.3531665802001953, 3.4831666946411133, 3.613166570663452], "MaxHealth": [672.1820068359375, 740.0419921875, 807.9019775390625, 875.7620239257812, 943.6220092773438, 1011.4819946289062, 1079.342041015625, 1147.2020263671875, 1215.06201171875, 1282.9219970703125, 1350.781982421875, 1418.6419677734375, 1486.501953125, 1554.362060546875, 1622.2220458984375, 1690.08203125, 1757.9420166015625, 1825.802001953125, 1893.6619873046875, 1961.52197265625], "MaxMoveSpeed": [700.0], "VisionRadius": [5000.0], "CXPBounty": [455.0], "CXPSpawnTime": [1.5], "GainXPFromKills": [1.0], "MaxCardLevel": [20.0], "MaxLevel": [20.0], "XPBounty": [55.0, 66.96094512939453, 78.8006591796875, 90.35697174072266, 101.83509063720703, 135.3509063720703, 148.71578979492188, 162.11434936523438, 175.35400390625, 182.0854949951172, 220.5879669189453, 228.08668518066406, 235.84031677246094, 243.85751342773438, 252.1472625732422, 297.96435546875, 308.0934143066406, 318.5668029785156, 329.396240234375, 340.59381103515625], "XPToLevel": [110.0, 133.92189025878906, 157.601318359375, 180.7139434814453, 203.67018127441406, 225.5848388671875, 247.8596649169922, 270.1905822753906, 292.2566833496094, 303.475830078125, 315.12567138671875, 325.8381042480469, 336.91473388671875, 348.3678894042969, 360.21038818359375, 372.4554443359375, 385.11676025390625, 398.2085266113281, 411.74530029296875, 425.74224853515625]}}